target_support,observed_target,residual
Native footprints,0.2532763481140136,-0.0390619216442562
Native footprints,0.0932786613702774,0.1165974863755923
Native footprints,0.3868465423583984,-0.1898568891439403
Native footprints,0.2284395694732666,-0.0196090349353479
Native footprints,-0.0403625965118408,0.2571707572250811
Native footprints,0.5303223133087158,-0.3632916295435291
Native footprints,0.2357015609741211,-0.036132636490219
Native footprints,0.2901527881622314,-0.1134100869638142
Native footprints,0.1575543880462646,0.0422549622923911
Native footprints,0.353259801864624,-0.1188990660465275
Native footprints,0.5221421718597412,-0.2465912080601066
Native footprints,0.0953831523656845,0.1493399285899848
Native footprints,0.2954874038696289,-0.0437359923676242
Native footprints,0.4643182754516601,-0.2287894435935085
Native footprints,-0.0083301067352294,0.2492380299834657
Native footprints,0.1902692317962646,0.0489667839228371
Native footprints,0.5231819152832031,-0.2651070706758228
Native footprints,-0.027625560760498,0.2653300196136989
Native footprints,0.3471724987030029,-0.1255272937136554
Native footprints,0.3825199604034424,0.0204292221638805
Native footprints,-0.1219687461853027,0.4219706635904968
Native footprints,0.0974383205175399,0.2780884804587678
Native footprints,0.524989128112793,-0.0716062820849268
Native footprints,0.3574340343475342,0.1104854962740287
Native footprints,0.4037694931030273,-0.0082300157505973
Native footprints,0.5081799030303955,-0.1004336142404087
Native footprints,0.5823438167572021,-0.1385335884053671
Native footprints,0.5107743740081787,-0.0655415288801543
Native footprints,0.0885660648345947,0.2821672494968574
Native footprints,0.5239500999450684,-0.0581616110952982
Native footprints,0.5905630588531494,-0.0747711455118048
Native footprints,0.2884259223937988,0.2108924948081726
Native footprints,0.9608235359191896,-0.4582368853514869
Native footprints,0.404360294342041,0.1049214095441454
Native footprints,0.6198277473449707,-0.0799367463051705
Native footprints,0.6300637722015381,-0.1235087760317048
Native footprints,0.3303611278533935,0.1637845138935627
Native footprints,0.273904800415039,0.2187412318413323
Native footprints,0.8100354671478271,-0.2565064490655834
Native footprints,0.4470539093017578,0.0696739409725095
Native footprints,0.2943522930145263,0.2023337708892117
Native footprints,0.6154489517211914,-0.1297368342442592
Native footprints,0.5289008617401123,0.0012532909492051
Native footprints,-0.0793864727020263,0.580729951664541
Native footprints,0.6299123764038086,-0.1426412024719495
Native footprints,0.2919731140136719,0.2089520889912741
Native footprints,0.1467235088348388,0.3523065077692256
Native footprints,0.4540698528289795,0.0371473970991731
Native footprints,0.6532917022705078,-0.2044260586729314
Native footprints,0.6135575771331787,-0.2331682721385532
Native footprints,0.2757117748260498,0.1344624224647814
Native footprints,0.4003310203552246,0.053484733313384
Native footprints,0.6907413005828857,-0.255510238496274
Native footprints,0.3819773197174072,0.0269180930035297
Native footprints,0.4420449733734131,-0.0146360643255039
Native footprints,0.3616676330566406,0.0408591938594823
Native footprints,0.417823314666748,-0.0247993211934888
Native footprints,0.689967155456543,-0.2690977192301399
Native footprints,0.0884120464324951,0.2589104827974421
Native footprints,0.1743018627166748,0.1741653119835346
Native footprints,0.5084810256958008,-0.0772976025048307
Native footprints,0.258434534072876,0.0333855730919074
Native footprints,0.416471004486084,-0.0164427905356188
Native footprints,0.4194040298461914,0.0176771272906399
Native footprints,0.4764184951782226,-0.0730550549981859
Native footprints,-0.170195072889328,0.5667330629266197
Native footprints,0.579291820526123,-0.2184388800075666
Native footprints,0.4887714385986328,-0.0588830267289177
Native footprints,0.5139350891113281,-0.0374276806982916
Native footprints,0.3981037139892578,0.0633679988827566
Native footprints,0.2147295475006103,0.259860036813049
Native footprints,0.3366162776947021,0.1087164739157071
Native footprints,0.2921178340911865,0.1195680583991825
Native footprints,0.2047624588012695,0.2152241378581943
Native footprints,0.3508820533752441,0.0197411399025506
Native footprints,0.5708894729614258,-0.165110884826038
Native footprints,0.3006563186645508,0.1330942134009398
Native footprints,0.3337423801422119,0.0688595070018496
Native footprints,0.645646333694458,-0.2295504150861888
Native footprints,0.3916945457458496,0.001625087480933
Native footprints,0.4619917869567871,-0.0129651334955206
Native footprints,0.534947395324707,-0.1303978992503209
Native footprints,0.5873706340789795,-0.1387314901639116
Native footprints,0.4343118667602539,0.0011640689674013
Native footprints,0.0207672119140625,0.3799717582855096
Native footprints,0.3178446292877197,0.0856851887739429
Native footprints,0.408867597579956,0.0159899999033584
Native footprints,0.5699846744537354,-0.194504682593829
Native footprints,0.423367977142334,-0.0541327079076682
Native footprints,0.451763391494751,-0.0839938672260913
Native footprints,0.7437052726745605,-0.4670205221380785
Native footprints,0.4675586223602295,-0.184805557605076
Native footprints,-0.1240863800048828,0.4670015824630821
Native footprints,0.252786636352539,0.0791479326622255
Native footprints,0.3420777320861816,0.0039719327307849
Native footprints,0.1760087013244629,0.2290521674756952
Native footprints,0.5946624279022217,-0.1460366886947996
Native footprints,0.4205565452575683,0.0720985359433236
Native footprints,0.6989932060241699,-0.153573146510349
Native footprints,0.5360167026519775,-0.0667291249908426
Native footprints,0.2700023651123047,0.0875731397240591
Native footprints,0.2870299816131592,0.1557423481393584
Native footprints,0.0252938270568847,0.4164690392541817
Native footprints,0.1786997318267822,0.1617594643909764
Native footprints,0.5648267269134521,-0.168549591873459
Native footprints,0.5547583103179932,-0.1059534326834516
Native footprints,0.0744755268096923,0.3140150068075282
Native footprints,0.4973926544189453,-0.0738336571603058
Native footprints,0.3070225715637207,0.2042546853215552
Native footprints,0.4774949550628662,0.0216202749916328
Native footprints,0.229992389678955,0.1878700976204504
Native footprints,0.4966559410095215,0.001765495732548
Native footprints,0.4117391109466553,0.1420928473935049
Native footprints,0.4299569129943847,0.0821399021949627
Native footprints,0.4333112239837646,0.0928177127876892
Native footprints,0.5205707550048828,0.023370124160898
Native footprints,0.5442807674407959,0.0114800577784953
Native footprints,0.4731318950653076,-0.010275386937761
Native footprints,0.3210172653198242,0.1906170414441624
Native footprints,0.2903027534484863,0.2829413074211229
Native footprints,0.5767269134521484,-0.0811492685662119
Native footprints,0.6882307529449463,-0.1467880573033885
Native footprints,0.641737699508667,-0.1235812816268984
Native footprints,0.4493489265441894,0.0737002403026673
Native footprints,0.5522787570953369,-0.0941153076656615
Native footprints,0.5982406139373779,-0.1724989192372078
Native footprints,0.5955090522766113,-0.1137307410406905
Native footprints,0.5403804779052734,-0.1355339003811181
Native footprints,0.0825965255498886,0.3146032337385461
Native footprints,0.4937210083007812,-0.1121154638138122
Native footprints,0.588939905166626,-0.17866853141396
Native footprints,0.3385913372039795,0.0667355398906957
Native footprints,0.4720053672790527,-0.0756579878900692
Native footprints,0.4239556789398193,-0.0546968517750118
Native footprints,0.3838939666748047,-0.0590239239844578
Native footprints,0.4936771392822265,-0.2369426427418687
Native footprints,0.4706583023071289,-0.1772534642244906
Native footprints,0.6241340637207031,-0.2952167809017613
Native footprints,0.2861137390136719,-0.0259850907439999
Native footprints,0.0458865165710449,0.2261233038309953
Native footprints,0.202566385269165,0.1209336472207646
Native footprints,0.5927057266235352,-0.3346059130641556
Native footprints,0.4523749351501465,-0.2681734650529018
Native footprints,0.1417930126190185,0.0623155372729513
Native footprints,0.3507242202758789,-0.1763753176586218
Native footprints,0.3424952030181885,-0.0900684028366776
Native footprints,0.1865694522857666,0.0143426883204551
Native footprints,0.2396204471588134,-0.0621085703389521
Native footprints,0.3676130771636963,-0.1036391489373736
Native footprints,0.3423810005187988,-0.1199843957159722
Native footprints,0.2989470958709717,-0.0955148702273482
Native footprints,0.364837646484375,-0.1618355371121675
Native footprints,0.2801547050476074,-0.0829409447529208
Native footprints,0.1711823940277099,0.0374720848591039
Native footprints,0.1404135227203369,0.0142507507654604
Native footprints,0.3668735027313232,-0.1433175901006622
Native footprints,0.1488542556762695,0.059739687305421
Native footprints,0.1923849582672119,-0.0384551369954102
Native footprints,0.1860346794128418,-0.0551863690223642
Native footprints,0.0573170185089111,0.1337494256802811
Native footprints,0.2038731575012207,-0.0213543463061766
Native footprints,0.0672798156738281,0.0858122420445021
Native footprints,0.0662555694580078,0.0003133641469442
Native footprints,0.2467005252838134,-0.0873174879628288
Native footprints,0.0447926521301269,0.0385135620155704
Native footprints,-0.0177919864654541,0.0996238668164478
Native footprints,0.1989760398864746,-0.0502265092947984
Native footprints,0.1780433654785156,-0.0818866225215773
Native footprints,0.2417922019958496,-0.1739446985417206
Native footprints,0.0506412982940673,0.0392139744194503
Native footprints,0.0643517971038818,0.0258611236389165
Native footprints,0.1102945953607559,-0.0241536996522224
Native footprints,-0.1022684574127197,0.2145112636488029
Native footprints,0.1907989978790283,-0.1015110939869515
Native footprints,0.1718542575836181,-0.0398408265687413
Native footprints,0.0280563831329345,0.1049169108376651
Native footprints,0.12579345703125,0.0093197589465279
Native footprints,0.1824214458465576,-0.0804183945555844
Native footprints,0.086101546883583,0.08530247643121
Native footprints,0.2375273704528808,-0.0860375587280706
Native footprints,0.2218472957611084,-0.112611484463605
Native footprints,0.1579091548919677,-0.0325954243653879
Native footprints,0.2662060260772705,-0.0880570422143833
Native footprints,0.0983729362487793,0.0505605793233527
Native footprints,0.2164607048034668,-0.0739703137994877
Native footprints,0.1903202533721923,-0.0611823008564648
Native footprints,0.3849899768829345,-0.2336749171477304
Native footprints,0.1585352420806884,0.012505013664377
Native footprints,0.2036223411560058,-0.0347017469847089
Native footprints,0.0583288669586181,0.0981837531372711
Native footprints,0.3010296821594238,-0.149784560029328
Native footprints,0.3071217536926269,-0.1443999625874271
Native footprints,0.1147480010986328,0.0455821693069694
Native footprints,0.4739823341369629,-0.3215646988549103
Native footprints,0.2665543556213379,-0.0799394093228994
Native footprints,0.3160946369171142,-0.1416448308998555
Native footprints,0.3186476230621338,-0.2503914140595562
Native footprints,0.2409868240356445,-0.0698691768091368
Native footprints,0.1487207412719726,0.003375963223481
Native footprints,0.3806238174438476,-0.23542740859836
Native footprints,-0.0142731666564941,0.178278343489819
Native footprints,0.2743368148803711,-0.10459627897515
Native footprints,0.0860078334808349,0.290435119448003
Native footprints,0.3836870193481445,0.0063291969896355
Native footprints,0.740847110748291,-0.3296122544620939
Native footprints,0.3541061878204345,0.0691101765219507
Native footprints,0.0677752494812011,0.3159686679563416
Native footprints,0.3650782108306885,0.0245126437658475
Native footprints,0.642322301864624,-0.1839699288779916
Native footprints,0.3692803382873535,0.0212590297412694
Native footprints,0.3386847972869873,0.0684417461636978
Native footprints,0.3156142234802246,0.1188935058581159
Native footprints,0.4381453990936279,-0.0580901381865591
Native footprints,0.3317821025848388,0.0411943684072967
Native footprints,0.3637013435363769,0.0382807369196065
Native footprints,0.4095122814178467,-0.0046069010915016
Native footprints,0.5786144733428955,-0.2296226439068211
Native footprints,0.2983307838439941,0.0760205745762832
Native footprints,0.2345542907714843,0.1202458567688325
Native footprints,0.5679900646209717,-0.2114480719464119
Native footprints,0.374955415725708,0.0063274035229521
Native footprints,0.284416913986206,0.1045512812041488
Native footprints,0.3852882385253906,-0.0420888992092448
Native footprints,0.5661277770996094,-0.243486719502595
Native footprints,0.3343322277069092,0.0348104048753762
Native footprints,0.5078656673431396,-0.1358891814064996
Native footprints,0.2162971496582031,0.1188385371608991
Native footprints,0.1466329097747802,0.2102776970228436
Native footprints,0.3476784229278564,-0.0026180071305135
Native footprints,0.361011266708374,-0.0278484951898658
Native footprints,0.1314764022827148,0.1848287377329242
Native footprints,0.4581105709075928,-0.0505877757100704
Native footprints,0.127826452255249,0.1342072288939183
Native footprints,0.1912224292755127,0.1340917172072717
Native footprints,0.6816036701202393,-0.2480283194857896
Native footprints,0.6607084274291992,-0.2101725940682278
Native footprints,0.1604282855987548,0.1324163768064766
Native footprints,0.1340034008026123,0.1782001747429201
Native footprints,0.2702512741088867,0.0846556816511613
Native footprints,0.3862850666046142,0.0465018295554041
Native footprints,0.2799992561340332,0.0808267522716789
Native footprints,0.3361246585845947,0.0147905470151219
Native footprints,0.3819417953491211,0.0435472344154012
Native footprints,0.7144577503204346,-0.2927805040806427
Native footprints,0.576059103012085,-0.0927388516298559
Native footprints,0.2047467231750488,0.2861443353089278
Native footprints,0.8434324264526367,-0.379127657760361
Native footprints,0.3418653011322021,0.0723023027359236
Native footprints,0.4639480113983154,-0.0101631161642413
Native footprints,0.4647655487060547,0.0286280183908819
Native footprints,0.0918519496917724,0.339288069239887
Native footprints,0.3553736209869385,0.0489621666248207
Native footprints,0.5037689208984375,-0.091291567843593
Native footprints,0.4360780715942383,-0.0235064868188268
Native footprints,0.4591083526611328,-0.0137089149307649
Native footprints,0.6950781345367432,-0.2474518895946054
Native footprints,0.5556495189666748,-0.1503902482236042
Native footprints,0.4103715419769287,-0.0374235981658241
Native footprints,0.4270856380462646,0.0119034046881653
Native footprints,0.3966519832611084,-0.0047240777015922
Native footprints,0.3414416313171386,0.0815044303163807
Native footprints,0.3833699226379394,-0.1102238001992188
Native footprints,0.2766757011413574,-0.0227337395544415
Native footprints,0.2806038856506347,-0.0367247491376602
Native footprints,0.3739323616027832,-0.1258338096202168
Native footprints,0.2672710418701172,-0.0305631478781269
Native footprints,0.3108901977539062,-0.0679424430272059
Native footprints,0.3352103233337402,-0.1049791116905996
Native footprints,0.4158270359039306,-0.1518772177467374
Native footprints,0.1719021797180175,0.0826106629077887
Native footprints,0.2070672512054443,0.0334305861468741
Native footprints,0.3689174652099609,-0.1232489996098016
Native footprints,0.2005581855773925,0.0634029207546602
Native footprints,0.1413137912750244,0.1200598997375158
Native footprints,0.4688661098480224,-0.2300119902620777
Native footprints,0.3054232597351074,-0.02370999539134
Native footprints,0.1813869476318359,0.0764585139005444
Native footprints,0.3376877307891845,-0.0856454954126046
Native footprints,0.5145585536956787,-0.2625679739888366
Native footprints,0.3150241374969482,-0.0410547758275715
Native footprints,0.2098162174224853,0.0689272753527893
Native footprints,0.2692959308624267,-0.0367229137261342
Native footprints,0.3731684684753418,-0.1312886885855942
Native footprints,0.5988872051239014,-0.3037329760075217
Native footprints,0.2888133525848388,-0.007203215534218
Native footprints,0.1992924213409423,0.083067244385477
Native footprints,0.3927845954895019,-0.1415246183609357
Native footprints,0.3321676254272461,-0.0593679395289171
Native footprints,0.5337386131286621,-0.2365466844037987
Native footprints,0.3849918842315674,-0.1172318776178304
Native footprints,0.3349087238311767,-0.0524308083382255
Native footprints,0.2593140602111816,-0.002910847063442
Native footprints,0.2328078746795654,0.1110652582478998
Native footprints,0.211655855178833,0.059508456386714
Native footprints,0.3750967979431152,-0.096418058801342
Native footprints,0.0349490642547607,0.2032281329322675
Native footprints,0.4176883697509765,-0.1323235035376873
Native footprints,0.4587178230285644,-0.2132196309573332
Native footprints,0.3013591766357422,-0.0559667498550431
Native footprints,0.2165367603302002,0.039247198268449
Native footprints,0.3242850303649902,-0.0180347707567473
Native footprints,0.4233927726745605,-0.1263851049996469
Native footprints,0.3598146438598633,-0.0623995589608057
Native footprints,0.290809154510498,-0.0144610860589582
Native footprints,0.3359260559082031,-0.060393251346386
Native footprints,0.3476936817169189,-0.0821071088794745
Native footprints,-0.0478632450103759,0.2875345763096945
Native footprints,0.4171230792999267,-0.0980858635499986
Native footprints,0.4733734130859375,-0.2113949151611516
Native footprints,0.4734961986541748,-0.1733592832664888
Native footprints,0.4257423877716064,-0.1427760746696491
Native footprints,0.2406671047210693,0.1140491483675058
Native footprints,0.2677891254425049,0.0883207571254056
Native footprints,0.2144942283630371,0.1326059729011875
Native footprints,0.0937166064977645,0.2285687815680082
Native footprints,0.3910093307495117,-0.0382559931109755
Native footprints,0.30153489112854,0.0853407279728316
Native footprints,0.423828125,-0.0866365793345964
Native footprints,0.3569858074188232,-0.0077743493631983
Native footprints,0.2489857673645019,0.1302764992586812
Native footprints,-0.0386979579925537,0.3936206497137511
Native footprints,0.1727602481842041,0.1242423275422674
Native footprints,0.2595076560974121,0.0749612922196578
Native footprints,0.2718739509582519,0.1026869748822446
Native footprints,0.233802318572998,0.0996563380941393
Native footprints,0.5214979648590088,-0.2008904965024587
Native footprints,0.3821022510528564,-0.0556755445098626
Native footprints,0.3753981590270996,-0.0738287190358338
Native footprints,0.2955625057220459,0.0612885314136831
Native footprints,0.3664259910583496,-0.0405800427072484
Native footprints,0.2664768695831299,0.0280238110181457
Native footprints,0.2286741733551025,0.0671523463275745
Native footprints,0.4913325309753418,-0.1557103790336904
Native footprints,0.2421212196350097,0.0945724193610439
Native footprints,0.3914225101470947,-0.0910130221458156
Native footprints,0.2086141109466552,0.1341057263330639
Native footprints,0.4032003879547119,-0.0804230747252892
Native footprints,0.0215444564819335,0.3271406290720869
Native footprints,0.3801250457763672,-0.0610201316516697
Native footprints,0.4118745326995849,-0.0469587081144488
Native footprints,0.3795771598815918,-0.0256589623509561
Native footprints,0.099332571029663,0.2740420535213784
Native footprints,0.197200059890747,0.1571949096557649
Native footprints,0.5067367553710938,-0.0877578123641768
Native footprints,0.4035155773162842,-0.0247891615806608
Native footprints,0.401111364364624,0.0344145706158061
Native footprints,0.5650670528411865,-0.1688822477096916
Native footprints,0.7631282806396484,-0.3682296219312171
Native footprints,0.5399143695831299,-0.0820741055075864
Native footprints,0.455057144165039,-0.0077916300281966
Native footprints,0.5082504749298096,-0.0696209666995349
Native footprints,0.4057331085205078,0.1635664714209944
Native footprints,0.6059434413909912,0.0143330454261715
Native footprints,0.6739284992218018,-0.058836720196666
Native footprints,0.7167055606842041,-0.1245033168818091
Native footprints,0.4678182601928711,0.1433420438447566
Native footprints,0.494642972946167,0.0831639031689932
Native footprints,0.808253288269043,-0.2075428280613438
Native footprints,0.4261131286621094,0.1459197846635983
Native footprints,0.6446623802185059,-0.0501166745059958
Native footprints,0.5684947967529297,0.0119055375362194
Native footprints,0.671501636505127,-0.0984427875915019
Native footprints,0.7158989906311035,-0.1422425432864611
Native footprints,0.5720229148864746,-0.0298696163677508
Native footprints,0.462839126586914,0.1181170276165167
Native footprints,0.5414941310882568,0.0640430668011124
Native footprints,0.6214148998260498,-0.0324347551095249
Native footprints,0.8405594825744629,-0.2782842148344411
Native footprints,0.7890903949737549,-0.1621584247988932
Native footprints,1.0754327774047852,-0.4682531500733466
Native footprints,0.6670997142791748,-0.0501266136766264
Native footprints,0.4528346061706543,0.0339556853773089
Native footprints,0.1887333393096923,0.2761956531825629
Native footprints,0.5232052803039551,-0.0422360367313396
Native footprints,0.7766373157501221,-0.3303980132706908
Native footprints,0.2538330554962158,0.1381282851464441
Native footprints,0.3429455757141113,0.0771902211695835
Native footprints,0.5619332790374756,-0.1707182462598526
Native footprints,0.4121325016021728,-0.0461264172370526
Native footprints,0.3233890533447265,0.0407906472722567
Native footprints,0.2208929061889648,0.1374210538690554
Native footprints,0.4328112602233886,-0.1215536828101103
Native footprints,0.4466173648834228,-0.144222599803103
Native footprints,0.3774697780609131,-0.0678104896450764
Native footprints,0.3377561569213867,-0.0377836869288698
Native footprints,0.2877089977264404,0.02482227230829
Native footprints,0.3027410507202148,0.0420766079688706
Native footprints,0.5449209213256836,-0.1751141882387515
Native footprints,0.4375660419464111,-0.1317435673560805
Native footprints,0.575225830078125,-0.2251979118316373
Native footprints,0.4632594585418701,-0.1380989600696064
Native footprints,0.6252169609069824,-0.2282240083438284
Native footprints,0.4295215606689453,-0.0280670183413179
Native footprints,0.3933095932006836,-0.0991142454596043
Native footprints,0.5122239589691162,-0.1940932327394335
Native footprints,0.68381667137146,-0.2344414341626275
Native footprints,0.3796215057373047,-0.0096486401638522
Native footprints,0.1572012901306152,0.150957867330037
Native footprints,0.2922439575195312,0.0144599762902693
Native footprints,0.6449732780456543,-0.2889313392476187
Native footprints,0.4325449466705322,-0.1402292947642908
Native footprints,0.1970629692077636,0.1279087897538722
Native footprints,0.468376874923706,-0.1101446007614767
Native footprints,0.5371701717376709,-0.1116578601125006
Native footprints,0.1523144245147705,0.2633230960361573
Native footprints,0.5006163120269775,-0.1448382036418964
Native footprints,0.4913201332092285,-0.1091277876758904
Native footprints,0.4059293270111084,0.0073319100343246
Native footprints,0.6288619041442871,-0.2276615604717178
Native footprints,0.4117403030395508,-0.0572558869770318
Native footprints,0.2907352447509765,0.1549798017596365
Native footprints,0.5181708335876465,-0.1111159761821973
Native footprints,0.4276864528656006,0.0051036334307911
Native footprints,0.3277287483215332,0.032594568210269
Native footprints,0.1488046646118164,0.2493964294051949
Native footprints,0.3560492992401123,0.1084260190505853
Native footprints,0.7616667747497559,-0.3035735696690708
Native footprints,0.7510695457458496,-0.3345888169375439
Native footprints,0.1660969257354736,0.2285637303948721
Native footprints,0.5832066535949707,-0.1380093294084881
Native footprints,0.6879756450653076,-0.2579906702215219
Native footprints,0.6163630485534668,-0.1889042016015592
Native footprints,0.3015265464782715,0.1404779726630771
Native footprints,0.4398112297058105,-0.0393643410307301
Native footprints,0.2694649696350097,0.1730243582119249
Native footprints,0.2964694499969482,0.1266900747040925
Native footprints,0.4303908348083496,0.0159840484669494
Native footprints,0.4539799690246582,0.0112024552629499
Native footprints,0.5341615676879883,-0.0776996265720655
Native footprints,0.6072273254394531,-0.1584880603212829
Native footprints,0.5711467266082764,-0.1061723360214771
Native footprints,0.7948079109191895,-0.343610308307075
Native footprints,0.5672352313995361,-0.0612917598329654
Native footprints,0.683892011642456,-0.2015354268400874
Native footprints,0.4398231506347656,0.0168310575464283
Native footprints,0.4760887622833252,-0.038266419904287
Native footprints,0.6582684516906738,-0.1795422420811889
Native footprints,0.673210620880127,-0.206842386093275
Native footprints,0.4061877727508545,0.0455362023628643
Native footprints,0.8087177276611328,-0.32232328909296
Native footprints,0.3206048011779785,0.1308058964089987
Native footprints,0.6253037452697754,-0.1434188098604527
Native footprints,0.5857505798339844,-0.1461520983546898
Native footprints,0.3023204803466797,0.1427723668735753
Native footprints,0.5148000717163086,-0.0015668931415043
Native footprints,0.3273301124572754,0.1469021765825676
Native footprints,0.7318916320800781,-0.1718525272402289
Native footprints,0.6052589416503906,-0.034825452274488
Native footprints,0.4238369464874267,-0.014609115421508
Native footprints,0.5376489162445068,-0.016856586835473
Native footprints,0.6110324859619141,-0.0313045956110032
Native footprints,0.894904375076294,-0.3891834768705415
Native footprints,0.5343630313873291,0.0300202416589431
Native footprints,0.482823371887207,0.1061621715216418
Native footprints,0.7324173450469971,-0.1540006620943137
Native footprints,0.6117558479309082,-0.0902847556596656
Native footprints,0.3735616207122803,0.0601485131839438
Native footprints,0.4380924701690674,0.0046820067906245
Native footprints,0.5114626884460449,-0.0292024825714176
Native footprints,0.2620131969451904,0.2102927405153544
Native footprints,0.2073895931243896,0.1980951957207669
Native footprints,0.5627169609069824,-0.1072390234903002
Native footprints,0.570960283279419,-0.1723094413825402
Native footprints,0.4245738983154297,0.0395039105785143
Native footprints,0.5471789836883545,-0.125388733002414
Native footprints,0.3654205799102783,0.079445767627468
Native footprints,0.2796156406402588,0.1492626022770765
Native footprints,0.187666654586792,0.2190888207897726
Native footprints,0.3645265102386474,0.0495324142720666
Native footprints,0.8471763134002686,-0.3757568044100829
Native footprints,0.2661991119384765,0.2234402474603911
Native footprints,0.520371675491333,-0.1228184552276076
Native footprints,0.2381644248962402,0.1656631494517321
Native footprints,0.327369213104248,0.1554745423315985
Native footprints,0.4235382080078125,0.0322811046752073
Native footprints,0.5069718360900879,-0.1117206673124002
Native footprints,0.6603474617004395,-0.2392440719151939
Native footprints,0.728402853012085,-0.2814384079954783
Native footprints,0.2682416439056396,0.1082244375119051
Native footprints,0.297482967376709,0.1111182166125618
Native footprints,0.3078978061676025,0.0803286823159461
Native footprints,0.1561310291290283,0.2114836201535823
Native footprints,0.3636658191680908,0.0232427442262134
Native footprints,0.5530011653900146,0.0024097264086295
Native footprints,0.5937747955322266,-0.0038047269595375
Native footprints,0.4893479347229004,0.1021271420326976
Native footprints,0.3996984958648681,0.0907117722583772
Native footprints,0.4208581447601318,0.1132718994308148
Native footprints,0.8574051856994629,-0.262740770104598
Native footprints,0.1976237297058105,0.3059506975108818
Native footprints,0.4047126770019531,0.0023781921352492
Native footprints,0.7694137096405029,-0.1978487647812565
Native footprints,0.7759804725646973,-0.1872608147528126
Native footprints,0.0824451446533203,0.4814756199675911
Native footprints,0.1178231239318847,0.4042031747658752
Native footprints,0.6874904632568359,-0.1001725636371609
Native footprints,0.4964637756347656,0.1153993399854239
Native footprints,0.1143133640289306,0.4488076579426899
Native footprints,0.5237181186676025,0.0566129528529789
Native footprints,0.4909639358520508,0.0864789579726643
Native footprints,0.7278614044189453,-0.1271883056160804
Native footprints,0.8382811546325684,-0.2685562436242102
Native footprints,0.348646879196167,0.281812645622314
Native footprints,0.0945756435394287,0.4725942136289736
Native footprints,0.8096880912780762,-0.1881275132218596
Native footprints,0.605191707611084,0.0020389619023283
Native footprints,0.8691442012786865,-0.2566293162579088
Native footprints,0.3561010360717773,0.2613557382839935
Native footprints,0.3939137458801269,0.1880852148247341
Native footprints,0.6272292137145996,-0.0409685375588114
Native footprints,0.7515130043029785,-0.1517198923489496
Native footprints,0.6168050765991211,-0.0155625998023878
Native footprints,0.7586400508880615,-0.1538452958908153
Native footprints,0.5687856674194336,-0.0201239999088439
Native footprints,0.52443528175354,0.0381485089830514
Native footprints,0.393420934677124,0.1576868312465158
Native footprints,0.5939886569976807,-0.0133526820583377
Native footprints,0.6928932666778564,-0.1117235573837397
Native footprints,0.4492778778076172,0.0612069982815371
Native footprints,0.739570140838623,-0.1545168699513752
Native footprints,0.8385443687438965,-0.2451787680944241
Native footprints,0.4079992771148681,0.1533053916335588
Native footprints,0.9461123943328856,-0.3360012770694349
Native footprints,0.7575500011444092,-0.2310000277204481
Native footprints,0.8794956207275391,-0.2926161808128719
Native footprints,0.6291341781616211,-0.0368048810432795
Native footprints,0.7776248455047607,-0.1903740614464791
Native footprints,0.5000593662261963,0.0259754615222435
Native footprints,0.604454517364502,-0.0296280261561533
Native footprints,0.5784177780151367,0.0344464269385238
Native footprints,0.6337680816650391,-0.024091681831235
Native footprints,0.4791250228881836,0.1362035010651212
Native footprints,0.7253789901733398,-0.1125558888998745
Native footprints,0.8340857028961182,-0.2352304910358571
Native footprints,0.7181963920593262,-0.1145553621512609
Native footprints,0.7753307819366455,-0.2108093514458962
Native footprints,0.829277515411377,-0.2078860145829484
Native footprints,0.7083933353424072,-0.1009414421412576
Native footprints,0.7545461654663086,-0.1739339325034365
Native footprints,0.414323091506958,0.162551344555535
Native footprints,0.5917680263519287,-0.0380088276605917
Native footprints,0.5058197975158691,0.0645351654262276
Native footprints,0.6610548496246338,-0.0567261612817802
Native footprints,0.6153059005737305,-0.0511543418559616
Native footprints,0.7287759780883789,-0.1542185626133679
Native footprints,0.6930491924285889,-0.1386417825656957
Native footprints,0.6935012340545654,-0.0592844647735831
Native footprints,0.600311279296875,-0.0044619734344125
Native footprints,0.7859411239624023,-0.2082114246079668
Native footprints,0.4808592796325683,0.1067351189223899
Native footprints,0.5831601619720459,0.0538500624940244
Native footprints,0.5759353637695312,-0.0434140685424042
Native footprints,0.87249755859375,-0.282899386303663
Native footprints,0.0150830745697021,0.3915028941376395
Native footprints,0.6180164813995361,-0.2352175498394366
Native footprints,0.2048079967498779,0.1977227258135471
Native footprints,0.5878386497497559,-0.1890844965134014
Native footprints,0.5393457412719727,-0.1674235796768444
Native footprints,0.3064982891082763,0.0679230682658856
Native footprints,0.2094788551330566,0.1470601621258472
Native footprints,0.6557934284210205,-0.1101515317316983
Native footprints,0.5843238830566406,-0.0394170060574958
Native footprints,0.6065337657928467,0.0063785366015198
Native footprints,0.7714951038360596,-0.1997925536713238
Native footprints,0.3682334423065185,0.1920134508390338
Native footprints,0.3808159828186035,0.2164020755943596
Native footprints,0.5191519260406494,0.0847998354199364
Native footprints,0.4880976676940918,0.075301325583446
Native footprints,0.5111846923828125,0.0346033984406966
Native footprints,0.5940690040588379,-0.0541211327033049
Native footprints,0.5493617057800293,-0.0745341495626725
Native footprints,0.2411541938781738,0.2722743192007222
Native footprints,0.5303494930267334,-0.0157373166557679
Native footprints,0.472790002822876,0.0361018909379964
Native footprints,0.2640566825866699,0.2072459263100649
Native footprints,0.5543432235717773,-0.0368452621072256
Native footprints,0.6504013538360596,-0.1200349343803609
Native footprints,0.7089824676513672,-0.1605712258460864
Native footprints,0.4584789276123047,0.0948223638119023
Native footprints,0.4000458717346191,0.1304787048666664
Native footprints,0.1949434280395507,0.3340656497380596
Native footprints,0.5014834403991699,-0.003266724523983
Native footprints,0.5148816108703613,0.0665534932305084
Native footprints,0.5601358413696289,-0.0063860903898591
Native footprints,0.2739078998565674,0.2429373719757501
Native footprints,0.527764081954956,0.0360082186270414
Native footprints,0.6260924339294434,-0.068921138991692
Native footprints,0.1770708560943603,0.3619830408913148
Native footprints,0.4716947078704834,0.054122024977816
Native footprints,0.3205413818359375,0.1686052855395752
Native footprints,0.0795185565948486,0.4488402241528075
Native footprints,0.6336004734039307,-0.0828484690346968
Native footprints,0.5052447319030762,0.0290716285218299
Native footprints,0.4264345169067383,0.0315862966177821
Native footprints,0.3692364692687988,0.1972626617271045
Native footprints,0.5861494541168213,0.0476254812764506
Native footprints,0.6138913631439209,-0.0411437365730277
Native footprints,0.5715057849884033,0.0147556887014781
Native footprints,0.5063450336456299,0.0357538485084174
Native footprints,0.7656679153442383,-0.1607808917872702
Native footprints,0.5434741973876953,0.0390552461867896
Native footprints,0.1744296550750732,0.390984584158782
Native footprints,0.6155891418457031,-0.0964755603543737
Native footprints,0.6638786792755127,-0.0552923245009752
Native footprints,0.585137128829956,-0.0281478557118155
Native footprints,0.5328559875488281,0.0197458051267432
Native footprints,0.323268175125122,0.1974747071701246
Native footprints,0.5760860443115234,-0.0527125264837828
Native footprints,0.3991200923919678,0.2281432838730648
Native footprints,0.925041437149048,-0.3120760067143096
Native footprints,0.4990363121032715,0.0912986589915088
Native footprints,0.5975430011749268,0.0002854162145471
Native footprints,0.7890613079071045,-0.177782171289569
Native footprints,1.0280637741088867,-0.4298263444270822
Native footprints,0.871065616607666,-0.2904638742855602
Native footprints,0.4822142124176025,0.119844509849276
Native footprints,0.8421156406402588,-0.219879980648418
Native footprints,0.4667215347290039,0.1340508263940937
Native footprints,0.7526769638061523,-0.1164232924507796
Native footprints,0.5320076942443848,0.0392790952626151
Native footprints,0.1579675674438476,0.3878057383245464
Native footprints,0.805457592010498,-0.2180777914754246
Native footprints,0.5311160087585449,0.0400182063415214
Native footprints,0.3286242485046386,0.2416407771312398
Native footprints,0.5560212135314941,0.009245297848764
Native footprints,0.6703722476959229,-0.1005348843804038
Native footprints,0.3680269718170166,0.2185354176211597
Native footprints,0.5514240264892578,-0.0083963238603513
Native footprints,0.3610966205596924,0.0523127124319962
Native footprints,0.321101427078247,0.1163050012711142
Native footprints,0.4237635135650635,-0.0041179547536671
Native footprints,0.5693621635437012,-0.1525847827270611
Native footprints,0.4759292602539062,-0.0726021692238929
Native footprints,0.4077353477478027,0.0102408495086801
Native footprints,0.509660005569458,-0.1097651638589098
Native footprints,0.5801935195922852,-0.1565701367928026
Native footprints,0.2730686664581299,0.1234106434745249
Native footprints,0.2541882991790771,0.2141451823113174
Native footprints,0.664423942565918,-0.187014093651879
Native footprints,0.7708139419555664,-0.2717912258558948
Native footprints,0.3225340843200683,0.1576657535731914
Native footprints,0.6520450115203857,-0.1842448962921063
Native footprints,0.3444819450378418,0.1413652624447469
Native footprints,0.187335729598999,0.2703422362885497
Native footprints,0.2255387306213379,0.2353640643726313
Native footprints,0.8574221134185791,-0.3433290703936016
Native footprints,0.4108004570007324,0.1117946675519082
Native footprints,0.0974855422973632,0.2915743999881139
Native footprints,0.7572205066680908,-0.3624354658935723
Native footprints,0.3538663387298584,0.1393191026431047
Native footprints,0.5470516681671143,-0.1016395312400293
Native footprints,0.0677249431610107,0.3916500832540009
Native footprints,0.3658864498138428,0.0949722660842752
Native footprints,0.0444922447204589,0.4484484457090134
Native footprints,0.1281378269195556,0.3280387196885041
Native footprints,0.775944709777832,-0.3041011580450952
Native footprints,0.4567668437957763,-0.0129833635104564
Native footprints,0.3191277980804443,0.1217989764313079
Native footprints,0.3477458953857422,0.1048540482319578
Native footprints,0.2742395401000976,0.1035768892350246
Native footprints,0.5353734493255615,-0.1898704021064148
Native footprints,0.4614748954772949,-0.0395096474066427
Native footprints,0.4855809211730957,-0.142668203340341
Native footprints,0.4504122734069824,-0.1100248245832361
Native footprints,0.181511640548706,0.2234304570203207
Native footprints,0.6138393878936768,-0.1904307871604083
Native footprints,0.4163436889648437,-0.0376154941147044
Native footprints,0.3406705856323242,0.0240099970696648
Native footprints,0.1924943923950195,0.1909462166919484
Native footprints,0.4377539157867431,-0.0002676420048832
Native footprints,0.2887651920318603,0.137282725085764
Native footprints,0.2831354141235351,0.1389379918399292
Native footprints,0.4390678405761719,-0.0195530773560833
Native footprints,0.4958996772766113,-0.0478507699393915
Native footprints,0.5431568622589111,-0.1392200870889275
Native footprints,0.3723266124725342,0.0409695320266765
Native footprints,0.6370651721954346,-0.2212945861484717
Native footprints,0.4336516857147217,-0.0007928581143616
Native footprints,0.6423840522766113,-0.2605246158784663
Native footprints,1.102379322052002,-0.6861737118315103
Native footprints,0.1579945087432861,0.2851447787153324
Native footprints,0.4244129657745361,0.032703658808854
Native footprints,0.6313471794128418,-0.2683483507186012
Native footprints,0.8267440795898438,-0.4394456140470608
Native footprints,0.368903636932373,0.0709171111638576
Native footprints,0.5069665908813477,-0.1101492798650576
Native footprints,0.4229488372802734,0.0052351828831976
Native footprints,0.5056004524230957,-0.1164616156111542
Native footprints,-0.1109519004821777,0.5418427513584448
Native footprints,0.0299239158630371,0.4186669772393836
Native footprints,0.3469059467315674,0.0780624159675567
Native footprints,0.4556746482849121,0.0182339339361994
Native footprints,0.2628319263458252,0.1942734100627054
Native footprints,0.3708784580230713,0.0624677549314841
Native footprints,0.2075569629669189,0.2272594427399323
Native footprints,0.6442127227783203,-0.2182520742951402
Native footprints,0.5213937759399414,-0.0646483114538363
Native footprints,0.26936936378479,0.1996412241508502
Native footprints,0.5797555446624756,-0.0996916249833538
Native footprints,0.5003399848937988,-0.0214840839709816
Native footprints,0.5340783596038818,-0.0546478046924249
Native footprints,0.3202664852142334,0.1808004948129978
Native footprints,0.0747108459472656,0.4300468764688376
Native footprints,0.2077043056488037,0.253715322112038
Native footprints,0.5532145500183105,-0.0785314088206247
Native footprints,0.3524651527404785,0.1075456923932544
Native footprints,0.6943879127502441,-0.1639898986746939
Native footprints,0.5614352226257324,-0.0583550825005816
Native footprints,0.2874586582183838,0.1724221275093583
Native footprints,0.1858129501342773,0.2523453074699979
Native footprints,0.2831583023071289,0.1734579923302432
Native footprints,0.4075703620910644,0.065995740585734
Native footprints,0.5264897346496582,-0.0869471419056738
Native footprints,0.4269404411315918,0.008524819908968
Native footprints,0.4333202838897705,0.0630856308264878
Native footprints,0.5471715927124023,-0.0581774383950467
Native footprints,0.2680685520172119,0.1996016878514058
Native footprints,0.3018903732299804,0.1605618771354073
Native footprints,0.5928535461425781,-0.1879869995917011
Native footprints,0.3962006568908691,-0.0185989482731844
Native footprints,0.3186602592468261,0.0993810904102049
Native footprints,0.3940455913543701,0.0403686117743322
Native footprints,0.3256974220275879,0.0398363994567221
Native footprints,0.4266941547393799,-0.0554664919676097
Native footprints,0.5271844863891602,-0.1297433810143254
Native footprints,0.348123550415039,0.0065004647882025
Native footprints,0.1723101139068603,0.1777165773640991
Native footprints,0.5895547866821289,-0.2274711590343842
Native footprints,0.3058547973632812,0.0458962239662557
Native footprints,0.5200567245483398,-0.1496980671944283
Native footprints,0.3773717880249023,0.0093707655804343
Native footprints,0.7127065658569336,-0.353548139891619
Native footprints,0.2774183750152588,0.0847471532489942
Native footprints,0.4558191299438476,-0.0993410933686961
Native footprints,0.300182580947876,0.0798004724493574
Native footprints,0.5570931434631348,-0.1745539932967466
Native footprints,0.0154042243957519,0.360726279214826
Native footprints,0.3329989910125732,0.0172342615885612
Native footprints,0.587712287902832,-0.2134967249991399
Native footprints,0.1082630306482315,0.219409516171724
Native footprints,0.3995094299316406,-0.0502295986647058
Native footprints,0.4200005531311035,-0.0361295823776139
Native footprints,0.4988269805908203,-0.1287324603937453
Native footprints,0.1886770725250244,0.1679612684028884
Native footprints,0.7887933254241943,-0.3901413792493403
Native footprints,0.1148490905761718,0.241461586536931
Native footprints,0.5819554328918457,-0.26658126055824
Native footprints,0.0557146072387695,0.2966950545543135
Native footprints,0.2812221050262451,0.0647523768652301
Native footprints,0.379220962524414,-0.0143544316811239
Native footprints,0.4806628227233886,-0.1396187579457179
Native footprints,-0.1252436637878418,0.432605287155154
Native footprints,0.45076584815979,-0.1368630342052321
Native footprints,0.3947651386260986,0.0009528636656866
Native footprints,0.6821868419647217,-0.3842403232900058
Native footprints,0.1162497997283935,0.259582242084946
Native footprints,0.5864889621734619,-0.1969594870277248
Native footprints,0.1244099140167236,0.2671534264389715
Native footprints,0.3843536376953125,0.0580443111491583
Native footprints,0.8234591484069824,-0.4094971549629973
Native footprints,0.2240283489227295,0.2241259862867522
Native footprints,0.7271285057067871,-0.2782485371699188
Native footprints,0.0912029892206192,0.3422373020825621
Native footprints,0.3349888324737549,0.124562755719767
Native footprints,-0.0322883129119873,0.4297336206780061
Native footprints,0.4563033580780029,-0.0176610893022348
Native footprints,0.5598382949829102,-0.0770475448898824
Native footprints,0.4906952381134033,0.0696461934965981
Native footprints,0.6735153198242188,-0.1724552722087218
Native footprints,0.5116071701049805,0.0170392137064894
Native footprints,0.9314982891082764,-0.4187043064237969
Native footprints,0.6349904537200928,-0.0925558710615256
Native footprints,0.4388573169708252,0.1133125803188143
Native footprints,0.505225658416748,-0.0370197210325114
Native footprints,0.7323894500732422,-0.2010940874451315
Native footprints,0.5055553913116455,0.0566760120532425
Native footprints,0.4625177383422851,0.0533022727386556
Native footprints,0.7739701271057129,-0.2522977494990667
Native footprints,0.4166920185089111,0.1146651836858214
Native footprints,0.5650622844696045,-0.0046839822449802
Native footprints,0.3192119598388672,0.1830211990791564
Native footprints,0.488325834274292,0.0213980715922632
Native footprints,0.3869240283966064,0.1229903040719277
Native footprints,0.9486231803894044,-0.4334922387651093
Native footprints,0.5837831497192383,-0.0664844490804686
Native footprints,0.4897139072418213,0.0118233111565986
Native footprints,0.3609519004821777,0.0696002744739137
Native footprints,0.6060023307800293,-0.1010081088308624
Native footprints,0.3372073173522949,0.2080088188287365
Native footprints,0.791865348815918,-0.3110298762502662
Native footprints,0.5904331207275391,-0.1427338707414724
Native footprints,0.6100695133209229,-0.1486902837293476
Native footprints,0.3896119594573974,0.1227657104303584
Native footprints,0.5937697887420654,-0.1420498626475897
Native footprints,0.4124128818511963,0.0541273749047114
Native footprints,0.4369661808013916,0.0371706495423562
Native footprints,0.2359521389007568,0.1931493215395491
Native footprints,0.2176072597503662,0.2216979745776848
Native footprints,0.5487353801727295,-0.0845676646469554
Native footprints,-0.1667661666870117,0.6158673589116173
Native footprints,0.6491184234619141,-0.2451085818992253
Native footprints,0.3057582378387451,0.1567665267803602
Native footprints,0.4669785499572754,-0.0314820623895224
Native footprints,0.8788559436798096,-0.463996877752758
Native footprints,0.1007473468780517,0.3126635811818236
Native footprints,0.4833424091339111,-0.0684311047237457
Native footprints,0.4301404953002929,-0.0133146182759002
Native footprints,0.669853687286377,-0.2847713235938803
Native footprints,0.3555788993835449,0.0367548283319284
Native footprints,0.5361847877502441,-0.1730027102608645
Native footprints,0.3467493057250976,0.0399115619844481
Native footprints,0.6309728622436523,-0.2468291961790168
Native footprints,0.5058367252349854,-0.1404048040682936
Native footprints,0.4203169345855713,-0.0108093837736076
Native footprints,0.6402359008789062,-0.2063963824132318
Native footprints,0.3725779056549072,0.0967335673546396
Native footprints,1.124561786651611,-0.6666049599008874
Native footprints,0.107415422797203,0.3166625237610951
Native footprints,0.606950044631958,-0.1890064235757492
Native footprints,0.6667892932891846,-0.2627919668768836
Native footprints,0.7855970859527588,-0.3621321056939688
Native footprints,0.2705624103546142,0.170390345363948
Native footprints,0.5275602340698242,-0.057413558818221
Native footprints,0.2113540172576904,0.2070348425433195
Native footprints,0.739539384841919,-0.3220777811219696
Native footprints,0.1963143348693847,0.2427790621337199
Native footprints,0.3900601863861084,0.0510588858653034
Native footprints,0.3132259845733642,0.1193627550388473
Native footprints,0.4410502910614013,-0.0551309766867207
Native footprints,0.3009486198425293,0.1285716993687212
Native footprints,0.5240151882171631,-0.0908689722737067
Native footprints,0.3633742332458496,0.0164790981636631
Native footprints,0.3785214424133301,0.0678068771406732
Native footprints,0.374382734298706,-0.0024742534807173
Native footprints,0.2662863731384277,0.1514192453396954
Native footprints,0.1313250064849853,0.2551557718914066
Native footprints,0.4136643409729004,-0.0371939958153949
Native footprints,0.4528114795684814,-0.0167964721425046
Native footprints,-0.2106688022613525,0.6139891449259607
Native footprints,0.905769109725952,-0.531463486818489
Native footprints,0.3645009994506836,0.0544815324596533
Native footprints,0.1199085712432861,0.2848510750646951
Native footprints,0.7983989715576172,-0.4181002480313622
Native footprints,0.3620994091033935,0.0062111806988208
Native footprints,0.2967011928558349,0.1074387081128446
Native footprints,0.1509113311767578,0.1793391525767547
Native footprints,0.3982059955596924,-0.0107609064412876
Native footprints,0.5109195709228516,-0.1245658458624063
Native footprints,0.0770759582519531,0.3246827206347306
Native footprints,0.4454398155212402,-0.11870777611805
Native footprints,0.3808846473693847,0.0163971352331111
Native footprints,0.3435065746307373,0.038622489639733
Native footprints,0.6787621974945068,-0.2965334721367572
Native footprints,0.3766689300537109,-0.0521929612286386
Native footprints,0.5697195529937744,-0.2479397708687909
Native footprints,0.521744966506958,-0.1640186663781765
Native footprints,0.296199083328247,0.0779005610624169
Native footprints,0.0594806671142578,0.2314797596466815
Native footprints,0.3155496120452881,-0.0252270285126915
Native footprints,0.3419368267059326,0.0158480615043211
Native footprints,0.673802375793457,-0.2870332888423226
Native footprints,0.2250678539276123,0.0700874181179662
Native footprints,0.3874356746673584,-0.0265056187368536
Native footprints,0.4626266956329345,-0.0848786701835102
Native footprints,0.4078390598297119,-0.0733525964369766
Native footprints,0.3299939632415771,0.0545964139384932
Native footprints,-0.1928033828735351,0.4892681138772134
Native footprints,0.6745755672454834,-0.3605495956222808
Native footprints,0.3982548713684082,-0.0439966482445158
Native footprints,0.3115055561065674,0.0660307240410751
Native footprints,0.5396029949188232,-0.227159146890478
Native footprints,0.2052505016326904,0.159937343427051
Native footprints,0.6299057006835938,-0.2469493481632241
Native footprints,0.5923874378204346,-0.2345428879251213
Native footprints,0.356142520904541,-0.0283741472958318
Native footprints,0.710268497467041,-0.3431031972972511
Native footprints,0.8151187896728516,-0.4179744896782922
Native footprints,0.5374903678894043,-0.2167312453575668
Native footprints,0.3859343528747558,-0.0652936028070029
Native footprints,0.5174593925476074,-0.1660799300824022
Native footprints,0.4748868942260742,-0.1053332248418366
Native footprints,0.5622248649597168,-0.2202967643139668
Native footprints,0.4478871822357178,-0.0747070026315102
Native footprints,0.4015038013458252,-0.0944044439976689
Native footprints,0.5833513736724854,-0.2436648652936203
Native footprints,0.6318268775939941,-0.0844956809974248
Native footprints,0.2547569274902344,0.304683474640622
Native footprints,0.5036196708679199,0.0989196577133606
Native footprints,0.3870692253112793,0.1804019156980763
Native footprints,0.6270227432250977,-0.0845754000210371
Native footprints,0.6668543815612793,-0.1175526622663961
Native footprints,0.5297729969024658,-0.0559292910124086
Native footprints,0.9795417785644532,-0.4612506387696865
Native footprints,0.7008309364318848,-0.1873299090992711
Native footprints,0.3796100616455078,0.1295527483119944
Native footprints,0.438995361328125,0.0737385609042483
Native footprints,0.3320608139038086,0.1333157792611396
Native footprints,0.0822401046752929,0.4677716653577685
Native footprints,0.378469705581665,0.1917847680646708
Native footprints,0.7864744663238525,-0.2853753395377819
Native footprints,0.7295324802398682,-0.1604491547352139
Native footprints,0.8921525478363037,-0.334216663098145
Native footprints,1.2161333560943604,-0.6385299738705545
Native footprints,0.5312304496765137,0.0625442246140657
Native footprints,0.8275647163391113,-0.2476641291826042
Native footprints,0.9282822608947754,-0.3719073344236123
Native footprints,0.6058354377746582,-0.0608394210033885
Native footprints,0.7772793769836426,-0.2103968774839483
Native footprints,0.5865423679351807,-0.0441737965600315
Native footprints,0.6947159767150879,-0.1680201772495985
Native footprints,0.6321699619293213,-0.1111767152775422
Native footprints,0.5836136341094971,-0.0532410797761573
Native footprints,0.4698526859283447,0.0382976238232741
Native footprints,0.4874885082244873,0.0293248622440965
Native footprints,0.5104472637176514,0.0310003398260192
Native footprints,0.7028915882110596,-0.1456503556682
Native footprints,0.6032266616821289,-0.0474528918710149
Native footprints,0.8290040493011475,-0.2699738864381498
Native footprints,0.7932033538818359,-0.2215646677933438
Native footprints,0.5320003032684326,0.0342893830048043
Native footprints,0.3757224082946777,0.1778569157842229
Native footprints,0.4002962112426758,0.0330510446410786
Native footprints,0.1560316085815429,0.4101866677159519
Native footprints,0.3753793239593506,0.1994436090199661
Native footprints,0.2180159091949463,0.2293118739499531
Native footprints,0.908297061920166,-0.4260578986758476
Native footprints,0.4323828220367431,0.0727721950553963
Native footprints,0.6197118759155273,-0.1211822812806456
Native footprints,0.7109274864196777,-0.2024446662999124
Native footprints,0.3961691856384277,0.1075121724955485
Native footprints,0.8970813751220703,-0.3622794391318729
Native footprints,0.6536123752593994,-0.1712309442025844
Native footprints,0.7519123554229736,-0.218340891841247
Native footprints,0.4729859828948974,0.066576802191105
Native footprints,0.581822395324707,-0.0959509244010478
Native footprints,0.6282682418823242,-0.101317231506966
Native footprints,0.7571132183074951,-0.2127281740005003
Native footprints,0.7227206230163574,-0.1972819826770775
Native footprints,0.8056995868682861,-0.3120454408435447
Native footprints,0.8320667743682861,-0.3318375732317202
Native footprints,0.643197774887085,-0.163472255058645
Native footprints,0.5873677730560303,-0.1399880888462873
Native footprints,0.4662971496582031,0.012568751115169
Native footprints,1.093841314315796,-0.6120055806251548
Native footprints,0.6883909702301025,-0.1424139251752483
Native footprints,0.6412115097045898,-0.1683071762789343
Native footprints,0.3604927062988281,0.0829801344571358
Native footprints,0.6728696823120117,-0.1962328279807484
Native footprints,0.402963638305664,0.058792088726744
Native footprints,0.2966597080230713,0.1302327976994002
Native footprints,0.6644887924194336,-0.2666336441526026
Native footprints,0.5640056133270264,-0.1066290539779837
Native footprints,0.7593836784362793,-0.2556575970442994
Native footprints,0.4910144805908203,-0.0292462077336361
Native footprints,0.2763094902038574,0.1843173579938161
Native footprints,0.8517634868621826,-0.3068701679426246
Native footprints,0.9654903411865234,-0.4617115611956068
Native footprints,0.5459730625152588,-0.0018094872911069
Native footprints,0.6576845645904541,-0.1555335516840444
Native footprints,0.7433462142944336,-0.2432483915625514
Native footprints,0.8347437381744385,-0.345583819463221
Native footprints,0.6426699161529541,-0.1510953096022086
Native footprints,0.4933915138244629,0.0217075264360984
Native footprints,0.5447516441345215,-0.0508263365180445
Native footprints,0.6291451454162598,-0.0817010057223183
Native footprints,0.5433833599090576,-0.0373366383517875
Native footprints,0.8499703407287598,-0.3397353382059264
Native footprints,0.7138643264770508,-0.1928372153006929
Native footprints,0.4724812507629394,0.0747416038944883
Native footprints,0.7068459987640381,-0.1466222341071925
Native footprints,0.8537516593933105,-0.3837115469663329
Native footprints,0.4119782447814941,0.0695279846310448
Native footprints,0.6676285266876221,-0.165497022692111
Native footprints,0.6454076766967773,-0.097406919554461
Native footprints,0.2640917301177978,0.2259459055375285
Native footprints,0.5664212703704834,-0.1116469727448446
Native footprints,0.4595222473144531,-0.0026846676405672
Native footprints,0.8186895847320557,-0.2631590014706341
Native footprints,0.2042322158813476,0.2120489453572938
Native footprints,0.659473180770874,-0.2024973209549583
Native footprints,0.2523918151855469,0.2342944595120119
Native footprints,0.5703773498535156,-0.0660129344429817
Native footprints,0.3760437965393066,0.1141266285425608
Native footprints,0.4209415912628174,0.0360988994890471
Native footprints,0.6593177318572998,-0.1996640899742185
Native footprints,0.7624344825744629,-0.2418426409667395
Native footprints,0.3578395843505859,0.1603802681659913
Native footprints,0.3326952457427978,0.1348990443406233
Native footprints,0.5564835071563721,-0.0509408884948693
Native footprints,0.9088046550750732,-0.4088034873404262
Native footprints,0.5052039623260498,-0.0151207445298501
Native footprints,0.2282955646514892,0.3170665816173998
Native footprints,0.3457682132720947,0.2166570522262514
Native footprints,0.7117514610290527,-0.1472454904299589
Native footprints,0.2402188777923584,0.3275785160099497
Native footprints,0.5352482795715332,0.0004054841791277
Native footprints,0.4479329586029053,0.0459427178534554
Native footprints,0.8957788944244385,-0.4145290415485201
Native footprints,0.6686286926269531,-0.2971080587734333
Native footprints,0.8355684280395508,-0.4057607511595922
Native footprints,0.2187628746032714,0.253125277689916
Native footprints,0.3911378383636474,0.094239192096529
Native footprints,0.3435537815093994,0.0644920733558011
Native footprints,0.2983133792877197,0.1953799072563717
Native footprints,0.6471092700958252,-0.2064363261464724
Native footprints,0.3915133476257324,0.0588920582365897
Native footprints,0.3561055660247803,0.1427037790305346
Native footprints,0.4837687015533447,-0.0321646632975089
Native footprints,0.4701333045959472,-0.0790588218650814
Native footprints,0.4837608337402344,-0.0615735337733633
Native footprints,0.4826679229736328,-0.0289912776555355
Native footprints,0.635150671005249,-0.1565088466377172
Native footprints,0.4085040092468261,0.0721019575462729
Native footprints,0.5315229892730713,-0.0572568970574259
Native footprints,0.9464480876922609,-0.4138754435392779
Native footprints,0.3576111793518066,0.1755629895538838
Native footprints,0.3860139846801758,0.0914329188948152
Native footprints,0.5253996849060059,-0.0406862641602646
Native footprints,0.6236786842346191,-0.0874289784699039
Native footprints,0.9490094184875488,-0.436973031842966
Native footprints,0.8226602077484131,-0.3827412402611487
Native footprints,0.1791615486145019,0.2809681290991386
Native footprints,0.5322399139404297,-0.0604463614604676
Native footprints,0.4855363368988037,-0.0227190306393836
Native footprints,0.8769879341125488,-0.4675249838610358
Native footprints,0.6120004653930664,-0.1907353295588139
Native footprints,0.1915884017944336,0.1630993241131106
Native footprints,0.794055700302124,-0.3388766234497269
Native footprints,-0.1692230999469757,0.6353336698729024
Native footprints,0.5156404972076416,-0.106782783309809
Native footprints,0.2809152603149414,0.1643544247533176
Native footprints,0.524808406829834,-0.0757977040504343
Native footprints,0.6748366355895996,-0.245907289141514
Native footprints,0.8962376117706299,-0.4307162968421286
Native footprints,0.3699047565460205,0.0788546002964242
Native footprints,0.1264688968658447,0.3165541346614755
Native footprints,0.4029157161712646,0.0581969223124175
Native footprints,0.6792891025543213,-0.1901294905869858
Native footprints,0.6216886043548584,-0.1657032205340946
Native footprints,0.4650309085845947,-0.0198273268229183
Native footprints,0.0223283767700195,0.421460287486907
Native footprints,0.4636871814727783,-0.0453949459946153
Native footprints,0.5953564643859863,-0.1896583351708613
Native footprints,0.3560488224029541,0.0299348468381813
Native footprints,0.3430461883544922,0.0115385022830701
Native footprints,0.4338476657867431,-0.0583554041715546
Native footprints,0.7360210418701172,-0.3500716972693835
Native footprints,0.262906551361084,0.2574160918157488
Native footprints,0.7133510112762451,-0.2422380621217841
Native footprints,0.936330795288086,-0.4720652898127132
Native footprints,0.3890707492828369,0.1361650720016289
Native footprints,0.6804287433624268,-0.1553556190330022
Native footprints,0.4944169521331787,-0.0018691392678409
Native footprints,0.2537486553192138,0.2503691380101487
Native footprints,0.5559945106506348,-0.1106812986255122
Native footprints,0.6657569408416748,-0.2381681878557174
Native footprints,0.2887485027313232,0.1559224489535549
Native footprints,0.2835390567779541,0.1399603094700141
Native footprints,0.5328168869018555,-0.0963510579924241
Native footprints,0.6686336994171143,-0.2206100984501639
Native footprints,0.3407011032104492,0.139566310360027
Native footprints,0.4018325805664062,0.0475721654038797
Native footprints,0.6153504848480225,-0.1661013807234905
Native footprints,0.7336642742156982,-0.2738037949329481
Native footprints,0.0195803642272949,0.4174187082466988
Native footprints,0.6761538982391357,-0.2633922549544038
Native footprints,0.6267077922821045,-0.2273917149282156
Native footprints,0.5515422821044922,-0.1197074269312043
Native footprints,-0.0623769760131835,0.5039449679359813
Native footprints,0.4304935932159424,-0.0315949329367524
Native footprints,0.4293155670166015,-0.0103985862738595
Native footprints,0.7650258541107178,-0.3512945627404253
Native footprints,0.6537744998931885,-0.2410868739071961
Native footprints,0.531423807144165,-0.1261402422856358
Native footprints,0.5205428600311279,-0.0667274437807894
Native footprints,0.6910495758056641,-0.2462643926991091
Native footprints,0.315732479095459,0.1179130545392045
Native footprints,0.4687330722808838,-0.0392350840242468
Native footprints,0.3653984069824219,0.1025086391631414
Native footprints,0.564617395401001,-0.0886122494204394
Native footprints,0.4335651397705078,0.037834400192956
Native footprints,0.3299305438995361,0.1594109671898572
Native footprints,0.3872079849243164,0.0985127520557014
Native footprints,0.5702774524688721,-0.0504901387149996
Native footprints,0.7238538265228271,-0.2013440381181739
Native footprints,0.5488264560699463,-0.0656963245458142
Native footprints,0.5819087028503418,-0.0808631335460778
Native footprints,0.3741354942321777,0.0972315922285648
Native footprints,0.8340582847595215,-0.3366858507452997
Native footprints,0.4245705604553222,0.081021137227309
Native footprints,0.4836184978485107,-0.0146856081381946
Native footprints,0.787459135055542,-0.3045376200455947
Native footprints,0.6441314220428467,-0.1448605194682053
Native footprints,0.4770147800445556,0.0114396890867143
Native footprints,0.1280484199523925,0.2719088441381534
Native footprints,0.3840487003326416,-0.0062639269661471
Native footprints,0.5889387130737305,-0.0867786818971884
Native footprints,0.6311795711517334,-0.2434190879738009
Native footprints,0.2420728206634521,0.1912396197896891
Native footprints,0.2160019874572754,0.3226051677385765
Native footprints,0.942206621170044,-0.4294332516744384
Native footprints,0.5662569999694824,-0.0768949677143795
Native footprints,0.4756951332092285,0.0318575167625967
Native footprints,0.5598945617675781,-0.0341997289380068
Native footprints,0.747814416885376,-0.2021198829458933
Native footprints,0.6690611839294434,-0.1272222978898248
Native footprints,0.5974268913269043,-0.0855035704772465
Native footprints,1.076749324798584,-0.5762640231948913
Native footprints,0.761972188949585,-0.2245988803449065
Native footprints,0.6912844181060791,-0.1559865999561533
Native footprints,0.620305061340332,-0.1043215557702565
Native footprints,0.5475313663482666,-0.0239413486885724
Native footprints,0.8491342067718506,-0.3488377673763385
Native footprints,0.2281937599182129,0.216778843700277
Native footprints,0.6091713905334473,-0.1039167430284166
Native footprints,0.6678676605224609,-0.1295811140321316
Native footprints,0.2373843193054199,0.3002807640798681
Native footprints,0.4616537094116211,0.0437371323770413
Native footprints,0.7613377571105957,-0.2764137260154363
Native footprints,0.7336430549621582,-0.1871045459055925
Native footprints,0.9804964065551758,-0.4131745271188275
Native footprints,0.3179419040679931,0.1833992436410179
Native footprints,0.3373374938964844,0.2166955657327502
Native footprints,0.5575723648071289,-0.0271085234944898
Native footprints,0.740654468536377,-0.2119186995576766
Native footprints,0.8477809429168701,-0.3191568287112373
Native footprints,0.7145290374755859,-0.1556449460492224
Native footprints,0.3432586193084717,0.150977603906855
Native footprints,0.5367658138275146,-0.0046924260169626
Native footprints,0.4717121124267578,0.0644977779820668
Native footprints,0.5019717216491699,0.0060755221580789
Native footprints,0.4632186889648437,0.0452749285395698
Native footprints,0.6015610694885254,-0.0627959411934157
Native footprints,0.815058708190918,-0.3101781655244403
Native footprints,0.3871328830718994,0.1738601952411372
Native footprints,1.0409517288208008,-0.5027396597450342
Native footprints,0.7534501552581787,-0.2262733813856288
Native footprints,0.4653646945953369,0.0759372056043581
Native footprints,0.0762369632720947,0.4746810508861067
Native footprints,-0.0829086303710937,0.6075539083338296
Native footprints,0.3151061534881592,0.1650766601196466
Native footprints,0.6760239601135254,-0.1909456981944692
Native footprints,0.5817146301269531,-0.1054078015383916
Native footprints,0.7098031044006348,-0.1948912392569026
Native footprints,0.5601341724395752,-0.0770501138465276
Native footprints,0.5219707489013672,-0.0323066659456059
Native footprints,0.562220573425293,-0.0296505059209194
Native footprints,0.8384828567504883,-0.2804178941867613
Native footprints,0.7295570373535156,-0.1972532848875412
Native footprints,0.4129114151000976,0.0963561172187378
Native footprints,0.4982740879058838,-0.0126822753794931
Native footprints,0.4446790218353271,0.0689903465397575
Native footprints,0.3810818195343017,0.1160445445377364
Native footprints,0.2301700115203857,0.2987139147533466
Native footprints,0.2847423553466797,0.2293305652796351
Native footprints,0.4279305934906006,0.1057952849613519
Native footprints,0.5887131690979004,-0.095077550403635
Native footprints,0.8209631443023682,-0.3370685763497696
Native footprints,0.5555541515350342,-0.0594209014555335
Native footprints,0.8278160095214844,-0.2722590462862061
Native footprints,0.4502179622650146,0.0701224107082009
Native footprints,0.6744945049285889,-0.1389079180880976
Native footprints,0.2880394458770752,0.2106302080143523
Native footprints,0.2797143459320068,0.1900180410324943
Native footprints,0.3958215713500976,0.1058680987577029
Native footprints,0.3441779613494873,0.1688016627324111
Native footprints,0.5577919483184814,-0.039085354609861
Native footprints,0.7903299331665039,-0.282915931429367
Native footprints,0.846491813659668,-0.3446536181641768
Native footprints,0.4298520088195801,0.0149585726804089
Native footprints,0.6948604583740234,-0.2424041015675128
Native footprints,0.661231517791748,-0.1995078761694027
Native footprints,1.0438313484191897,-0.6307012137089463
Native footprints,0.720304012298584,-0.2479855290132631
Native footprints,0.5347402095794678,-0.0718195306317955
Native footprints,0.7090141773223877,-0.249737431647186
Native footprints,0.6916749477386475,-0.1710486894673576
Native footprints,0.3967783451080322,0.0547996199178289
Native footprints,0.6661815643310547,-0.2012401793859644
Native footprints,0.1571528911590576,0.3268030562443398
Native footprints,0.6048095226287842,-0.0837976872977527
Native footprints,0.5810761451721191,-0.1679588937049221
Native footprints,0.4585628509521484,0.0200243423299896
Native footprints,0.7236084938049316,-0.2091330638565858
Native footprints,0.2342112064361572,0.2463218780105658
Native footprints,0.747086763381958,-0.1998855648426032
Native footprints,0.4939548969268799,0.0368513932556839
Native footprints,0.5159173011779785,-0.0220261034811858
Native footprints,0.2293457984924316,0.2926476172611721
Native footprints,0.3233833312988281,0.1851278319556389
Native footprints,0.7310695648193359,-0.1906075907174808
Native footprints,0.6509711742401123,-0.1174038210264052
Native footprints,0.587151050567627,-0.0902944984142433
Native footprints,0.6099135875701904,-0.0990132575671822
Native footprints,0.9174072742462158,-0.34881897201842
Native footprints,0.418170690536499,0.110802498206911
Native footprints,0.6621379852294922,-0.124703941336167
Native footprints,0.4940130710601806,0.0211286679487625
Native footprints,0.4887058734893799,0.0273968327532616
Native footprints,0.7513914108276367,-0.2668644290134078
Native footprints,0.5083279609680176,-0.011860942870454
Native footprints,0.7830185890197754,-0.3030799742164726
Native footprints,0.802793025970459,-0.2579293998586838
Native footprints,0.4194364547729492,0.0516236117362456
Native footprints,0.3168561458587646,0.2110687149933381
Native footprints,0.0248348712921142,0.531397603320223
Native footprints,0.724628210067749,-0.2034739228778918
Native footprints,0.713139533996582,-0.215039595517293
Native footprints,0.1638271808624267,0.3901635481110844
Native footprints,0.8581633567810059,-0.3864808762607354
Native footprints,0.6029312610626221,-0.0935656320503057
Native footprints,0.7682979106903076,-0.2377347457086596
Native footprints,0.5947847366333008,-0.1155059585946841
Native footprints,0.6169166564941406,-0.1383371318090539
Native footprints,0.8719213008880615,-0.3901985716435689
Native footprints,0.4065043926239013,0.085933759303602
Native footprints,0.7325866222381592,-0.2761834225756498
Native footprints,0.6752829551696777,-0.1846833033736521
Native footprints,0.5848398208618164,-0.0826394528647842
Native footprints,0.6092345714569092,-0.1266451680480616
Native footprints,0.740607738494873,-0.3029371729886752
Native footprints,0.2811362743377685,0.1970247903434203
Native footprints,0.3105082511901855,0.1891813874578474
Native footprints,0.3964476585388183,0.0373628419556137
Native footprints,0.5179469585418701,-0.0486837363449703
Native footprints,0.4451661109924316,-0.0134792904166229
Native footprints,0.6312212944030762,-0.1602251533189013
Native footprints,0.3138055801391601,0.1657449116301798
Native footprints,0.8653686046600342,-0.4209498884693689
Native footprints,0.4016788005828857,0.0488572474988031
Native footprints,0.4323468208312988,-0.0685176671227266
Native footprints,0.4014816284179687,-0.0949375695194946
Native footprints,0.0055093765258789,0.3174400813701523
Native footprints,0.2188217639923095,0.1388774813260747
Native footprints,-0.0335652828216552,0.3673055917212945
Native footprints,0.2758989334106445,0.0665778706913233
Native footprints,0.3532142639160156,0.0460527344167446
Native footprints,0.3762173652648926,-0.0093623058574119
Native footprints,0.37481689453125,-0.0064408762589935
Native footprints,0.4910197257995605,-0.0844317939313737
Native footprints,0.2798442840576172,0.1378570706805454
Native footprints,0.0918474197387695,0.2768459250794716
Native footprints,0.4296815395355224,0.0231228488795664
Native footprints,0.2731540203094482,0.2025214066722935
Native footprints,0.5306727886199951,-0.106777968159283
Native footprints,0.3212225437164306,0.0788213141720192
Native footprints,0.2960896492004394,0.1716767242008139
Native footprints,0.5604150295257568,-0.0865842682275223
Native footprints,0.1052930355072021,0.3293681271209417
Native footprints,0.440925121307373,0.0652979779820779
Native footprints,0.532292366027832,-0.0990522864564672
Native footprints,0.2535481452941894,0.1521637567212397
Native footprints,0.6335148811340332,-0.1838370104111664
Native footprints,0.6674869060516357,-0.1900812288543927
Native footprints,0.1608660221099853,0.3004255400800988
Native footprints,0.3117890357971191,0.0867646296379248
Native footprints,0.5442910194396973,-0.0755539243492962
Native footprints,0.452467679977417,-0.0339158164774836
Native footprints,0.2950105667114258,0.1127907212566132
Native footprints,0.0248053073883056,0.3792082151009677
Native footprints,0.5897352695465088,-0.2025430294100811
Native footprints,0.3537435531616211,-0.0146680172470309
Native footprints,0.3166801929473877,0.0116973433366922
Native footprints,0.3782813549041748,-0.0225354853010976
Native footprints,0.2815284729003906,0.0711133019882425
Native footprints,-0.0167508125305175,0.3550595194143612
Native footprints,0.4668941497802734,-0.1276719596156733
Native footprints,0.1767821311950683,0.1794454183259979
Native footprints,0.2550437450408935,0.0849567157012535
Native footprints,0.4774796962738037,-0.1445215535990135
Native footprints,0.3274807929992676,0.0659763535098398
Native footprints,0.3587729930877685,-0.0055176997606394
Native footprints,0.2957282066345215,0.0505527737439019
Native footprints,0.3071291446685791,0.0183915631443803
Native footprints,0.4121482372283935,-0.0605020609577425
Native footprints,0.5555291175842285,-0.1568435216055131
Native footprints,0.225377082824707,0.0893565162600055
Native footprints,0.1186969280242919,0.1928498781953748
Native footprints,0.4029388427734375,-0.0427040218516077
Native footprints,0.0003089904785156,0.3042799749389118
Native footprints,0.335590124130249,-0.0371981519900145
Native footprints,0.1863386631011963,0.0985138181315102
Native footprints,0.1353986263275146,0.1891637829235203
Native footprints,0.4612936973571777,-0.1206480315335185
Native footprints,0.2419281005859375,0.0694678489925352
Native footprints,0.03696870803833,0.2917273510928745
Native footprints,0.1612489223480224,0.1397950040245086
Native footprints,0.3105840682983398,-0.0062103757373377
Native footprints,0.1707141399383545,0.1280858015650116
Native footprints,0.0946147292852401,0.2220470925164511
Native footprints,0.1070451587438583,0.1821140986160489
Native footprints,0.1900572776794433,0.1000195119804633
Native footprints,0.3042595386505127,0.0182443124080589
Native footprints,0.0599033832550048,0.2816887714911197
Native footprints,0.4321660995483398,-0.1147546877220735
Native footprints,0.7437012195587158,-0.4045213600498392
Native footprints,0.3463454246520996,-0.0096555586057951
Native footprints,0.2877917289733886,0.0352987390852227
Native footprints,0.1693735122680664,0.1638882148267924
Native footprints,0.2998418807983398,0.0304720682643696
Native footprints,0.2985081672668457,-0.0139367247788769
Native footprints,0.1807801723480224,0.168524566522135
Native footprints,0.4966640472412109,-0.1719840630601846
Native footprints,0.2441706657409668,0.053098102326351
Native footprints,0.2615697383880615,0.0514741006735809
Native footprints,0.1515467166900634,0.1907808565132852
Native footprints,0.2182357311248779,0.1413940374896005
Native footprints,0.0680391788482666,0.3011832071433529
Native footprints,0.0921538025140762,0.1908230932518119
Native footprints,0.5253055095672607,-0.1308036854190425
Native footprints,0.3845682144165039,-0.0095667123382133
Native footprints,-0.0326242446899414,0.3711179181346636
Native footprints,0.3388826847076416,-0.0164247225338252
Native footprints,0.3496708869934082,0.0203421620285932
Native footprints,0.3307397365570068,0.019901147988989
Native footprints,0.4590506553649902,-0.1121316477118948
Native footprints,0.0525093078613281,0.2746968348859644
Native footprints,0.1772058010101318,0.1771403349103572
Native footprints,0.3118238449096679,0.0761121877919638
Native footprints,0.3841493129730224,-0.0398737934210789
Native footprints,0.1727426052093505,0.1645998891204116
Native footprints,0.1145474910736084,0.204865976722047
Native footprints,0.290590763092041,0.0466862107445145
Native footprints,0.3728032112121582,-0.0474643718468684
Native footprints,0.278270959854126,0.0643502899419011
Native footprints,0.4134204387664795,-0.0907499030823998
Native footprints,0.4375154972076416,-0.1293527508435693
Native footprints,0.3284194469451904,0.0166252328910031
Native footprints,0.3564896583557129,0.0140508981202566
Native footprints,0.2019205093383789,0.1162571180308697
Native footprints,0.1744389533996582,0.1500209727203826
Native footprints,0.3366255760192871,-0.0133258166099503
Native footprints,0.4086167812347412,-0.0533555362909209
Native footprints,0.3793816566467285,-0.0221400425259803
Native footprints,0.4168360233306885,-0.062273418252634
Native footprints,0.4268765449523926,-0.0844797703292525
Native footprints,0.4430139064788818,-0.0908276155807104
Native footprints,0.1885509490966797,0.1053794332790814
Native footprints,0.2495710849761963,0.0703615775142235
Native footprints,0.2461245059967041,0.035623082987465
Native footprints,0.388016939163208,-0.0863896166013987
Native footprints,0.3217918872833252,0.0394410782307077
Native footprints,0.2385499477386474,0.0986873334395703
Native footprints,0.5673301219940186,-0.2552848876404023
Native footprints,0.2198719978332519,0.0876595616447181
Native footprints,0.2390995025634765,0.0760234465307269
Native footprints,0.1830310821533203,0.1520725499301072
Native footprints,0.431483507156372,-0.1225355578030182
Native footprints,0.0873158127069473,0.230039587686456
Native footprints,0.2390763759613037,0.1156204602395374
Native footprints,0.2802629470825195,0.0538377245297565
Native footprints,0.0537638664245605,0.2847643463812809
Native footprints,0.316070556640625,0.0093043864795824
Native footprints,0.4081959724426269,-0.04975854797208
Native footprints,0.3478546142578125,-0.0252523904362662
Native footprints,0.3151724338531494,0.0404551859833959
Native footprints,0.3450233936309814,0.0553973604653479
Native footprints,0.2304279804229736,0.1110895435366472
Native footprints,0.3232834339141845,0.0100701936477375
Native footprints,0.3769330978393554,-0.0070800771006214
Native footprints,0.5445356369018555,-0.1716274164234768
Native footprints,0.1385676860809326,0.1943925117778672
Native footprints,0.2000582218170166,0.1743372463735001
Native footprints,0.5035841464996338,-0.1056631403213258
Native footprints,0.1679494380950927,0.2133481048599059
Native footprints,0.5645503997802734,-0.210453769333447
Native footprints,0.0896024703979492,0.2806452376938235
Native footprints,0.5277230739593506,-0.1694295737182633
Native footprints,0.5481562614440918,-0.1982828194166064
Native footprints,0.0340173244476318,0.3059472165859268
Native footprints,0.3585271835327148,-0.0560965294181947
Native footprints,0.416461706161499,-0.083759571930671
Native footprints,0.2978291511535644,0.0211165015475706
Native footprints,0.2845711708068847,0.0715786191400809
Native footprints,0.3892979621887207,-0.0754933982995846
Native footprints,0.3566823005676269,-0.0329299405603197
Native footprints,0.1059303432703018,0.2193232212957769
Native footprints,0.0473699569702148,0.2865854714139088
Native footprints,0.2255160808563232,0.0701250121496522
Native footprints,0.189763069152832,0.1174263788734834
Native footprints,0.4322366714477539,-0.146547024812146
Native footprints,0.1807470321655273,0.1109904688718189
Native footprints,0.2595815658569336,0.0823849697972377
Native footprints,0.207005500793457,0.1474244989043855
Native footprints,0.2467806339263916,0.0969856907813425
Native footprints,0.2263233661651611,0.0948910869851971
Native footprints,0.1366684436798095,0.2557296695765069
Native footprints,0.1264271736145019,0.2043048366850587
Native footprints,0.248218297958374,0.1188543962334238
Native footprints,0.240203857421875,0.100322454357277
Native footprints,0.5468051433563232,-0.2152142195126236
Native footprints,0.095592975616455,0.2677807247760435
Native footprints,0.2690575122833252,0.090045761131996
Native footprints,0.4099171161651611,-0.0401277141075651
Native footprints,0.427194595336914,-0.0509503204204823
Native footprints,0.3822154998779297,-0.0187117400794402
Native footprints,0.3593811988830566,0.0154868696065404
Native footprints,0.1334724426269531,0.2074220538338281
Native footprints,0.2864010334014892,0.0535141525414469
Native footprints,0.7596423625946045,-0.390263751943855
Native footprints,0.2801990509033203,0.0976553839987884
Native footprints,0.444225549697876,-0.0675960044655846
Native footprints,0.4185097217559814,-0.1295002781080693
Native footprints,0.3849852085113525,-0.0344715613276325
Native footprints,0.3349437713623047,0.0179134911034713
Native footprints,0.3980910778045654,-0.0784743308382728
Native footprints,0.3500053882598877,-0.0146867287151403
Native footprints,0.3276693820953369,-0.0101653949654667
Native footprints,0.0468080043792724,0.3220632825649481
Native footprints,0.1749773025512695,0.1626671811303747
Native footprints,0.2224256992340088,0.1405552769662962
Native footprints,0.2513244152069092,0.1333853773664448
Native footprints,0.2605104446411133,0.1033179728821419
Native footprints,0.0509145259857177,0.2602674390606342
Native footprints,0.3895769119262695,0.0189389972637903
Native footprints,0.4357526302337646,-0.0464002996799137
Native footprints,0.2589731216430664,0.1417960321544998
Native footprints,0.5564672946929932,-0.1876685526768782
Native footprints,0.617525577545166,-0.2323779080801801
Native footprints,0.3133535385131836,0.1105568645367367
Native footprints,0.5006322860717773,-0.0746598279491381
Native footprints,0.4475975036621094,-0.041858853580165
Native footprints,0.1146516799926757,0.3301216628000319
Native footprints,0.4252216815948486,0.0280546936315565
Native footprints,0.5262260437011719,-0.0942380926563509
Native footprints,0.4047324657440185,0.0149550556304427
Native footprints,0.4541933536529541,-0.0149024442641949
Native footprints,0.628913164138794,-0.2222082094796035
Native footprints,0.2605845928192138,0.1564068338783233
Native footprints,0.3431379795074463,0.0880551061158084
Native footprints,0.5213124752044678,-0.1498667482069455
Native footprints,0.554588794708252,-0.1698321009953319
Native footprints,0.5714597702026367,-0.18958156107891
Native footprints,0.3730807304382324,0.0175000480144678
Native footprints,0.3125650882720947,0.0839297122266038
Native footprints,0.415259838104248,-0.0523252109045213
Native footprints,0.2771790027618408,0.1310389967699683
Native footprints,0.2915096282958984,0.1133439123143794
Native footprints,0.327786922454834,0.0626242266310904
Native footprints,0.2452509403228759,0.1766604741964758
Native footprints,0.2976984977722168,-0.0010659471906668
Native footprints,0.3710229396820068,-0.0812853780812634
Native footprints,0.4226784706115722,-0.1362615342316147
Native footprints,0.4282410144805908,-0.1332375499822407
Native footprints,0.0837624222040176,0.1922158971720944
Native footprints,0.2987422943115234,-0.0512030591234941
Native footprints,0.1754665374755859,0.1752159415408164
Native footprints,0.5499856472015381,-0.2461998906392686
Native footprints,0.1309330463409423,0.1531782189751692
Native footprints,0.4230055809020996,-0.1085028986117971
Native footprints,0.3323972225189209,0.0369427997514662
Native footprints,0.2312848567962646,0.1444474625810192
Native footprints,0.4273931980133056,-0.0490524206862004
Native footprints,0.2365181446075439,0.1063879475573583
Native footprints,0.3916859626770019,0.014319984023764
Native footprints,0.5081882476806641,-0.1190416809228948
Native footprints,0.3639898300170898,-0.0251885231330558
Native footprints,0.2930648326873779,0.0794279338771469
Native footprints,0.4069321155548095,-0.024687715584687
Native footprints,0.1584267616271972,0.2282539830859056
Native footprints,0.4252185821533203,-0.0809167133019083
Native footprints,0.320789098739624,0.0200013808707528
Native footprints,0.4592740535736084,-0.0571960543057066
Native footprints,0.2234964370727539,0.1085418727229213
Native footprints,0.1695926189422607,0.1910906001863553
Native footprints,0.4855937957763672,-0.1220049145506078
Native footprints,0.4421610832214355,-0.0553015681738716
Native footprints,0.3144283294677734,-0.0140625217952988
Native footprints,0.1640703678131103,0.1913636659594708
Native footprints,0.3867213726043701,0.0480664445726737
Native footprints,0.2881646156311035,0.0434614610614795
Native footprints,0.2845673561096191,0.0507780515016432
Native footprints,0.2456700801849365,0.1388994997599307
Native footprints,0.475360631942749,-0.1242960727468603
Native footprints,0.2566280364990234,0.1306780976408108
Native footprints,0.3114378452301025,0.0497143546197856
Native footprints,0.4201865196228027,-0.054840333371145
Native footprints,0.470815896987915,-0.0701029693439292
Native footprints,0.1206560134887695,0.2173930346989155
Native footprints,0.5113914012908936,-0.1621436861084098
Native footprints,0.330759048461914,0.0704726751097893
Native footprints,0.234938383102417,0.0863799028520164
Native footprints,0.5659651756286621,-0.1574031628331295
Native footprints,0.3196871280670166,0.0239968052339978
Native footprints,0.3846280574798584,-0.050206838510836
Native footprints,0.4793200492858886,-0.1009714806641792
Native footprints,0.3619344234466553,-0.029171308532075
Native footprints,0.2033066749572754,0.1039990903491148
Native footprints,0.3547675609588623,-0.0550031246671542
Native footprints,0.2138478755950927,0.0789256222295022
Native footprints,0.8920323848724365,-0.5565543105321857
Native footprints,0.3655509948730469,-0.0757920838981125
Native footprints,0.4485392570495605,-0.1628243653924596
Native footprints,0.1390259265899658,0.1495600878031591
Native footprints,0.1474161148071289,0.137083672309992
Native footprints,0.2292263507843017,0.0473417757282234
Native footprints,0.3804106712341308,-0.1204860996691893
Native footprints,0.3617966175079345,-0.0606591956001534
Native footprints,0.2183268070220947,0.1104933300094006
Native footprints,0.0861966609954834,0.1044885925714805
Native footprints,0.3772995471954345,-0.1315847172575028
Native footprints,0.480710506439209,-0.1906237782775237
Native footprints,0.2340588569641113,-0.0360923625200586
Native footprints,0.149961233139038,0.0776736829492045
Native footprints,0.2543525695800781,-0.0005528144568823
Native footprints,0.7313463687896729,-0.4101123453796396
Native footprints,0.170910358428955,0.0548969622728165
Native footprints,0.1772205829620361,0.0895549598366372
Native footprints,0.1357309818267822,0.1602057816071049
Native footprints,0.3648357391357422,-0.1001570054916244
Native footprints,0.0704023838043212,0.1659447180335972
Native footprints,0.636420726776123,-0.3728033269639116
Native footprints,0.1076302379369735,0.1675858535666228
Native footprints,0.2505979537963867,0.0819173734102704
Native footprints,0.2510650157928467,0.0352716457131774
Native footprints,0.4130499362945556,-0.0790726063972534
Native footprints,0.4345316886901855,-0.077028667433151
Native footprints,0.4696135520935058,-0.1439094114390781
Native footprints,0.381122350692749,-0.0721775608013803
Native footprints,0.4461309909820556,-0.1353907984746375
Native footprints,0.4471290111541748,-0.0844818336463207
Native footprints,0.2496371269226074,0.0786502573345368
Native footprints,0.472874641418457,-0.1236526313732894
Native footprints,0.6048264503479004,-0.2079359502413523
Native footprints,0.3743796348571777,0.0216642521349016
Native footprints,0.5459170341491699,-0.1358873745755624
Native footprints,0.3381562232971191,0.0870745894674902
Native footprints,-0.0231659412384033,0.3940110637148641
Native footprints,0.4380178451538086,-0.0020457511969311
Native footprints,0.3923776149749756,0.0396441085712594
Native footprints,0.4019181728363037,0.0061677121055048
Native footprints,0.6020910739898682,-0.1632293299664906
Native footprints,0.4399704933166504,-0.0309601436631078
Native footprints,0.3910048007965088,-0.0322468903179919
Native footprints,0.5023062229156494,-0.2091967178426526
Native footprints,0.3375287055969238,-0.0808474597944906
Native footprints,0.4380264282226562,-0.0871596881563041
Native footprints,0.0568361282348632,0.2360912016465817
Native footprints,0.2615072727203369,0.0519563146695081
Native footprints,0.218271255493164,0.0885389037229917
Native footprints,0.3437645435333252,-0.0386880087153731
Native footprints,0.1968758106231689,0.1028839018127554
Native footprints,0.3483927249908447,-0.0430531879684196
Native footprints,0.3488986492156982,-0.047434729119859
Native footprints,0.3713204860687256,-0.1356645088714626
Native footprints,0.162750244140625,0.1232140609669739
Native footprints,0.3020057678222656,-0.0215828829671342
Native footprints,0.2199428081512451,0.076473518667845
Native footprints,0.2658987045288086,0.0202451070985682
Native footprints,0.4639503955841064,-0.171574407156265
Native footprints,0.2940492630004883,0.0087954953548045
Native footprints,0.669471263885498,-0.3919278451999826
Native footprints,0.1694848537445068,0.1507727425401726
Native footprints,0.3705956935882568,-0.1225776925491178
Native footprints,0.3344113826751709,0.0201766207963176
Native footprints,0.2019953727722168,0.1269499464375447
Native footprints,0.3134245872497558,-0.0211694865858318
Native footprints,0.2904109954833984,0.043130267311176
Native footprints,0.2085857391357422,0.1110279403917298
Native footprints,0.3829755783081054,-0.0741100510358595
Native footprints,0.2548801898956299,0.0340131818673131
Native footprints,0.4577391147613525,-0.160501910639498
Native footprints,0.2898993492126465,-0.0031052405553154
Native footprints,0.4533336162567138,-0.1567088569697681
Native footprints,0.2393839359283447,0.0666711118733591
Native footprints,0.4372451305389404,-0.0959021131738199
Native footprints,0.2448315620422363,0.0821132349175464
Native footprints,0.468862771987915,-0.122749427141034
Native footprints,0.5013360977172852,-0.1354256560945893
Native footprints,0.2248506546020507,0.0957819054040512
Native footprints,0.4744389057159424,-0.1443467938287342
Native footprints,0.255814790725708,0.0864049313287105
Native footprints,0.4777250289916992,-0.1297596566081416
Native footprints,0.5051071643829346,-0.1558635902428586
Native footprints,0.2127580642700195,0.0948076358020231
Native footprints,0.3670604228973388,-0.0713685637788834
Native footprints,0.2370805740356445,0.025907786097639
Native footprints,0.3283884525299072,-0.0212860890917068
Native footprints,0.332258939743042,-0.0403803671943391
Native footprints,0.1665201187133789,0.0928909942673926
Native footprints,0.3546605110168457,-0.0355223151809453
Native footprints,0.3754312992095947,-0.0685006816709563
Native footprints,0.3082339763641357,-0.0011912746109948
Native footprints,0.0440142154693603,0.2613767931764733
Native footprints,0.3694760799407959,-0.0741490619956553
Native footprints,0.3142380714416504,-0.0073973605348419
Native footprints,-0.0368924140930175,0.3282992145511216
Native footprints,0.1856276988983154,0.0691042815568301
Native footprints,0.1367599964141845,0.1605161641806907
Native footprints,0.3179671764373779,-0.015327322995297
Native footprints,0.1008746623992919,0.1438165785414201
Native footprints,0.555267333984375,-0.2708897843042525
Native footprints,0.1511080265045166,0.1602805305463986
Native footprints,0.2091634273529052,0.0823398747304929
Native footprints,0.3892097473144531,-0.1331462836904763
Native footprints,-0.0311224460601806,0.230785065462856
Native footprints,0.2253015041351318,0.0201999854328314
Native footprints,0.3157386779785156,-0.0426620330290802
Native footprints,0.0986523628234863,0.131552530194574
Native footprints,0.0367724895477294,0.1947047924302843
Native footprints,0.2330663204193115,-0.0017241437841483
Native footprints,0.3714113235473633,-0.111499481853527
Native footprints,0.6259572505950928,-0.3529820765218407
Native footprints,0.2601535320281982,0.005832544041233
Native footprints,0.203165054321289,0.0796727024196995
Native footprints,0.3125011920928955,-0.0247763611486366
Native footprints,0.2022507190704345,0.0358769236424478
Native footprints,0.3834958076477051,-0.1136776722829395
Native footprints,0.1677229404449463,0.0828050230834865
Native footprints,0.3650147914886474,-0.1192334134655041
Native footprints,0.6596601009368896,-0.3601036676716023
Native footprints,0.2116034030914306,0.0582099163943866
Native footprints,0.1577863693237304,0.0948612557784709
Native footprints,0.1155116558074951,0.1597443430751565
Native footprints,0.5229876041412354,-0.1707289830356756
Native footprints,0.3857522010803222,-0.0775071246583066
Native footprints,0.1820967197418213,0.1008607284619447
Native footprints,0.2983803749084472,-0.0180602492538038
Native footprints,0.0940284579992294,0.175821640078046
Native footprints,0.3076560497283935,-0.0596301040227093
Native footprints,0.130427598953247,0.1063093130099855
Native footprints,0.3051748275756836,-0.0236247203027806
Native footprints,0.1657335758209228,0.0826450026515704
Native footprints,0.2043647766113281,-0.024632840945102
Native footprints,0.3069949150085449,-0.0886935404146606
Native footprints,0.5199522972106934,-0.2788131197497767
Native footprints,0.2305250167846679,-0.0176515825440853
Native footprints,0.236307144165039,0.0056508860890203
Native footprints,0.211230993270874,0.0200037003080175
Native footprints,-0.0344138145446777,0.2398507648294641
Native footprints,0.3337430953979492,-0.1133749878871447
Native footprints,0.0958058834075927,0.1640229227173714
Native footprints,0.2719795703887939,-0.0104391027275809
Native footprints,0.2692277431488037,-0.0423739350190171
Native footprints,0.1624486446380615,0.0781822582102919
Native footprints,0.2559285163879394,-0.004334709892534
Native footprints,0.1364810466766357,0.1222426839388413
Native footprints,0.3085405826568603,-0.0819758499615213
Native footprints,0.3891332149505615,-0.1552478861380662
Native footprints,0.2269785404205322,-0.0184103485877401
Native footprints,-0.1044065952301025,0.3458515349926505
Native footprints,0.2594282627105713,0.0437132703506086
Native footprints,0.2942132949829101,-0.0534258300571564
Native footprints,-0.0210018157958984,0.2643874934258129
Native footprints,0.2359790802001953,0.0441085335918512
Native footprints,0.1764595508575439,0.0952258878892243
Native footprints,0.2644081115722656,-0.0073782513478781
Native footprints,0.2273087501525879,0.0488221743048459
Native footprints,0.2254424095153808,0.0818056879411832
Native footprints,0.1017224788665771,0.1616575932040892
Native footprints,0.2757587432861328,0.0055489749711711
Native footprints,0.1829876899719238,0.0736940466207207
Native footprints,-0.097116470336914,0.3253920363600202
Native footprints,0.0910408645868301,0.1291230128473028
Native footprints,0.3562028408050537,-0.1000951140388966
Native footprints,0.1800332069396972,0.0551939883220367
Native footprints,0.4938089847564697,-0.268971833604858
Native footprints,0.185953140258789,0.0153752517953797
Native footprints,0.1220643520355224,0.128009078408483
Native footprints,0.2378304004669189,0.001576962384698
Native footprints,0.4066853523254394,-0.2042332960825309
Native footprints,0.2481000423431396,-0.0291124970222949
Native footprints,0.193709135055542,0.125688136663141
Native footprints,0.1594235897064209,0.1082811723341581
Native footprints,0.1227819919586181,0.1226680413231305
Native footprints,0.2416369915008545,0.0340130198982953
Native footprints,0.3202977180480957,-0.0030775610322899
Native footprints,0.3556842803955078,-0.1092976046699076
Native footprints,0.1673152446746826,0.0593448546935869
Native footprints,0.3183732032775879,-0.0681730876102941
Native footprints,0.288968563079834,0.0586289313659763
Native footprints,0.1690258979797363,0.1127360466181129
Native footprints,0.2795629501342773,-0.0030390867639324
Native footprints,0.1741142272949218,0.098067737773727
Native footprints,0.4410197734832763,-0.1254572604060896
Native footprints,0.4360039234161377,-0.1647160554148993
Native footprints,0.364091157913208,-0.1051669701708087
Native footprints,-0.0310199260711669,0.3494738683293698
Native footprints,0.3704092502593994,0.0032697869201923
Native footprints,0.5967593193054199,-0.2461981574943698
Native footprints,0.3765089511871338,-0.0938847188624429
Native footprints,0.3857805728912353,-0.0469115983068202
Native footprints,0.3567781448364258,-0.0197456765482553
Native footprints,0.1260631084442138,0.2663551272107653
Native footprints,0.1665346622467041,0.1938924564147852
Native footprints,0.2735793590545654,0.0351504033754834
Native footprints,0.5176284313201904,-0.0760089064252076
Native footprints,0.519364595413208,-0.0902357427442346
Native footprints,0.4958424568176269,-0.0802576962144123
Native footprints,0.3179452419281006,0.0643693410422359
Native footprints,0.3137826919555664,0.0782826348631098
Native footprints,0.2961905002593994,0.1179986677036347
Native footprints,-0.0040318965911865,0.2277261660498478
Native footprints,0.2146134376525879,-0.0063856395057109
Native footprints,0.282602310180664,-0.0574611144931605
Native footprints,0.0504167079925537,0.1460128462304681
Native footprints,0.353994607925415,-0.1268288412675797
Native footprints,0.0846285820007324,0.1707045244400741
Native footprints,0.3303437232971191,-0.0691300912422345
Native footprints,0.3693239688873291,-0.1226015926572091
Native footprints,0.3069913387298584,-0.0597097837399484
Native footprints,0.2739536762237549,-0.0191059306275221
Native footprints,0.4775164127349853,-0.0800211670649681
Native footprints,0.2963414192199707,0.048307653031538
Native footprints,0.3913600444793701,0.0317695726931703
Native footprints,0.3855042457580566,0.0033802083524975
Native footprints,0.2807600498199463,0.1158375098792403
Native footprints,0.461193323135376,-0.0471901033136428
Native footprints,0.2162146568298339,0.1915311411699415
Native footprints,0.2917823791503906,0.1278870750094177
Native footprints,0.17293381690979,0.235678900649446
Native footprints,0.2695469856262207,0.1345711978756095
Native footprints,0.43524169921875,-0.0377329568179224
Native footprints,0.393033504486084,0.0206236468879159
Native footprints,0.5034008026123047,-0.0958184377528875
Native footprints,0.3878419399261474,-0.0149809886799933
Native footprints,0.4994184970855713,-0.0892431034936
Native footprints,0.5784685611724854,-0.2107742505037053
Native footprints,0.4532246589660644,-0.0905558253401374
Native footprints,0.2906525135040283,0.072748487093973
Native footprints,0.3386600017547607,0.0938037397255139
Native footprints,0.571286678314209,-0.1819827826193343
Native footprints,0.1818618774414062,0.1775802559404198
Native footprints,0.177558422088623,0.1983537412267089
Native footprints,0.6421849727630615,-0.223139190264245
Native footprints,0.2487761974334716,0.1354413632323505
Native footprints,0.3310830593109131,0.0670009505663182
Native footprints,0.4783446788787842,-0.0691582275625545
Native footprints,0.4758884906768799,-0.0863682485219926
Native footprints,0.3770463466644287,0.0368564758847081
Native footprints,0.3419134616851806,0.0751750801254147
Native footprints,0.3173716068267822,0.0894679470478533
Native footprints,0.3735315799713135,-0.0089976208449461
Native footprints,0.0800511687994003,0.2856874655749571
Native footprints,0.279043436050415,0.0912095480361289
Native footprints,0.4161446094512939,-0.0645711314806897
Native footprints,0.3426821231842041,0.0364839178831787
Native footprints,0.0419957637786865,0.2984986773111201
Native footprints,0.1530792713165283,0.1423556898007069
Native footprints,0.1942293643951416,0.1256605379981198
Native footprints,0.3475983142852783,0.0193565595814226
Native footprints,0.4239823818206787,-0.0865431097961284
Native footprints,0.2568297386169433,0.0606893403119238
Native footprints,0.0441155433654785,0.3202752583911343
Native footprints,0.0217690467834472,0.3352775089027028
Native footprints,0.4575200080871582,-0.1269218608177258
Native footprints,-0.094196081161499,0.4002167429740246
Native footprints,0.2058315277099609,0.1244346306559245
Native footprints,0.51615309715271,-0.1851644955958112
Native footprints,0.1908509731292724,0.0924584943535385
Native footprints,0.4016127586364746,-0.0919672123465539
Native footprints,-0.1406617164611816,0.5046597020024363
Native footprints,0.0903937816619873,0.2564081111769399
Native footprints,0.1767580509185791,0.1494317266499162
Native footprints,0.4853370189666748,-0.1267307626634454
Native footprints,0.3033902645111084,0.0681227620941364
Native footprints,0.3372180461883545,0.0379728702371042
Native footprints,0.4285159111022949,-0.0409222352474233
Native footprints,0.4788577556610107,-0.065917372716206
Native footprints,0.4900491237640381,-0.0914756426742133
Native footprints,0.1808626651763916,0.2260609978707031
Native footprints,0.6836771965026855,-0.265744955644501
Native footprints,0.0848255008459091,0.2955836504778852
Native footprints,0.290799617767334,0.137627680968994
Native footprints,0.5149760246276855,-0.0814202135785227
Native footprints,0.3271243572235107,0.1037687328830953
Native footprints,0.409569501876831,-0.0251702874840565
Native footprints,0.7915315628051758,-0.3884139778466052
Native footprints,0.4246408939361572,0.010955101346934
Native footprints,0.3121311664581299,0.093991404266593
Native footprints,0.4493265151977539,-0.0229788786329746
Native footprints,0.4974372386932373,-0.065847103789052
Native footprints,0.4993999004364013,-0.0851153658004366
Native footprints,0.4982647895812988,-0.1127880452796455
Native footprints,0.4401445388793945,-0.0702618560072659
Native footprints,0.5405280590057373,-0.0969568454867986
Native footprints,0.269627571105957,0.1472309434674862
Native footprints,0.5036671161651611,-0.0937149400961604
Native footprints,0.3000648021697998,0.0949217386608399
Native footprints,0.254150390625,0.0615785616825891
Native footprints,0.349308967590332,0.0225651885872548
Native footprints,0.4554169178009033,-0.0787234164692037
Native footprints,0.3961198329925537,-0.0027362436663628
Native footprints,0.1160409450531005,0.1972344549651044
Native footprints,0.3264908790588379,-0.0039304644284155
Native footprints,0.528059720993042,-0.1587839922403333
Native footprints,0.1754989624023437,0.1945042401410438
Native footprints,0.526862621307373,-0.181747237006366
Native footprints,0.2101624011993408,0.1643232496924997
Native footprints,0.5045344829559326,-0.0980726534976581
Native footprints,0.4158082008361816,-0.0408142139830014
Native footprints,0.362908124923706,0.0254906002496158
Native footprints,0.307349681854248,0.0571095237880627
Native footprints,0.1113648414611816,0.2724491669534105
Native footprints,0.3744077682495117,0.0087335815061245
Native footprints,0.4187507629394531,-0.0194499307565023
Native footprints,0.5190057754516602,-0.1409366505065018
Native footprints,0.4018645286560058,0.0092467405201117
Native footprints,0.3297703266143799,0.0828242946265737
Native footprints,0.3926482200622558,-0.0321221151500278
Native footprints,0.4058644771575928,-0.0511755549489085
Native footprints,0.5877509117126465,-0.2050085130500095
Native footprints,-0.0002079010009765,0.237667654922269
Native footprints,0.3807711601257324,-0.1409614873356076
Native footprints,0.2112293243408203,0.0389998399721039
Native footprints,0.3167648315429687,-0.0546771327961717
Native footprints,0.3323142528533935,-0.12135536055265
Native footprints,0.1566741466522216,0.078854991949812
Native footprints,0.4463882446289062,-0.202668062795612
Native footprints,0.1738867759704589,0.0621709436891299
Native footprints,-0.0813195705413818,0.2838089881891245
Native footprints,0.1521549224853515,0.0644289164269427
Native footprints,0.3907058238983154,-0.0033967450172134
Native footprints,0.260906457901001,0.0965674840360147
Native footprints,0.293872594833374,0.0381202861933689
Native footprints,0.4514973163604736,-0.0815786217565919
Native footprints,0.6251881122589111,-0.2716519949077617
Native footprints,0.1276655197143554,0.1818904573620055
Native footprints,0.2584719657897949,0.0498962683008653
Native footprints,0.1273720264434814,0.2194942212619007
Native footprints,0.0992083549499511,0.2521373963626163
Native footprints,0.4881272315979004,-0.1638550020592882
Native footprints,0.4127724170684814,-0.0355686779633734
Native footprints,0.2911775112152099,0.0711352234380408
Native footprints,0.3079042434692383,0.0396673924673149
Native footprints,0.4145967960357666,-0.0516630277189096
Native footprints,0.2927529811859131,0.1068897170535867
Native footprints,0.3650603294372558,0.0600851165049779
Native footprints,0.29815673828125,0.084789829109282
Native footprints,0.4195852279663086,0.0003802647140699
Native footprints,0.1683783531188964,0.2307924810068399
Native footprints,0.2397077083587646,0.1345328234969267
Native footprints,0.2646002769470215,0.0441829202672811
Native footprints,0.2045464515686035,0.2366770976490359
Native footprints,0.3852477073669433,0.0125198041727848
Native footprints,0.212407112121582,0.1605550339312616
Native footprints,0.3242120742797851,0.0287015370371241
Native footprints,0.3107693195343017,0.0596038468052309
Native footprints,0.4119744300842285,-0.0432230493235027
Native footprints,0.5737175941467285,-0.1889070975568962
Native footprints,0.401796817779541,-0.0006481297767095
Native footprints,0.3349158763885498,0.0438796794180884
Native footprints,0.1112446784973144,0.269128645141056
Native footprints,0.471597671508789,-0.1590238254232294
Native footprints,0.2551729679107666,0.068675188210906
Native footprints,0.4626054763793945,-0.0935658483927027
Native footprints,0.1165318489074707,0.2170746889852048
Native footprints,0.1014778763055801,0.1942896872029661
Native footprints,0.1930043697357177,0.1375504039487921
Native footprints,0.3407669067382812,0.0041983571068485
Native footprints,0.1939308643341064,0.1609829318145114
Native footprints,0.5809988975524902,-0.2755081051218244
Native footprints,0.2245097160339355,0.1254977117212309
Native footprints,0.340998888015747,-0.0135423195631456
Native footprints,0.1506190299987793,0.1856391247079226
Native footprints,0.4171862602233886,-0.0677350511495504
Native footprints,0.2265264987945556,0.1418834146766677
Native footprints,0.2988109588623047,0.0079200911066694
Native footprints,0.1537756919860839,0.1830254300662414
Native footprints,0.3957762718200683,0.0553648285689717
Native footprints,0.4206438064575195,-0.03262449279191
Native footprints,0.3614273071289062,0.0881921595588174
Native footprints,0.3732521533966064,0.0245625046777934
Native footprints,0.3964579105377197,0.030520207402233
Native footprints,0.4441373348236084,-0.0574927858885878
Native footprints,0.5614545345306396,-0.137083800936921
Native footprints,0.1578681468963623,0.2541011155922481
Native footprints,0.3074805736541748,0.0584822598235758
Native footprints,0.4429440498352051,-0.1269860518708863
Native footprints,0.3256759643554687,0.0236416884321232
Native footprints,0.3096790313720703,0.0702826113021956
Native footprints,0.4274773597717285,-0.1054912617116756
Native footprints,0.2647383213043213,0.0687563777689574
Native footprints,0.1585259437561035,0.182218646969518
Native footprints,0.3006749153137207,0.0117979200114785
Native footprints,0.4642276763916015,-0.1390306753973735
Native footprints,0.1001708507537841,0.2419429219637729
Native footprints,0.2861716747283935,0.0516108743745631
Native footprints,0.1826446056365966,0.2113578394716379
Native footprints,0.4416751861572265,-0.0525507663077416
Native footprints,0.3458993434906006,0.0371044009595463
Native footprints,0.4528727531433105,-0.1185063186316229
Native footprints,0.4044251441955566,-0.0334235823392484
Native footprints,0.3698072433471679,0.0122431411175555
Native footprints,0.2865447998046875,0.0904188201895487
Native footprints,0.5691025257110596,-0.1550997660051495
Native footprints,0.2878143787384033,0.0779661261758544
Native footprints,0.3024730682373047,0.0743611978618694
Native footprints,0.2756891250610351,0.0802953606078917
Native footprints,0.3988733291625976,-0.0094409384555306
Native footprints,0.2529926300048828,0.1239046412876651
Native footprints,0.2693021297454834,0.1275465611699406
Native footprints,0.4550678730010986,-0.0500451324654798
Native footprints,0.4420244693756103,-0.0275352138727628
Native footprints,0.2748072147369385,0.1228563106267734
Native footprints,0.1617457866668701,0.2270059086915311
Native footprints,0.2159473896026611,0.2179781705219294
Native footprints,0.4475491046905517,0.0088643402176182
Native footprints,0.3019931316375732,0.1206716151817146
Native footprints,0.2762153148651123,0.151504264386541
Native footprints,0.3072714805603027,-0.0906392374634203
Native footprints,0.1254594326019287,0.1122090298567132
Native footprints,-0.1286060810089111,0.320821879186965
Native footprints,0.1961205005645752,0.0282256763294211
Native footprints,0.1785659790039062,0.0233342296579932
Native footprints,0.1758666038513183,0.0485930376046496
Native footprints,0.0885286331176757,0.100283903037767
Native footprints,0.2249178886413574,-0.0248837410487384
Native footprints,0.1616594791412353,0.0243697550516153
Native footprints,0.2155988216400146,-0.026221477974546
Native footprints,0.2668077945709228,-0.0461077595053479
Native footprints,0.149146556854248,0.0696696413340813
Native footprints,0.1824595928192138,0.0217817311621029
Native footprints,0.0490169525146484,0.1681519083294989
Native footprints,0.5279669761657715,-0.2665880705072362
Native footprints,0.0036745071411132,0.2187511616445379
Native footprints,0.3766376972198486,-0.195038212776514
Native footprints,0.3183174133300781,-0.1065777351519547
Native footprints,0.2785866260528564,-0.0030125644389031
Native footprints,0.3866524696350097,-0.1352544884339075
Native footprints,0.0558207035064697,0.1771665712425365
Native footprints,0.1365501880645752,0.1012483031256693
Native footprints,0.310190200805664,0.0080811674939402
Native footprints,0.1862332820892334,0.027449449872566
Native footprints,0.1714472770690918,0.0387905830624958
Native footprints,0.0956506729125976,0.1345917348822378
Native footprints,0.4387490749359131,-0.1496629759918756
Native footprints,0.3226296901702881,-0.0637508084992682
Native footprints,0.3039717674255371,-0.1092508839859139
Native footprints,0.3148560523986816,-0.0790421327765491
Native footprints,0.255286693572998,0.0074059041092092
Native footprints,0.2685682773590088,-0.0638743834541096
Native footprints,0.2377436161041259,-0.0132460917787242
Native footprints,0.2948167324066162,-0.0886062660744546
Native footprints,0.1960890293121338,0.0679056041262274
Native footprints,0.4600791931152344,-0.255887837712304
Native footprints,0.2428731918334961,-0.0450645938027306
Native footprints,0.1310760974884033,0.0597152281129748
Native footprints,0.2944643497467041,-0.051220326441522
Native footprints,0.2819714546203613,-0.0622727236089747
Native footprints,0.5032923221588135,-0.2612697529919699
Native footprints,0.3046481609344482,-0.0249321980298981
Native footprints,0.2449162006378173,0.0088425428283477
Native footprints,0.1297225952148437,0.1109978921842635
Native footprints,0.5679476261138916,-0.295210577316278
Native footprints,0.4304416179656982,-0.125045456022646
Native footprints,-0.0361449718475341,0.2510415353622029
Native footprints,0.2878890037536621,-0.0480407885947572
Native footprints,0.3684406280517578,-0.0532966976760218
Native footprints,0.1835823059082031,0.1312031942413529
Native footprints,0.045703649520874,0.1756655933349837
Native footprints,0.205188512802124,0.0477037405460153
Native footprints,0.2668802738189697,0.0415107820165153
Native footprints,0.3007943630218506,0.0397448933491241
Native footprints,0.5872213840484619,-0.3321482123733078
Native footprints,0.3379018306732178,-0.0378707112504521
Native footprints,0.0367264747619628,0.2911666515835775
Native footprints,0.4221620559692383,-0.1529262125157756
Native footprints,0.3034467697143554,-0.0096907405611537
Native footprints,0.3862979412078857,-0.1459449789910613
Native footprints,0.4443109035491943,-0.0639786835910191
Native footprints,0.3555493354797363,-0.0433054231137138
Native footprints,0.307816743850708,0.0422824003251925
Native footprints,0.2666277885437011,0.1214160953068608
Native footprints,0.4455983638763428,-0.0840058638581545
Native footprints,0.295586347579956,0.0339992074604283
Native footprints,0.2221882343292236,0.1601199683683661
Native footprints,0.3030154705047607,0.0731293273707209
Native footprints,0.3364765644073486,0.0142360675326596
Native footprints,0.6966352462768555,-0.1783422046700201
Native footprints,0.3479535579681396,0.0798723080386453
Native footprints,0.3623394966125488,0.126843918680034
Native footprints,0.6663382053375244,-0.1612534939431517
Native footprints,0.5065431594848633,-0.0224603428118483
Native footprints,0.4805941581726074,-0.0079601888045942
Native footprints,0.3523683547973633,0.1431737998214196
Native footprints,0.7295787334442139,-0.2052448618705391
Native footprints,0.3057813644409179,0.1932273948121201
Native footprints,0.4420859813690185,-0.0137089579549591
Native footprints,0.3891057968139648,0.0428633508308862
Native footprints,0.2335062026977539,0.2648862467474616
Native footprints,0.5543007850646973,-0.1030615266333999
Native footprints,0.3874804973602295,0.0019614944303457
Native footprints,0.4451773166656494,-0.0503002527265147
Native footprints,0.4679868221282959,-0.0280957376599101
Native footprints,0.6769702434539795,-0.2170297346924015
Native footprints,0.4060955047607422,0.0277038302563831
Native footprints,0.5454580783843994,-0.154420865035203
Native footprints,0.4221892356872558,-0.003797707214472
Native footprints,0.5072245597839355,-0.0658114121727986
Native footprints,0.5284023284912109,-0.1288934932818394
Native footprints,0.4617908000946045,-0.0917065251431901
Native footprints,0.4235696792602539,-0.0657718157837892
Native footprints,0.3730218410491943,0.1006919281324248
Native footprints,0.4118208885192871,0.0473362883906899
Native footprints,0.4736227989196777,-0.061346424456355
Native footprints,0.367570161819458,0.0474511102724236
Native footprints,0.6505115032196045,-0.1773264071187051
Native footprints,0.4402947425842285,0.0010349093422133
Native footprints,0.7413105964660645,-0.2869550962625938
Native footprints,0.4732770919799804,-0.02447834922308
Native footprints,0.4825758934020996,0.0184157810020875
Native footprints,0.4729213714599609,0.0042062424082002
Native footprints,0.4326052665710449,-0.0124937024540323
Native footprints,0.3458526134490967,0.131495825339755
Native footprints,0.597247838973999,-0.1593901596997483
Native footprints,0.3918733596801758,0.044619585388429
Native footprints,0.2661483287811279,0.1729263875195596
Native footprints,0.3781213760375976,0.0700067632443566
Native footprints,0.7920639514923096,-0.3287015000057033
Native footprints,0.4626710414886474,-0.0130831080719988
Native footprints,0.1650629043579101,0.2724151793622989
Native footprints,0.4883418083190918,-0.0435503676373429
Native footprints,0.3410420417785644,0.1008837975570373
Native footprints,0.5176973342895508,-0.095972021283441
Native footprints,0.497340440750122,-0.0427291468234067
Native footprints,0.7074213027954102,-0.2472192335256048
Native footprints,0.3358774185180664,0.118518817272941
Native footprints,0.3096716403961181,0.1116915614572269
Native footprints,0.2667667865753174,0.1070961742359538
Native footprints,0.288050889968872,0.1337567837695691
Native footprints,0.4781556129455566,-0.0406319470844743
Native footprints,0.2581324577331543,0.1588011170682275
Native footprints,0.5476076602935791,-0.0960755841524731
Native footprints,0.4405741691589355,-0.0417250786910854
Native footprints,0.3869655132293701,0.0740984450002301
Native footprints,0.7212405204772949,-0.2557512909588565
Native footprints,0.5113117694854736,-0.1040302590255748
Native footprints,0.6036851406097412,-0.2191088122994688
Native footprints,0.8730380535125732,-0.4178750193652076
Native footprints,0.5076706409454346,-0.0804646429755039
Native footprints,0.6212790012359619,-0.2178694881248407
Native footprints,0.6851470470428467,-0.2420250292647877
Native footprints,0.6450645923614502,-0.1943539456620963
Native footprints,0.3934187889099121,0.0223530547869671
Native footprints,0.4745650291442871,-0.0504028200415887
Native footprints,0.4193398952484131,0.0319263566445049
Native footprints,0.3060135841369629,0.1145443843516026
Native footprints,0.423100471496582,0.0095934199183976
Native footprints,0.3840010166168213,0.0419215036018195
Native footprints,0.5520486831665039,-0.1290853211780366
Native footprints,0.3722257614135742,0.0630301162530956
Native footprints,0.7656729221343994,-0.3071352451686183
Native footprints,0.3599634170532226,0.096729563554663
Native footprints,0.4157602787017822,0.0504902584575256
Native footprints,0.4453864097595215,-0.031026201407854
Native footprints,0.158937931060791,0.2555158035005146
Native footprints,0.27203369140625,0.1389610764434635
Native footprints,0.8128130435943604,-0.3243972548666173
Native footprints,0.4312896728515625,0.0653534162342998
Native footprints,0.4060769081115722,0.0691531574278155
Native footprints,0.6206843852996826,-0.1205724523492259
Native footprints,0.5426633358001709,-0.040945997394209
Native footprints,0.4801781177520752,0.0656107706055272
Native footprints,0.4615890979766845,0.0233337061429466
Native footprints,0.6845870018005371,-0.2252319137378589
Native footprints,0.5500481128692627,-0.0637379061711019
Native footprints,0.448815107345581,0.0456604987953006
Native footprints,0.6199564933776855,-0.0875500430599994
Native footprints,0.5371067523956299,-0.0608923764131194
Native footprints,0.5421671867370605,-0.0348206686539754
Native footprints,0.4737186431884765,0.084343435982759
Native footprints,0.5358562469482422,-0.0254570137509572
Native footprints,0.6249656677246094,-0.1275189096677659
Native footprints,0.4930682182312011,0.0344506364186151
Native footprints,0.9332070350646972,-0.3805509487220023
Native footprints,0.4786019325256347,0.0620861731660704
Native footprints,0.6038439273834229,-0.0875202428481496
Native footprints,0.6813669204711914,-0.152260911626852
Native footprints,0.5639963150024414,-0.0234533605157239
Native footprints,0.4708473682403564,0.0598932787514479
Native footprints,0.8731577396392822,-0.3305472700387454
Native footprints,0.5486516952514648,-0.0082114386164591
Native footprints,0.839423656463623,-0.2840821501310995
Native footprints,0.5076987743377686,0.014958619222929
Native footprints,0.5847108364105225,-0.0636269776159847
Native footprints,0.6695375442504883,-0.1354698304163749
Native footprints,0.6443901062011719,-0.0774731286891348
Native footprints,0.493276834487915,-4.3019604752003726e-05
Native footprints,0.474759578704834,0.0698058310048084
Native footprints,0.7599332332611084,-0.2274473976267468
Native footprints,0.8873856067657471,-0.3064709856839464
Native footprints,0.4002373218536377,0.0970137949552318
Native footprints,0.6493101119995117,-0.1404490766731739
Native footprints,0.4298536777496338,0.0763223056795336
Native footprints,0.5424826145172119,-0.0436544353875389
Native footprints,0.4277932643890381,0.0733695117525586
Native footprints,0.7420108318328857,-0.2616809958824115
Native footprints,0.5984299182891846,-0.0757351633236528
Native footprints,0.7257659435272217,-0.2374206445435746
Native footprints,0.6250617504119873,-0.0868248964305508
Native footprints,0.4502356052398681,0.0824269148705564
Native footprints,0.5662953853607178,-0.0327940434304286
Native footprints,0.4736421108245849,0.0560169572390975
Native footprints,0.6004576683044434,-0.0563194914737255
Native footprints,0.3401985168457031,0.1804678021765828
Native footprints,0.6366822719573975,-0.078996444831889
Native footprints,0.3641214370727539,0.1510678472379076
Native footprints,0.6381011009216309,-0.1468695874029625
Native footprints,0.5252547264099121,-0.0573645205034735
Native footprints,0.6480627059936523,-0.1065018526087274
Native footprints,0.5104227066040039,0.0251254145536777
Native footprints,0.6833579540252686,-0.1669669085334963
Native footprints,0.4839305877685547,0.0552007927217272
Native footprints,0.7258744239807129,-0.2389030921935614
Native footprints,0.6082556247711182,-0.1173295361358109
Native footprints,0.4595448970794678,0.0511750675208927
Native footprints,0.525496244430542,0.001503722268392
Native footprints,0.3948578834533691,0.1072533140971498
Native footprints,0.4800238609313965,0.0169455729705829
Native footprints,0.4326176643371582,0.0935631734991392
Native footprints,0.607349157333374,-0.0992285403895378
Native footprints,0.4824519157409668,0.0189221762609768
Native footprints,0.4261231422424316,0.0796347492754965
Native footprints,0.657191276550293,-0.1873441366995154
Native footprints,0.6152160167694092,-0.144960017998242
Native footprints,0.5566198825836182,-0.0653974793582469
Native footprints,0.434340238571167,0.0610917949939585
Native footprints,0.6442952156066895,-0.1190294561193351
Native footprints,0.6045455932617188,-0.0669330244290382
Native footprints,0.5775318145751953,-0.0906451134251025
Native footprints,0.3395938873291015,0.1564322477867858
Native footprints,0.4794220924377441,-0.0338563075001385
Native footprints,0.4318306446075439,0.086405894776217
Native footprints,0.5215725898742676,-0.0214139398305741
Native footprints,0.6132948398590088,-0.1239352922293506
Native footprints,0.5702629089355469,-0.0826621387024209
Native footprints,0.3659048080444336,0.1512869003282755
Native footprints,0.2346601486206054,-0.1047098309448406
Native footprints,-0.0852553844451904,0.1966151977423934
Native footprints,0.1770124435424804,-0.0328758348094889
Native footprints,0.182960033416748,-0.0502594194201001
Native footprints,0.0662417411804199,0.0583991773152629
Native footprints,0.124673843383789,0.0119803464970686
Native footprints,0.1650481224060058,-0.047682371258547
Native footprints,0.1467924118041992,-0.0459527173603034
Native footprints,0.2493717670440673,-0.1298107112815255
Native footprints,-0.0003299713134765,0.1352396013767353
Native footprints,0.3084566593170166,-0.1820446323207429
Native footprints,0.2554221153259277,-0.1132381921345087
Native footprints,0.1547451019287109,-0.0201696846621439
Native footprints,0.1492729187011718,-0.0072428735781851
Native footprints,0.1519887447357177,-0.0251001451070911
Native footprints,0.2576103210449219,-0.1392401984044541
Native footprints,0.2516005039215088,-0.102613124123688
Native footprints,0.1655511856079101,-0.0287063544043559
Native footprints,0.1934618949890136,-0.0683083461176423
Native footprints,0.3002262115478515,-0.1661466457666246
Native footprints,0.1281757354736328,-0.0062824446270591
Native footprints,0.2736029624938965,-0.1693846989098949
Native footprints,0.129955768585205,-0.0226443303689606
Native footprints,0.122809886932373,0.0031184816478721
Native footprints,-0.0299158096313476,0.1240581961892264
Native footprints,0.2172534465789795,-0.1112127715801136
Native footprints,0.1071269512176513,0.0069519011988534
Native footprints,0.044734239578247,0.046888798127547
Native footprints,0.2280614376068115,-0.1270556720251718
Native footprints,0.29152512550354,-0.1831507277128143
Native footprints,0.1678752899169922,-0.0714165729453659
Native footprints,0.1839232444763183,-0.094804172416924
Native footprints,0.1790797710418701,-0.057414927701456
Native footprints,0.1035206317901611,0.0039930119931331
Native footprints,0.24623703956604,-0.1315936403718092
Native footprints,0.1474378108978271,-0.0513181072646468
Native footprints,0.1348891258239746,-0.0209713599571303
Native footprints,0.0240218639373779,0.0776263306936412
Native footprints,0.063173770904541,0.0438261228878954
Native footprints,0.0166168212890625,0.053079120798323
Native footprints,0.1428413391113281,-0.0293257758226329
Native footprints,0.1847107410430908,-0.0710965442591212
Native footprints,0.2793433666229248,-0.144579347880477
Native footprints,0.5273089408874512,-0.3930994537349803
Native footprints,0.3707153797149658,-0.2443971396606301
Native footprints,0.1234138011932373,0.0005270510776281
Native footprints,0.17673921585083,-0.0327185256308666
Native footprints,0.1226551532745361,-0.0051765817272579
Native footprints,0.102112278342247,-0.002810858455269
Native footprints,0.2704575061798095,-0.164225852439977
Native footprints,0.1510841846466064,-0.0579409702729357
Native footprints,0.0932152271270752,-0.0210883551116069
Native footprints,0.1638140678405761,-0.0760554048980906
Native footprints,0.0811905860900878,0.0133976220259679
Native footprints,0.0443975925445556,0.0677840949730283
Native footprints,0.031545877456665,0.0487687096189434
Native footprints,0.1154870986938476,-0.0278486333415449
Native footprints,0.1011223644018173,0.0232147702902735
Native footprints,-0.1074960231781005,0.1843068282609488
Native footprints,0.1316344738006591,-0.0461580620266248
Native footprints,0.2311856746673584,-0.1241628824441266
Native footprints,0.1474859714508056,-0.0215013307053976
Native footprints,0.0611374378204345,0.0662354030375963
Native footprints,0.166459321975708,-0.0519475619184606
Native footprints,0.0638461112976074,0.0482316667299308
Native footprints,0.1787600517272949,-0.079652800717657
Native footprints,0.215162992477417,-0.0939233881806941
Native footprints,0.4546446800231933,-0.3164394243655362
Native footprints,0.0228703022003173,0.0588309359313096
Native footprints,0.1717054843902588,-0.0401898680215672
Native footprints,0.0123279094696044,0.1237344487652185
Native footprints,0.1480689048767089,-0.0217116009889937
Native footprints,0.2997164726257324,-0.1368004819688043
Native footprints,0.2516005039215088,-0.113386659435154
Native footprints,0.1392507553100586,-0.0311072436393548
Native footprints,0.4032425880432129,-0.2513998368077115
Native footprints,0.1936748027801513,-0.0588819194384022
Native footprints,0.4291985034942627,-0.2660170720189992
Native footprints,0.0818364471197128,0.0153880406162667
Native footprints,0.2059447765350341,-0.0864850536139288
Native footprints,0.1889545917510986,-0.0741143089961715
Native footprints,-0.0366725921630859,0.1527464147653043
Native footprints,0.0788862705230712,0.0191057517545834
Native footprints,0.1142463684082031,0.0107316922882451
Native footprints,0.2735064029693603,-0.1715377069931771
Native footprints,0.05820894241333,0.0419647343766562
Native footprints,0.0416913032531738,0.0792286432440606
Native footprints,0.2699038982391357,-0.1701367337788412
Native footprints,0.0558009147644043,0.0811271053799629
Native footprints,0.0858371406793594,0.0377400207077488
Native footprints,0.3526182174682617,-0.2446589515103136
Native footprints,0.0906622409820556,-0.0183065840421575
Native footprints,0.1876134872436523,-0.0917363413352061
Native footprints,0.2006678581237793,-0.0665178639472328
Native footprints,0.0977199077606201,-0.0049333598358075
Native footprints,0.225341796875,-0.1198091971051741
Native footprints,0.1042885929346084,-0.0055534222539018
Native footprints,0.2578058242797851,-0.1537926343181307
Native footprints,0.047889232635498,0.0730439191858588
Native footprints,0.1677865982055664,-0.0752250315810462
Native footprints,0.1307802200317382,-0.0240284513654952
Native footprints,0.2084829807281494,-0.0846579242727592
Native footprints,0.1521642208099365,-0.0268503829229979
Native footprints,0.1792263984680175,-0.0666483825176258
Native footprints,0.1197903156280517,-0.0092305210496334
Native footprints,0.1769731044769287,-0.0801831654614607
Native footprints,0.0450890064239501,0.0449468310757385
Native footprints,0.0043330192565917,0.1035006964304316
Native footprints,0.2314190864562988,-0.1196970546459725
Native footprints,0.113091230392456,-0.010861648744586
Native footprints,0.1948661804199218,-0.0803168902487051
Native footprints,-0.0127875804901123,0.0745609415918108
Native footprints,0.2238044738769531,-0.1015956049245224
Native footprints,0.0617473125457763,0.0475146179932839
Native footprints,0.0026354789733886,0.075035804047397
Native footprints,0.2371847629547119,-0.1378876528192767
Native footprints,0.1158888339996337,-0.0027314248676246
Native footprints,0.0746898651123046,0.0327841473614282
Native footprints,0.1013946682214737,0.0217388034774378
Native footprints,-0.0069794654846191,0.0947762413544498
Native footprints,0.1160118579864502,-0.0039679444834906
Native footprints,0.0758256912231445,0.0553148080521833
Native footprints,0.110145092010498,-0.0259812066333839
Native footprints,0.0779545307159423,0.01433138051897
Native footprints,0.2297854423522949,-0.1031617007286277
Native footprints,0.2266204357147216,-0.0974559498531965
Native footprints,0.046809434890747,0.0763869193039854
Native footprints,0.2388551235198974,-0.1151130566217969
Native footprints,0.2935199737548828,-0.2005108217948637
Native footprints,0.4124274253845215,-0.3040389327124154
Native footprints,0.3541688919067383,-0.2458065184761891
Native footprints,0.1354289054870605,-0.0412892642869261
Native footprints,0.3058373928070068,-0.1924740665069749
Native footprints,0.1034290641546249,-0.0213366202130205
Native footprints,0.0270450115203857,0.0825748891290313
Native footprints,0.1759302616119384,-0.0702531087876946
Native footprints,-0.0728070735931396,0.1695933930307993
Native footprints,0.0430309772491455,0.0336145542300521
Native footprints,0.1398735046386718,-0.0301505687192728
Native footprints,0.0245134830474853,0.0576759686468185
Native footprints,0.1071712970733642,-0.0158717974771664
Native footprints,0.0852851718664169,0.0094295987753743
Native footprints,0.3657474517822265,-0.253600027556268
Native footprints,0.1582624912261963,-0.0650295235926366
Native footprints,-0.0234074592590332,0.1404927851495183
Native footprints,0.383721113204956,-0.261664680624712
Native footprints,0.2593321800231933,-0.1525259796550798
Native footprints,0.1857275962829589,-0.0822983546495704
Native footprints,0.16758394241333,-0.0479372897705011
Native footprints,0.1212995052337646,-0.0165426607416529
Native footprints,0.0419461727142334,0.090392038722962
Native footprints,0.2323935031890869,-0.1104345691517537
Native footprints,0.111122116446495,-0.012411224544053
Native footprints,0.0567898750305175,0.0753905626909434
Native footprints,0.1155335903167724,0.0094643167088447
Native footprints,0.3796272277832031,-0.2577264677231014
Native footprints,0.2052292823791504,-0.0714333319912704
Native footprints,0.1499769687652588,0.0054060056361907
Native footprints,0.1561489105224609,-0.0196422031000946
Native footprints,0.0930147171020507,-0.0626421443928295
Native footprints,0.1903972625732422,-0.1344107168296542
Native footprints,0.0339827537536621,0.0464374145661492
Native footprints,0.282632827758789,-0.2164210974044886
Native footprints,0.1135334968566894,-0.0672669285500712
Native footprints,0.2114617824554443,-0.1268509252305955
Native footprints,0.1838221549987793,-0.0960088456337058
Native footprints,0.1693189144134521,-0.0883758551350976
Native footprints,0.0926995277404785,-0.0206262898927874
Native footprints,0.1696951389312744,-0.0935893693241328
Native footprints,-0.0037996768951416,0.084671786313577
Native footprints,0.1436667442321777,-0.0581869429382467
Native footprints,0.0441203117370605,0.0335537319786636
Native footprints,0.0793416500091552,0.00784646931271
Native footprints,0.0771310329437255,-0.0038477518301084
Native footprints,0.0141050815582275,0.0583780581390521
Native footprints,0.1067623943090438,-0.023989592437044
Native footprints,0.1281664371490478,-0.0921802366775236
Native footprints,0.1199638843536377,-0.0752387347287283
Native footprints,0.1772408485412597,-0.0957823981922783
Native footprints,0.210705280303955,-0.1534935381466676
Native footprints,0.1413362026214599,-0.0466962468125015
Native footprints,-0.0213830471038818,0.0984217322167079
Native footprints,-0.0029075145721435,0.0970759743599969
Native footprints,0.1126277446746826,-0.0322746152302941
Native footprints,0.1220567226409912,-0.0597313145747603
Native footprints,0.1290805339813232,-0.0521845614596227
Native footprints,0.0178422927856445,0.0509507486849154
Native footprints,0.1411745548248291,-0.066582228857353
Native footprints,0.0317761898040771,0.032256339988948
Native footprints,0.0963213592767715,0.0072102734644465
Native footprints,0.0169992446899414,0.0617251207523234
Native footprints,0.1046168804168701,-0.0279632048876039
Native footprints,0.1748549938201904,-0.092069707472191
Native footprints,0.0645551681518554,0.0113535645226488
Native footprints,0.0753321647644043,0.0063135833989591
Native footprints,0.2173359394073486,-0.152086740680545
Native footprints,0.0394747257232666,0.0508030253390038
Native footprints,0.1263699531555175,-0.0429632803884475
Native footprints,0.2108762264251709,-0.1319095026416953
Native footprints,0.2198207378387451,-0.1373700323800959
Native footprints,0.1841185092926025,-0.0947615113410931
Native footprints,-0.0576868057250976,0.1342685498140222
Native footprints,0.1301310062408447,-0.0108823384477865
Native footprints,0.1359562873840332,-0.0056492265734397
Native footprints,0.1368815898895263,-0.015837703526748
Native footprints,0.2153053283691406,-0.0991187927274614
Native footprints,0.1031704097986221,0.0054498738879578
Native footprints,0.1741983890533447,-0.0522477984496033
Native footprints,0.1272034645080566,0.0095898030489243
Native footprints,0.3370907306671142,-0.2252647893667422
Native footprints,0.1290826797485351,-0.0157939382234246
Native footprints,0.0860307216644287,0.0600361036207749
Native footprints,0.1102900356054306,-0.0118582346240753
Native footprints,0.1294727325439453,0.0056081679658582
Native footprints,0.1649219989776611,-0.0602090495350713
Native footprints,0.1355865001678466,-0.0037375605597212
Native footprints,0.1017165184020996,-0.0331008669185313
Native footprints,0.1646804809570312,-0.0955907261293605
Native footprints,0.2059102058410644,-0.1414348912542945
Native footprints,0.1287136077880859,-0.0653885520846297
Native footprints,0.0613675117492675,0.0059771464590105
Native footprints,0.0630440711975097,-0.0017177279551283
Native footprints,0.1322841644287109,-0.063150023761307
Native footprints,0.2924818992614746,-0.2437807661117714
Native footprints,0.0206289291381835,0.0516337997426462
Native footprints,0.1031441539525985,-0.0546659009075956
Native footprints,0.132742166519165,-0.0741005377556835
Native footprints,0.0830214023590087,-0.0114836933178014
Native footprints,0.0555157661437988,-0.0041887826661617
Native footprints,-0.0065104961395263,0.0608401034554239
Native footprints,0.1688902378082275,-0.0968726739751292
Native footprints,0.0489017963409423,0.0358125102581291
Native footprints,0.0192854404449462,0.0294920105826119
Native footprints,0.0553772449493408,0.0027522135542753
Native footprints,0.1105716079473495,-0.0422406454607155
Native footprints,0.223088264465332,-0.1708630122034884
Native footprints,0.0588283538818359,0.0091358656194145
Native footprints,0.1916007995605468,-0.1185501990186616
Native footprints,0.0643436908721923,-0.0064401492377088
Native footprints,0.1199400424957275,-0.0319550639170626
Native footprints,0.0554292201995849,0.0255437466072697
Native footprints,0.1548779010772705,-0.0832837511617652
Native footprints,-0.0147838592529296,0.1001077272944186
Native footprints,0.1271364688873291,-0.0686871992122836
Native footprints,-0.0098309516906738,0.0918914329197682
Native footprints,0.0662097930908203,-0.0093960204461095
Native footprints,0.1787338256835937,-0.0841928867997623
Native footprints,0.0615808963775634,0.0170857398660988
Native footprints,0.0806965678930282,0.0161604713466389
Native footprints,0.0394301414489746,0.018050308348992
Native footprints,0.1323785781860351,-0.0730387083238344
Native footprints,0.1501016616821289,-0.0754258553671518
Native footprints,0.086385503411293,-0.0138623489745994
Native footprints,0.091888204216957,-0.0395204387475113
Native footprints,0.1810822486877441,-0.0766967943508291
Native footprints,0.2243192195892334,-0.1415520004558869
Native footprints,0.0791747421026229,0.0012912690903613
Native footprints,0.0730910301208496,0.0008257998067615
Native footprints,0.0980703830718994,-0.0218924059549223
Native footprints,0.1459836959838867,-0.0714729485518428
Native footprints,0.0786046981811523,-0.0129394013783427
Native footprints,0.1024715900421142,-0.0038725676334572
Native footprints,0.1160142421722412,-0.0208430366339537
Native footprints,0.1507296562194824,-0.0913865348721319
Native footprints,0.1236460208892822,-0.0624027438901609
Native footprints,0.2619452476501465,-0.183574603915472
Native footprints,0.1789085865020752,-0.1228815505660561
Native footprints,0.0203540325164794,0.0616370632464942
Native footprints,0.066152811050415,-0.0051165861716801
Native footprints,0.1557168960571289,-0.1138615501695508
Native footprints,0.1375565528869629,-0.045632016619498
Native footprints,0.4029064178466797,-0.3239808590921757
Native footprints,0.1347715854644775,-0.0651117471320097
Native footprints,0.131366491317749,-0.0685794337090271
Native footprints,0.1572883129119873,-0.0876800075517045
Native footprints,0.2006380558013916,-0.135099720291364
Native footprints,0.0470337867736816,0.0199306623927906
Native footprints,-0.0411620140075683,0.0901150452332141
Native footprints,0.2080252170562744,-0.102228342094865
Native footprints,0.2053906917572021,-0.1366854403856859
Native footprints,0.246429443359375,-0.1799929310883055
Native footprints,0.1693923473358154,-0.1003146475427094
Native footprints,-0.0110559463500976,0.1041901731280241
Native footprints,0.045638084411621,0.0119064135089183
Native footprints,0.2636535167694092,-0.1954558038251393
Native footprints,0.2508203983306885,-0.1474677659818429
Native footprints,0.1398429870605468,-0.0767458420614567
Native footprints,0.0388295650482177,0.0432118367114128
Native footprints,0.0402493476867675,0.0336023605146835
Native footprints,0.1342179775238037,-0.0753590513942752
Native footprints,0.1498496532440185,-0.0456890268354549
Native footprints,0.0373182296752929,0.0321714271514113
Native footprints,0.1538126468658447,-0.0816613733745591
Native footprints,-0.0029845237731933,0.1053273245879294
Native footprints,0.0909895896911621,-0.0323863652617137
Native footprints,0.0438189506530761,0.0457615102165094
Native footprints,0.0654854774475097,0.0320491590276144
Native footprints,-0.0429975986480712,0.1436518510780713
Native footprints,0.0763459205627441,-0.007018040459435
Native footprints,-0.0112402439117431,0.1073604690095229
Native footprints,-0.0425100326538085,0.1390358651868281
Native footprints,0.0639922618865966,0.0232674667945341
Native footprints,0.0125720500946044,0.0656406205408122
Native footprints,0.0787808895111084,0.0323438659492767
Native footprints,0.032517671585083,0.0646814177574624
Native footprints,-0.016336441040039,0.1126482890409378
Native footprints,0.092482790350914,0.0215986540513941
Native footprints,0.2225842475891113,-0.0583269579591263
Native footprints,0.2902791500091553,-0.1639613547334485
Native footprints,0.2654998302459717,-0.1301312346491898
Native footprints,0.2159395217895507,-0.076214396207899
Native footprints,0.221764326095581,-0.0814050688865593
Native footprints,0.2160437107086181,-0.0645453868410809
Native footprints,0.1393461227416992,-0.0089666090261646
Native footprints,0.1859090328216552,-0.0629708342780592
Native footprints,0.1237576007843017,0.0074201065239193
Native footprints,0.3968770503997803,-0.2367348066335182
Native footprints,0.4032003879547119,-0.2536253635648465
Native footprints,0.1677992343902588,-0.0153245907577264
Native footprints,0.2146401405334472,-0.0619714047095454
Native footprints,0.1980118751525879,-0.0376662755297182
Native footprints,0.2328522205352783,-0.1052999958550223
Native footprints,0.311061143875122,-0.1709939528533979
Native footprints,0.0621600151062011,0.0743396218696837
Native footprints,0.2069125175476074,-0.0847652120923049
Native footprints,0.1704099178314209,-0.0345933841436758
Native footprints,0.1213359832763671,0.0078114629625098
Native footprints,0.1331684589385986,-0.0122395248456199
Native footprints,0.1378397941589355,-0.0151217150251013
Native footprints,0.0254385471343994,0.107202405177189
Native footprints,0.1706893444061279,-0.0392411350055176
Native footprints,0.2117426395416259,-0.0670297510774198
Native footprints,0.159231424331665,-0.0326338326239429
Native footprints,0.0921015739440918,0.0464156709160023
Native footprints,0.0832061767578125,0.0350269847393181
Native footprints,0.2237224578857422,-0.07961534257701
Native footprints,-0.0503413677215576,0.1460308937345455
Native footprints,0.3089423179626465,-0.1711837120716479
Native footprints,0.0885291248559951,0.0409942053359507
Native footprints,0.0937385559082031,0.0227182057563713
Native footprints,0.2450432777404785,-0.0945397396196361
Native footprints,0.1483886241912841,-0.0029721112732288
Native footprints,0.1498932838439941,-0.0129546043497255
Native footprints,0.0748739242553711,0.0397993517929717
Native footprints,0.1598262786865234,-0.0165405161335728
Native footprints,0.0527064800262451,0.0898367169370294
Native footprints,0.0714905261993408,0.0810007276144046
Native footprints,-0.0184376239776611,0.1374257741916909
Native footprints,0.2829320430755615,-0.1590820483425604
Native footprints,0.0239241123199462,0.1166805860063007
Native footprints,0.1619224548339843,-0.0177647114475192
Native footprints,0.1235253810882568,-0.0132169324467934
Native footprints,0.1757934093475341,-0.0444634190390675
Native footprints,0.1450672149658203,-0.0167144961137624
Native footprints,0.0121622085571289,0.1051590187158497
Native footprints,0.1408803462982177,-0.0028497352698079
Native footprints,0.2294592857360839,-0.0997896847239807
Native footprints,0.0652551651000976,0.0546726029734395
Native footprints,0.0061955451965332,0.1117976352244726
Native footprints,0.0505938529968261,0.0450459038212985
Native footprints,0.0271387100219726,0.0830775774201276
Native footprints,0.1746397018432617,-0.0592414673040727
Native footprints,-0.0187413692474365,0.1359757113158234
Native footprints,0.0959494113922119,0.0175527011772552
Native footprints,0.1521275043487548,-0.0229969596977789
Native footprints,0.0067911148071289,0.1296528788285514
Native footprints,0.0978193283081054,0.0474081536926342
Native footprints,0.0153462886810302,0.1447284560939857
Native footprints,0.1070377975702285,0.0271848795691705
Native footprints,0.1936953067779541,-0.0248277639610583
Native footprints,0.0630552768707275,0.0882289857787183
Native footprints,0.2691500186920166,-0.1265705032531068
Native footprints,0.1532182693481445,0.0181560764960599
Native footprints,0.1423225402832031,0.0076907444281467
Native footprints,0.0533418655395507,0.094373370693422
Native footprints,0.0797827392816543,0.0685067061613292
Native footprints,0.165729284286499,-0.0051800527375279
Native footprints,0.1507682800292968,-0.0025029139810545
Native footprints,0.1216354370117187,0.0265889327166871
Native footprints,0.256514310836792,-0.0931097385245285
Native footprints,0.2446045875549316,-0.0609434621431189
Native footprints,0.0463118553161621,0.1289443036810456
Native footprints,-0.011157751083374,0.1702226949986688
Native footprints,0.0807314068078994,0.072688958887393
Native footprints,0.0332980155944824,0.1051417304238108
Native footprints,0.0602474212646484,0.0463271567981262
Native footprints,0.0812673568725586,0.0493168316982764
Native footprints,0.0745573043823242,0.0306244110608202
Native footprints,0.2380416393280029,-0.1407644836674747
Native footprints,0.1429026126861572,-0.0010644818729775
Native footprints,-0.0097320079803466,0.1460525065291121
Native footprints,0.1284899711608886,0.0096311139755329
Native footprints,0.3271737098693847,-0.1723558037102607
Native footprints,0.1156833171844482,0.0356269726833899
Native footprints,0.1736745834350586,-0.0155387053897285
Native footprints,0.0144746303558349,0.1404196550299204
Native footprints,0.0275235176086425,0.112740449613419
Native footprints,0.1957991123199463,-0.1044798890921324
Native footprints,0.333073616027832,-0.2003149354143113
Native footprints,0.0946113914251327,0.0389969390672889
Native footprints,0.1890003681182861,-0.0418961963727527
Native footprints,0.335367202758789,-0.2107607162638667
Native footprints,-0.0137035846710205,0.0704209783879899
Native footprints,0.1109135150909423,0.0038271372510935
Native footprints,0.14994478225708,-0.0261191276511199
Native footprints,0.0472004413604736,0.0391783188913985
Native footprints,0.1087140887975692,0.0023345174940959
Native footprints,0.131476879119873,-0.0314916197594382
Native footprints,0.1111807972192764,-0.0057872904627678
Native footprints,0.0001223087310791,0.0955312668989321
Native footprints,0.0868339538574218,0.0529627810834953
Native footprints,-0.095674991607666,0.1795702767044596
Native footprints,0.1848735809326172,-0.0170552248898984
Native footprints,0.2262701988220214,-0.0562516149249127
Native footprints,0.2024540901184082,-0.0747589534635032
Native footprints,0.3065297603607178,-0.1481212330158241
Native footprints,0.2278788089752197,-0.110799525939211
Native footprints,0.2737350463867187,-0.1150481029572789
Native footprints,0.1964983940124511,-0.062605635255395
Native footprints,0.1987907886505127,-0.0397087284265993
Native footprints,0.2328777313232422,-0.0752645908645142
Native footprints,0.1243844032287597,-0.016864578556242
Native footprints,0.0615699291229248,0.0635716874114345
Native footprints,0.0911843627691268,0.0384954374770546
Native footprints,0.1008327007293701,0.0493684185981554
Native footprints,0.1389670372009277,-0.013533845269482
Native footprints,0.1984283924102783,-0.0481761082032262
Native footprints,0.1692695617675781,-0.045329813774688
Native footprints,0.1746466159820556,-0.0591200244654212
Native footprints,0.355832576751709,-0.2071693025396663
Native footprints,0.1563403606414795,-0.0032095765080399
Native footprints,-0.0324435234069824,0.1621109618747172
Native footprints,0.2113170623779297,-0.0897618493009616
Native footprints,0.1002252101898193,0.0642704501109097
Native footprints,0.2502391338348388,-0.1022547451825578
Native footprints,0.1885766983032226,-0.0526127281685683
Native footprints,0.0817832946777343,0.0485056682438179
Native footprints,0.2723121643066406,-0.1218136414482697
Native footprints,0.2489838600158691,-0.1381427352860251
Native footprints,0.0905871391296386,0.0206687953519068
Native footprints,0.0403542518615722,0.0645481272653799
Native footprints,0.176948070526123,-0.0720345412590582
Native footprints,0.19100022315979,-0.09919260232297
Native footprints,0.1371047496795654,-0.0259383383999973
Native footprints,0.2477636337280273,-0.127912766345721
Native footprints,0.1775741577148437,-0.0702207569355343
Native footprints,0.1708943843841552,-0.067752684465804
Native footprints,0.1853375434875488,-0.0794077410648513
Native footprints,0.1831400394439697,-0.0811709907123221
Native footprints,0.1798920631408691,-0.0683479581193281
Native footprints,0.14951753616333,-0.0733802026107251
Native footprints,0.0067687034606933,0.0687976723670506
Native footprints,0.2089314460754394,-0.1123865800845384
Native footprints,0.1750659942626953,-0.0723042273166559
Native footprints,0.2806670665740967,-0.1679977022956293
Native footprints,0.2870566844940185,-0.1862553943841559
Native footprints,0.2678041458129883,-0.1743536200810819
Native footprints,0.362480878829956,-0.2572706362057805
Native footprints,0.1244838237762451,-0.0537319465492774
Native footprints,0.1789557933807373,-0.0748810705963428
Native footprints,0.1777763366699218,-0.0596432657015053
Native footprints,0.0917136669158935,0.0108564311154444
Native footprints,0.2295691967010498,-0.1185072623877093
Native footprints,0.0730373859405517,0.0425380238649115
Native footprints,0.0772070884704589,0.0440658435490489
Native footprints,0.1052892357110977,-0.010288104318215
Native footprints,0.1953203678131103,-0.0889297133820151
Native footprints,0.1953060626983642,-0.078763765502279
Native footprints,0.0748696327209472,0.0265047776581447
Native footprints,0.0793106406927108,0.0338625197376417
Native footprints,0.082448735833168,0.020973864795174
Native footprints,0.1197345256805419,-0.0417059933975222
Native footprints,0.0608537197113037,0.0154231669704416
Native footprints,0.2608582973480224,-0.1485268267928315
Native footprints,0.0602116584777832,0.0369438732335106
Native footprints,-0.0071287155151367,0.1318539425668021
Native footprints,0.0168321132659912,0.0853157211373114
Native footprints,0.1852843761444091,-0.0699276133780739
Native footprints,0.2399499416351318,-0.1274705591800145
Native footprints,0.2228860855102539,-0.0900722370095457
Native footprints,0.3200249671936035,-0.2142906679841331
Native footprints,0.1548821926116943,-0.0614618964893644
Native footprints,0.2741942405700683,-0.1780477888703729
Native footprints,0.2610187530517578,-0.1339096965950991
Native footprints,0.0315721035003662,0.073795958851126
Native footprints,0.0043394565582275,0.100696954307988
Native footprints,0.1685585975646972,-0.068834776014937
Native footprints,0.1772055625915527,-0.0882982971827165
Native footprints,0.1275908946990966,-0.0266826890091441
Native footprints,0.0644083023071289,0.0465759031064991
Native footprints,0.1370036602020263,-0.0356668872972623
Native footprints,0.1270201206207275,0.0028250605894633
Native footprints,0.0842938423156738,0.0321690388893476
Native footprints,0.0412051677703857,0.0744353637612375
Native footprints,0.2031643390655517,-0.0704089252743749
Native footprints,0.1288018226623535,0.0152525173614712
Native footprints,0.1204464435577392,-0.0040695886744398
Native footprints,0.2020394802093505,-0.1191318797383821
Native footprints,0.1938953399658203,-0.0660998060383191
Native footprints,0.1434545516967773,-0.0064254901176615
Native footprints,0.2148897647857666,-0.0908681775251445
Native footprints,-0.0096306800842285,0.1323420108526575
Native footprints,0.3443994522094726,-0.2334894328037193
Native footprints,0.0348012447357177,0.0827647794923339
Native footprints,0.2465105056762695,-0.1227162769810257
Native footprints,0.2450048923492431,-0.0950407173334101
Native footprints,0.0816094875335693,0.0386290734412648
Native footprints,0.1078967899084091,0.0371492377489016
Native footprints,0.1884119510650634,-0.0542069270360765
Native footprints,0.0881643444299697,0.0217321318407011
Native footprints,0.144209623336792,-0.0148021196347096
Native footprints,0.1718432903289795,-0.068916173093319
Native footprints,0.0216758251190185,0.090625584535731
Native footprints,0.2021517753601074,-0.0975438703599269
Native footprints,0.1911623477935791,-0.0475444583023347
Native footprints,0.1339006423950195,-0.0355243160447336
Native footprints,0.3069541454315185,-0.1625433536795531
Native footprints,0.0615074634552001,0.0829656279792103
Native footprints,0.2094810009002685,-0.0962181638959975
Native footprints,0.2794489860534668,-0.1603556226878925
Native footprints,0.1400408744812011,-0.0089232429622803
Native footprints,0.0290017127990722,0.0755259326643688
Native footprints,0.1482191085815429,-0.050831325739952
Native footprints,0.051279067993164,0.0716420295790074
Native footprints,-0.0187902450561523,0.1192334423581052
Native footprints,-0.0096528530120849,0.1084157073281469
Native footprints,0.1937220096588134,-0.0815408129314407
Native footprints,0.0597825050354003,0.0377194478790909
Native footprints,0.1238503456115722,-0.0049061057842584
Native footprints,-0.0670633316040039,0.1268050359516951
Native footprints,-0.0237126350402832,0.0849063115536763
Native footprints,-0.011451244354248,0.0643405050975735
Native footprints,0.1307311058044433,-0.0663210969901627
Native footprints,0.0813067108392715,-0.0277007123411389
Native footprints,0.0133774280548095,0.0359972226367192
Native footprints,-0.107709139585495,0.1629361568027293
Native footprints,-0.0818617343902587,0.1282854169132649
Native footprints,0.1219494342803955,-0.0481764518962734
Native footprints,0.0526888370513916,0.0198923073162042
Native footprints,0.0647988319396972,-0.0178175503878936
Native footprints,0.1578831672668457,-0.117212680972477
Native footprints,0.0997262001037597,-0.053056907754393
Native footprints,0.0189454555511474,0.0400828852244393
Native footprints,0.0097649097442626,0.0434723826076411
Native footprints,0.0882575511932373,-0.0421285881921085
Native footprints,0.0757887363433837,-0.0136097371320572
Native footprints,0.1949706077575683,-0.1026100964105403
Native footprints,0.0561127662658691,0.0090928748296827
Native footprints,0.0713131427764892,-0.0129211728586114
Native footprints,-0.0539925098419189,0.0998176737022616
Native footprints,0.2274820804595947,-0.1623824193752924
Native footprints,0.0953719615936279,-0.0382706165594916
Native footprints,0.1077547222375869,-0.0364615340819588
Native footprints,-0.0479180812835693,0.107426721629676
Native footprints,0.1869411468505859,-0.1101912304283253
Native footprints,0.2356166839599609,-0.1709268940508589
Native footprints,0.0755777359008789,-0.005935504667241
Native footprints,0.0570247173309326,0.0024084640201888
Native footprints,0.2129240036010742,-0.1448211972139118
Native footprints,-0.0021898746490478,0.0459271556018027
Native footprints,0.017911672592163,0.0448281771331107
Native footprints,0.1157186031341552,-0.0403310589896486
Native footprints,-0.0105934143066406,0.0794824972866716
Native footprints,0.0233664512634277,0.0197872187793314
Native footprints,0.0821866989135742,-0.0183770185508611
Native footprints,0.0524125099182128,0.0158600792076663
Native footprints,0.0690717697143554,-0.0098999648251321
Native footprints,0.1379168033599853,-0.079934428547814
Native footprints,0.0457916259765625,0.0211735900496149
Native footprints,0.0934589058160781,-0.0360026581104056
Native footprints,0.0825958251953125,-0.0055572474428451
Native footprints,-0.0111403465270996,0.0432187526388105
Native footprints,0.1268630027770996,-0.0640026333805668
Native footprints,0.0104713439941406,0.0581301052476885
Native footprints,0.113471508026123,-0.0577675654210713
Native footprints,0.0572004318237304,0.0149606574717808
Native footprints,0.1598637104034423,-0.0842785465129226
Native footprints,0.139371633529663,-0.068450648400519
Native footprints,-0.0313615798950195,0.0871305828774548
Native footprints,0.2312111854553222,-0.1618030611524679
Native footprints,0.0065367221832275,0.0501386782962887
Native footprints,0.0498926639556884,0.0114730345267604
Native footprints,0.1349215507507324,-0.0928464228716627
Native footprints,0.0775098800659179,-0.0267258332595162
Native footprints,0.0108189582824707,0.0383028741014693
Native footprints,0.0593783855438232,-0.0197126388351219
Native footprints,0.0062747001647949,0.0371144878306052
Native footprints,0.0372183322906494,0.0188567397372992
Native footprints,0.0293223857879638,0.0170631991448911
Native footprints,0.0022652149200439,0.0562512316651713
Native footprints,0.0215344429016113,0.0251090829616628
Native footprints,-0.0260529518127441,0.1547491317895377
Native footprints,0.1484723091125488,-0.0261537178735074
Native footprints,0.1723935604095459,-0.0848143426380619
Native footprints,0.1416089534759521,-0.0209094177951674
Native footprints,0.1645216941833496,-0.0335191836433636
Native footprints,0.1556832790374755,-0.073062116003569
Native footprints,0.1703505516052246,-0.0363331474716958
Native footprints,0.2573130130767822,-0.1239775926162238
Native footprints,0.0524072647094726,0.054142237040944
Native footprints,0.1695375442504882,-0.1057267289354116
Native footprints,-0.0853180885314941,0.2378865344431585
Native footprints,0.0367066860198974,0.0260980093620425
Native footprints,0.1292781829833984,-0.0185009836785744
Native footprints,0.2444450855255127,-0.100988159886376
Native footprints,0.0323503017425537,0.0632019870576033
Native footprints,0.0669105052947998,0.0550442110141551
Native footprints,0.2403266429901123,-0.1069694897255104
Native footprints,0.2048871517181396,-0.0787660559568
Native footprints,0.2339248657226562,-0.1350617214943568
Native footprints,0.258821964263916,-0.1234312984448204
Native footprints,0.252310037612915,-0.1117613353823369
Native footprints,0.2014753818511963,-0.0519302803270252
Native footprints,0.0529022216796875,0.0972899253892879
Native footprints,0.1666071414947509,-0.0134896393714043
Native footprints,0.2874529361724853,-0.1516804662433973
Native footprints,0.1713106632232666,-0.0037234693700636
Native footprints,0.3132197856903076,-0.1497845083154505
Native footprints,0.390512466430664,-0.2539786888607065
Native footprints,0.196735143661499,-0.0540193265785985
Native footprints,0.4351758956909179,-0.2903686221342039
Native footprints,0.2364985942840576,-0.0514592686101769
Native footprints,0.1102671474218368,0.040819817562672
Native footprints,0.2997596263885498,-0.1314732712049815
Native footprints,0.2918972969055176,-0.1654357154350981
Native footprints,0.2431981563568115,-0.1275863360525485
Native footprints,0.1685106754302978,-0.0448737143233831
Native footprints,0.1329915523529052,-0.0018322956891897
Native footprints,0.1877980232238769,-0.0418177917365771
Native footprints,0.0734164714813232,0.0850969469340386
Native footprints,0.1375150680541992,0.0183072709467101
Native footprints,0.2255136966705322,-0.1307953831369032
Native footprints,0.227311372756958,-0.0964676941990995
Native footprints,0.2086987495422363,-0.0929210114721703
Native footprints,0.1708250045776367,-0.0560168072327724
Native footprints,0.1908385753631591,-0.0444958032816598
Native footprints,-0.0008578300476074,0.1079681516375832
Native footprints,0.4182612895965576,-0.2855401390970061
Native footprints,0.1725685596466064,-0.0588382756404735
Native footprints,-0.0345361232757568,0.1575171432652876
Native footprints,0.1688661575317382,-0.0638137806464617
Native footprints,-0.0636298656463623,0.1904758892241598
Native footprints,-0.0673489570617675,0.2012922825477802
Native footprints,0.1850595474243164,-0.0357469117511598
Native footprints,0.2310009002685547,-0.0822123671922753
Native footprints,0.2270419597625732,-0.0783944828604563
Native footprints,0.0583162307739257,0.066109767620796
Native footprints,0.0975623130798339,0.0482196544993003
Native footprints,0.191817045211792,-0.0760274668278787
Native footprints,0.1675703525543213,-0.0077885635238607
Native footprints,0.1091256141662597,0.011741511034485
Native footprints,0.2540667057037353,-0.116642235923458
Native footprints,0.3120269775390625,-0.1397504365889612
Native footprints,0.1779334545135498,-0.0643812966797255
Native footprints,0.1721103191375732,-0.0208462862471487
Native footprints,0.3820068836212158,-0.2464276930122099
Native footprints,0.2657144069671631,-0.1010160963207551
Native footprints,0.2180342674255371,-0.0816321750041453
Native footprints,0.1941077709197998,-0.0383438819656158
Native footprints,0.084876537322998,0.0536498331675872
Native footprints,0.0607821941375732,0.0799838054590518
Native footprints,0.0640244483947753,0.0678735395600904
Native footprints,0.3588922023773193,-0.2114452750179789
Native footprints,0.2042670249938964,-0.0875214793015623
Native footprints,0.0476324558258056,0.0504447799022835
Native footprints,0.2618393898010254,-0.1351314776561226
Native footprints,0.1815426349639892,-0.0659397715810822
Native footprints,0.2154650688171386,-0.1122063767821721
Native footprints,-0.0073411464691162,0.1099066433422233
Native footprints,0.2119393348693847,-0.0928544836465374
Native footprints,0.0767927169799804,0.0038149332005422
Native footprints,-0.0814135074615478,0.4183316216304886
Native footprints,0.2315876483917236,0.1554424469286504
Native footprints,0.542802095413208,-0.1158845593899609
Native footprints,0.4551105499267578,-0.0747873482387149
Native footprints,0.3808989524841308,0.0710137928146039
Native footprints,0.633981466293335,-0.185032848475663
Native footprints,0.5951566696166992,-0.1736770277857264
Native footprints,0.4801130294799804,-0.0575436493336231
Native footprints,0.700486421585083,-0.2527146880196871
Native footprints,0.5217654705047607,-0.090904097715559
Native footprints,0.4867832660675049,-0.0945666838405878
Native footprints,0.6724274158477783,-0.1700203638230183
Native footprints,0.4390084743499756,0.0620593032113491
Native footprints,0.2965388298034668,0.1553098980470833
Native footprints,0.4951038360595703,-0.0895077298596164
Native footprints,0.3655879497528076,0.1392559676941528
Native footprints,0.4550683498382568,0.0345373290823613
Native footprints,0.600541353225708,-0.1729929063858525
Native footprints,0.5235671997070312,-0.027193401075224
Native footprints,0.4328715801239013,0.0481468958417837
Native footprints,0.5171842575073242,-0.0539816502576562
Native footprints,0.7220547199249268,-0.246494904712331
Native footprints,0.7942943572998047,-0.3904610775156261
Native footprints,0.5925743579864502,-0.1038260282161725
Native footprints,0.2623825073242187,0.2273418201299779
Native footprints,0.5012991428375244,-0.0393737557639523
Native footprints,0.478823184967041,-0.0275064430311368
Native footprints,0.7041528224945068,-0.2324203427214616
Native footprints,0.6321368217468262,-0.2177426568474154
Native footprints,0.5865941047668457,-0.1253924185342032
Native footprints,0.8471829891204834,-0.3895318633226143
Native footprints,0.5115602016448975,-0.0831713072426026
Native footprints,0.6043169498443604,-0.161308979441649
Native footprints,0.8107521533966064,-0.4057825102269711
Native footprints,0.6603589057922363,-0.2505516048587297
Native footprints,0.4494915008544922,-0.0422920750574309
Native footprints,0.5431232452392578,-0.1889941306153219
Native footprints,0.7548613548278809,-0.3503270425756564
Native footprints,0.1868553161621093,0.0888257990666807
Native footprints,0.6305680274963379,-0.2233772518767506
Native footprints,0.7904317378997803,-0.3963570852817102
Native footprints,0.3822052478790283,-0.190529303596195
Native footprints,0.4577701091766357,-0.2372965431191811
Native footprints,0.2250633239746093,-0.019850266049334
Native footprints,-0.0064029693603515,0.1921019937641713
Native footprints,0.6211962699890137,-0.4133537574951904
Native footprints,0.1707174777984619,0.023793991592883
Native footprints,0.6602559089660645,-0.4001186411933068
Native footprints,-0.0109589099884033,0.3247681057101584
Native footprints,0.3375673294067383,-0.0373703842413343
Native footprints,0.6800761222839355,-0.4442326632259612
Native footprints,0.3692359924316406,-0.0888342729043709
Native footprints,0.4708082675933838,-0.1545126366380883
Native footprints,-0.1368994414806366,0.4360010962663908
Native footprints,0.4760992527008056,-0.1652571292013811
Native footprints,0.1477656364440918,0.1247725809691744
Native footprints,0.0313174724578857,0.2257572030476697
Native footprints,0.2357044219970703,0.0045238028201169
Native footprints,-0.0439624786376953,0.294130631592479
Native footprints,0.3704314231872558,-0.1056701447644773
Native footprints,0.7313449382781982,-0.4468944449029233
Native footprints,0.2183492183685302,0.097407248865279
Native footprints,0.1815466880798339,0.0679559840228338
Native footprints,0.3216977119445801,-0.0921546802008273
Native footprints,0.1514589786529541,0.1693422904882776
Native footprints,0.3285539150238037,-0.0365934418585924
Native footprints,0.5575966835021973,-0.2338781880194688
Native footprints,0.3856170177459717,-0.0526892733898931
Native footprints,-0.0919187068939209,0.4046876420884667
Native footprints,0.3777282238006592,-0.0409578988340919
Native footprints,0.3982462882995605,-0.0709557909847031
Native footprints,0.6237077713012695,-0.2868295645113839
Native footprints,0.1607413291931152,0.1491507471548121
Native footprints,0.556542158126831,-0.1883977314855252
Native footprints,0.215883731842041,0.1700054602834219
Native footprints,0.5088417530059814,-0.1186419197804039
Native footprints,0.2388668060302734,0.1375234482996277
Native footprints,0.2590503692626953,0.053165445363731
Native footprints,0.5005955696105957,-0.1804412539910038
Native footprints,0.6177568435668945,-0.1999051843265255
Native footprints,0.1185004711151123,0.1312424734703683
Native footprints,0.3931472301483154,-0.1990142520330367
Native footprints,0.1983757019042968,0.0238424086335626
Native footprints,0.3343427181243896,-0.1190190137539608
Native footprints,0.2941107749938965,-0.0826492214936313
Native footprints,0.3786993026733398,-0.1367773454998099
Native footprints,0.605980634689331,-0.3854063646153982
Native footprints,0.1636004447937011,0.0488164165156383
Native footprints,0.2309057712554931,0.0097017883834359
Native footprints,0.3318278789520263,-0.0704839420960453
Native footprints,0.1865873336791992,0.0224035818974513
Native footprints,0.3191902637481689,-0.0767229466267354
Native footprints,0.2948994636535644,-0.0784421565926174
Native footprints,0.2707247734069824,-0.0109296477602676
Native footprints,0.2523412704467773,-0.0104545734824895
Native footprints,0.3359968662261963,-0.0789119454749802
Native footprints,0.2311348915100097,0.0213521531699364
Native footprints,0.2266452312469482,0.0533786718407957
Native footprints,0.267162561416626,-0.0212894056239721
Native footprints,0.011350393295288,0.3018627070404717
Native footprints,0.4827709197998047,-0.1869196458858459
Native footprints,0.3810708522796631,-0.0708017877006915
Native footprints,0.4468965530395508,-0.18204113491937
Native footprints,0.4973475933074951,-0.2095957995760037
Native footprints,0.3764257431030273,-0.1116267965315326
Native footprints,0.0466790199279785,0.2680351009202236
Native footprints,0.1366713047027588,0.1817060436080951
Native footprints,0.2472116947174072,0.0416033653324474
Native footprints,0.4490773677825928,-0.1608288943572798
Native footprints,0.273526668548584,0.0358156307395382
Native footprints,0.5762403011322021,-0.2851802746327599
Native footprints,0.0347790718078613,0.281839437757684
Native footprints,0.3411190509796142,-0.0197652440836389
Native footprints,0.4454026222229004,-0.1758434093689765
Native footprints,0.2015609741210937,0.1018023040924229
Native footprints,0.2614412307739258,0.2517375927849784
Native footprints,0.149000883102417,0.3510531059287196
Native footprints,0.6302974224090576,-0.0780153795561391
Native footprints,0.4922878742218017,0.0571915111295669
Native footprints,0.4194984436035156,0.1205937814229117
Native footprints,0.4845631122589111,-0.0167273840659253
Native footprints,0.3517732620239258,0.1614264201189581
Native footprints,0.4747877120971679,-0.0829018304494932
Native footprints,0.2870917320251465,0.176780497119045
Native footprints,0.4726989269256592,0.0436394199671761
Native footprints,0.0631625652313232,0.4535655304380497
Native footprints,0.3544681072235107,0.198551470619418
Native footprints,0.5463888645172119,-0.0485419590662292
Native footprints,0.3078265190124511,0.1730803942033309
Native footprints,0.322338342666626,0.1773730134482564
Native footprints,0.5487020015716553,-0.0345952777695381
Native footprints,0.3608014583587646,0.1551476305477444
Native footprints,0.3871903419494629,0.1689783299354071
Native footprints,0.4130921363830566,0.1125569302593122
Native footprints,0.187540054321289,0.3538008637002032
Native footprints,0.3139877319335937,0.2032883310066802
Native footprints,0.4072284698486328,0.1099239753071734
Native footprints,0.3631088733673095,0.1146582708205457
Native footprints,0.3936643600463867,0.0482907733299511
Native footprints,0.5336017608642578,0.0028893523356338
Native footprints,0.563971757888794,-0.1041824431866803
Native footprints,0.439371109008789,-0.0239749958930375
Native footprints,0.4245913028717041,0.0684303679426304
Native footprints,0.8536121845245361,-0.3338045643256717
Native footprints,0.3711955547332763,0.1111125645357277
Native footprints,0.3822808265686035,0.1118870541098016
Native footprints,0.4085516929626465,0.0942941561853916
Native footprints,0.5820877552032471,-0.0552926320687485
Native footprints,0.5183260440826416,0.0473918102456706
Native footprints,0.3743152618408203,0.1534370249032389
Native footprints,0.6667053699493408,-0.1484409782210893
Native footprints,0.6851372718811035,-0.1170319072212133
Native footprints,0.4671881198883056,0.0777199840863672
Native footprints,0.6635503768920898,-0.0996996725738394
Native footprints,0.3633737564086914,0.2048047359926804
Native footprints,0.5880167484283447,-0.0416175010942315
Native footprints,0.3129589557647705,0.245241403548495
Native footprints,0.2598609924316406,0.2513960807061962
Native footprints,0.2262930870056152,0.2655751961378086
Native footprints,0.2886264324188232,0.2888243140492725
Native footprints,0.3329384326934814,0.1471970810077116
Native footprints,0.8097259998321533,-0.3602023906075714
Native footprints,0.0882909297943115,0.3734731713460766
Native footprints,0.3878517150878906,0.0152005947725788
Native footprints,0.6757216453552246,-0.2023051109953155
Native footprints,0.3013956546783447,0.1657987640804311
Native footprints,0.4933538436889648,-0.0132100479029563
Native footprints,0.6453418731689453,-0.0919026696953668
Native footprints,0.5794260501861572,-0.0857086228985481
Native footprints,0.3537404537200928,0.2024203041726202
Native footprints,0.4555752277374267,0.0121307784678384
Native footprints,0.3836486339569092,0.1892924866547836
Native footprints,0.50325608253479,-0.0515594383009622
Native footprints,0.4354207515716553,0.1097245267726217
Native footprints,0.0467772483825683,0.4484613831649222
Native footprints,0.2397487163543701,0.2011955732330475
Native footprints,0.2088654041290283,0.2805474249129426
Native footprints,-0.1189256012439727,0.5818347466216798
Native footprints,0.5424404144287109,-0.0099985045182594
Native footprints,0.0209481716156005,0.462242388453296
Native footprints,0.263850450515747,0.1908622529383752
Native footprints,0.6985743045806885,-0.4059210503578586
Native footprints,0.1253314018249511,0.1525617355604938
Native footprints,0.4847116470336914,-0.2023758459812957
Native footprints,0.3690006732940674,-0.0779142361463803
Native footprints,0.2917475700378418,-0.0279277806122512
Native footprints,0.2639060020446777,0.0227224649163441
Native footprints,0.1928308010101318,0.1122443227859628
Native footprints,0.3441534042358398,-0.0528383508728581
Native footprints,0.2981829643249511,-0.0428469131428769
Native footprints,0.0810682922601699,0.181718813212098
Native footprints,0.8894495964050293,-0.5605412398330551
Native footprints,0.5430178642272949,-0.2266503938548225
Native footprints,0.3461370468139648,-0.0357077699053965
Native footprints,0.5736227035522461,-0.3217167851568508
Native footprints,0.2406730651855468,0.0952689592763103
Native footprints,0.4200117588043213,-0.113476043339439
Native footprints,0.2854225635528564,-0.0082053669859052
Native footprints,0.5227200984954834,-0.1973015977440242
Native footprints,0.3578457832336426,-0.0578434670614018
Native footprints,0.4861266613006592,-0.1727793911908889
Native footprints,0.4517383575439453,-0.114057586061054
Native footprints,0.4991476535797119,-0.1472072179030066
Native footprints,0.6410083770751953,-0.3246519494824768
Native footprints,0.2833600044250488,0.0092894768480318
Native footprints,0.2406580448150634,0.1100006922248679
Native footprints,0.4293060302734375,-0.0795432614385971
Native footprints,0.3909366130828857,-0.0437508916243444
Native footprints,0.5551772117614746,-0.178736712783693
Native footprints,0.6774072647094727,-0.3583529633253141
Native footprints,0.0457751750946044,0.2292282815499521
Native footprints,0.2339017391204834,0.0787277809796689
Native footprints,0.340259313583374,-0.0154028596470021
Native footprints,0.2629094123840332,0.0409339200048977
Native footprints,0.2432889938354492,0.0124831244493527
Native footprints,0.7622628211975098,-0.4530211339027012
Native footprints,0.4328360557556152,-0.1389318693073815
Native footprints,0.4592106342315674,-0.1138962344998839
Native footprints,0.2159411907196045,0.0560700713786814
Native footprints,0.1112549155950546,0.1682777985143564
Native footprints,0.4053921699523926,-0.0573837614021828
Native footprints,0.4104268550872803,-0.0734692629807192
Native footprints,0.6712722778320312,-0.3543823919540328
Native footprints,0.1647379398345947,0.1186977527556814
Native footprints,0.3362081050872803,-0.0354618736522824
Native footprints,-0.0463044643402099,0.3328407240902865
Native footprints,0.4745361804962158,-0.1644151811891117
Native footprints,0.2504501342773437,0.0229265675375167
Native footprints,-0.0878276824951171,0.4177936919724129
Native footprints,0.4681499004364013,-0.1434545790612724
Native footprints,0.1479804515838623,0.2171960439522432
Native footprints,0.3782958984375,-0.0168640708647315
Native footprints,0.4046590328216553,-0.0796204343681198
Native footprints,0.5927562713623047,-0.2547304130121028
Native footprints,0.5643155574798584,-0.1521231388170538
Native footprints,0.3241286277770996,0.0770309496335447
Native footprints,0.5064020156860352,-0.1198719128934089
Native footprints,0.5053668022155762,-0.0337831852484917
Native footprints,0.6383934020996094,-0.2479521921132436
Native footprints,0.5497071743011475,-0.0797165396623451
Native footprints,0.3285865783691406,0.1262256941490964
Native footprints,0.3125770092010498,0.1667407559849759
Native footprints,0.5344820022583008,-0.1246021870710766
Native footprints,0.4403893947601318,0.0357745832025571
Native footprints,0.4881813526153564,0.0361997575161545
Native footprints,0.4993915557861328,0.0144483008385974
Native footprints,0.4435083866119385,0.04983797260155
Native footprints,0.4495694637298584,0.061535525791256
Native footprints,0.395146369934082,0.108018799595174
Native footprints,0.5771639347076416,-0.0859791689565983
Native footprints,0.8124022483825684,-0.3225163896000821
Native footprints,0.2002925872802734,0.2529590950636264
Native footprints,0.4089875221252441,0.1032741985750954
Native footprints,0.9340262413024902,-0.4161880395239643
Native footprints,0.6391072273254395,-0.1135093255625971
Native footprints,0.6343016624450684,-0.1854769998301343
Native footprints,0.7606050968170166,-0.2765509300225855
Native footprints,0.6738805770874023,-0.1684975879421204
Native footprints,0.7406516075134277,-0.2688734535763447
Native footprints,0.4235010147094726,0.0170336490978502
Native footprints,0.3765578269958496,0.0908164050265861
Native footprints,0.7149267196655273,-0.2636982279444901
Native footprints,0.5038833618164062,-0.0630111263668831
Native footprints,0.735511064529419,-0.2834450393128219
Native footprints,0.6538496017456055,-0.2088211093918053
Native footprints,0.7354874610900879,-0.2914766529137779
Native footprints,0.4855506420135498,-0.0543519736516416
Native footprints,0.3007087707519531,0.1340495683380254
Native footprints,0.5649957656860352,-0.1329989804174111
Native footprints,0.4863576889038086,-0.0695785596470409
Native footprints,0.1591298580169677,-0.0101654073243305
Native footprints,-0.1990845203399658,0.3198366165849404
Native footprints,0.04148530960083,0.1103115220755278
Native footprints,0.1133248805999755,0.0228613101400326
Native footprints,-0.2057433128356933,0.3555061258301521
Native footprints,0.0060675144195556,0.2606720166473645
Native footprints,0.2469015121459961,-0.0190549581163304
Native footprints,0.191523790359497,0.0715680344852032
Native footprints,-0.0016098022460937,0.2447468639596036
Native footprints,0.2770838737487793,-0.0597984502294514
Native footprints,0.5291779041290283,-0.2949870737472014
Native footprints,0.3915262222290039,-0.1505420117773008
Native footprints,0.1871826648712158,0.1067801710072666
Native footprints,-0.0775232315063476,0.3809791770466328
Native footprints,0.2775003910064697,0.0749029211882548
Native footprints,0.5530641078948975,-0.2043148515207513
Native footprints,0.7828769683837891,-0.426385864519262
Native footprints,0.6516749858856201,-0.2730712983772065
Native footprints,0.1727571487426757,0.2081330383369554
Native footprints,0.5584580898284912,-0.2170465152057317
Native footprints,0.5235319137573242,-0.1747579338262845
Native footprints,0.4766063690185547,-0.1700908373011115
Native footprints,0.2123615741729736,0.1162415415619686
Native footprints,0.4604442119598388,-0.1530766070868265
Native footprints,0.2572836875915527,0.0481890989732365
Native footprints,0.4183928966522217,-0.1282620280459088
Native footprints,0.2739098072052002,0.0286563663564113
Native footprints,0.2801597118377685,-0.0081966392033532
Native footprints,0.2975471019744873,-0.0207986407337026
Native footprints,0.5949764251708984,-0.3145941838801391
Native footprints,0.1652588844299316,0.0445391663235672
Native footprints,0.3802533149719238,-0.1587378626446851
Native footprints,0.2913351058959961,-0.0160322672225548
Native footprints,0.4677643775939941,-0.1644396570864516
Native footprints,0.5054023265838623,-0.2372055473564688
Native footprints,0.4495646953582763,-0.1767806533979321
Native footprints,0.3115174770355224,-0.0906081812936103
Native footprints,0.4503293037414551,-0.1475457407906319
Native footprints,0.2539427280426025,0.0358945559941965
Native footprints,0.35137939453125,-0.1425065140004137
Native footprints,0.1760432720184326,0.069213788687116
Native footprints,0.5054090023040771,-0.2546257358426108
Native footprints,0.1766190528869629,0.06908251037807
Native footprints,0.3511617183685303,-0.1408578622907187
Native footprints,0.1407592296600341,0.1262321688084404
Native footprints,0.1635792255401611,0.0703136798462209
Native footprints,0.1809720993041992,0.0552606790888778
Native footprints,0.4318845272064209,-0.1639559955038835
Native footprints,0.2261481285095214,0.0165616389762873
Native footprints,0.2895090579986572,0.0024317835581025
Native footprints,0.5785520076751709,-0.327142431555327
Native footprints,0.4126820564270019,-0.1340827332762925
Native footprints,0.4578397274017334,-0.1926511547512539
Native footprints,0.1920592784881591,0.0751875149365134
Native footprints,0.5373079776763916,-0.2800468632393237
Native footprints,0.5034058094024658,-0.2378711069554767
Native footprints,0.2644941806793213,-0.0088252203620539
Native footprints,0.1248896121978759,0.091493616215555
Native footprints,0.2860109806060791,-0.0213643323720241
Native footprints,0.1380727291107177,0.0367802917395007
Native footprints,0.2964735031127929,-0.0430059516138615
Native footprints,0.282573938369751,-0.0221372885681088
Native footprints,0.2857019901275635,-0.07795682280471
Native footprints,0.433434247970581,-0.1808733700382244
Native footprints,0.3106198310852051,-0.1036599894491859
Native footprints,0.197916030883789,0.0834715021316253
Native footprints,0.7642381191253662,-0.5800940254712598
Native footprints,0.3638131618499756,-0.1758277912468792
Native footprints,0.0512428283691406,0.1609863670331583
Native footprints,0.1470391750335693,0.0404360344820891
Native footprints,0.4756619930267334,-0.2694051163452171
Native footprints,-0.0131306648254394,0.2094366472755759
Native footprints,0.3445107936859131,-0.1607433968561628
Native footprints,0.0429532527923584,0.1687996767214697
Native footprints,0.3724904060363769,-0.1695229893972297
Native footprints,0.1863598823547363,-0.0457984349158588
Native footprints,0.1894054412841797,-0.0076396249708013
Native footprints,0.2641196250915527,-0.1113979606108024
Native footprints,0.1709280014038086,0.0093061813576983
Native footprints,0.1888551712036132,-0.0022122652003256
Native footprints,0.4286515712738037,-0.245253156659776
Native footprints,0.1845014095306396,-0.0149436776419286
Native footprints,0.2124891281127929,-0.0340251949690069
Native footprints,-0.0782060623168945,0.2249232459808287
Native footprints,0.0491533279418945,0.1125151353467205
Native footprints,0.4273912906646728,-0.246814827742376
Native footprints,0.1932506561279297,-0.0419932182309694
Native footprints,0.3513486385345459,-0.2035224223650459
Native footprints,0.0017910003662109,0.1502702445364774
Native footprints,0.0071253776550292,0.1301067023624238
Native footprints,0.3057210445404053,-0.1918757929272785
Native footprints,0.0042104721069335,0.1043473585252602
Native footprints,-0.0285036563873291,0.1557004262570611
Native footprints,0.1995947360992431,-0.0688153970706454
Native footprints,0.0263469219207763,0.1257600124831438
Native footprints,0.2626216411590576,-0.0098394168414109
Native footprints,0.342684268951416,-0.1249664899303332
Native footprints,0.3286190032958984,-0.0967582147793467
Native footprints,0.6210834980010986,-0.3858857348148476
Native footprints,0.1887092590332031,0.0446591756636432
Native footprints,0.5438024997711182,-0.3299061053582741
Native footprints,0.3569350242614746,-0.1167159864235548
Native footprints,0.1995444297790527,0.024748343005078
Native footprints,0.5585324764251709,-0.3196985712610535
Native footprints,0.282217264175415,-0.05476151718868
Native footprints,0.4023723602294922,-0.1749535605433506
Native footprints,-0.0765187740325927,0.306474974448278
Native footprints,0.2847089767456054,-0.0418528310792805
Native footprints,0.1505374908447265,0.0643864342242214
Native footprints,0.6018071174621582,-0.3412218195752727
Native footprints,-0.0702776908874511,0.2947772857340567
Native footprints,0.1123492717742919,0.1187576629777241
Native footprints,0.1904006004333496,0.048176774822206
Native footprints,0.1244609355926513,0.1303838039135372
Native footprints,0.2771780490875244,-0.0693872382750213
Native footprints,0.0004663467407226,0.2251131859542358
Native footprints,0.1944143772125244,0.0101332918837996
Native footprints,0.348860502243042,-0.1120782535340418
Native footprints,0.4484264850616455,-0.241727360388178
Native footprints,0.5619311332702637,-0.3631320285699581
Native footprints,0.2637534141540527,-0.0328126425629451
Native footprints,0.4586012363433838,-0.2050012635105697
Native footprints,0.4231996536254883,-0.1771866072854238
Native footprints,-0.1339306831359863,0.3055592429724429
Native footprints,0.0143566131591796,0.197856708247223
Native footprints,0.1803479194641113,0.0045807176799301
Native footprints,0.1319043636322021,0.0711671618805141
Native footprints,0.0952579826116561,0.1137064609679731
Native footprints,0.2307655811309814,-0.0433208772943931
Native footprints,0.3722167015075683,-0.1790386937830938
Native footprints,0.0116937160491943,0.192670596891632
Native footprints,0.4436867237091064,-0.250509191437649
Native footprints,0.4618556499481201,-0.2738435159413145
Native footprints,0.1529598236083984,0.0035440696240463
Native footprints,0.2687597274780273,-0.0944904402353573
Native footprints,0.3596696853637695,-0.1782098307355458
Native footprints,0.2275881767272949,-0.0684938620852935
Native footprints,0.4216103553771972,-0.2294415810362622
Native footprints,0.1910281181335449,-0.0292129545833375
Native footprints,0.0748195648193359,0.126027638107055
Native footprints,0.2106051445007324,-0.0616212615831671
Native footprints,0.5589861869812012,-0.3408095191125658
Native footprints,0.6869082450866699,-0.4554861003214553
Native footprints,0.5142421722412109,-0.2940998742391804
Native footprints,0.183154821395874,0.0099163627716752
Native footprints,0.3935334682464599,-0.1629896539131183
Native footprints,0.2209799289703369,-0.0201174962102019
Native footprints,0.3426234722137451,-0.1915439150939878
Native footprints,0.1868891716003418,0.0234397607898276
Native footprints,0.4126961231231689,-0.221034565128404
Native footprints,0.0500643253326416,0.1325802815284328
Native footprints,-0.0413258075714111,0.2770390231770653
Native footprints,0.1249172687530517,0.0403740084917544
Native footprints,0.0734901428222656,0.1415745470141569
Native footprints,0.1847455501556396,0.0160028198919535
Native footprints,0.2975730895996094,-0.0761991382251621
Native footprints,0.0067548751831054,0.2028332707319039
Native footprints,0.2739217281341553,-0.0918503795770572
Native footprints,-0.1191477477550506,0.3338578416638189
Native footprints,-0.1006083488464355,0.3415193702078806
Native footprints,0.0698866844177246,0.1382189529781244
Native footprints,0.0360457897186279,0.1930950547841698
Native footprints,0.4315893650054931,-0.2361619583823354
Native footprints,0.2617461681365967,-0.0432380635034021
Native footprints,0.2701466083526611,-0.0651129342496109
Native footprints,0.5508863925933838,-0.3671999914856899
Native footprints,0.2289252281188964,-0.0160754438316202
Native footprints,0.377032995223999,-0.1649100405652493
Native footprints,0.4326903820037842,-0.1994687395916947
Native footprints,0.4559528827667236,-0.2133844781989593
Native footprints,0.3016901016235351,-0.1033815724137983
Native footprints,0.3675389289855957,-0.1250251708404193
Native footprints,-0.0065867900848388,0.2015587740663112
Native footprints,0.2017445564270019,-0.0229492478674331
Native footprints,0.0739912986755371,0.1054890456586284
Native footprints,0.1096000671386718,0.1438871159687109
Native footprints,0.0853078216314315,0.1136580443803525
Native footprints,-0.1266901493072509,0.2890481114939467
Native footprints,0.1274728775024414,0.1106079560940396
Native footprints,0.0947518199682235,0.080592282499969
Native footprints,0.2855463027954101,-0.0894222348045257
Native footprints,-0.1591069996356964,0.3274200108626152
Native footprints,0.0185532569885253,0.1473895902733455
Native footprints,0.4289665222167969,-0.2473632494865189
Native footprints,0.3258881568908691,-0.1463625371597124
Native footprints,0.0308704376220703,0.1700876838920713
Native footprints,0.4158217906951904,-0.2439489553682602
Native footprints,0.742102861404419,-0.5458391635984237
Native footprints,0.1229364871978759,0.0764372101422928
Native footprints,0.4026756286621094,-0.1920012106375826
Native footprints,0.1113033294677734,0.1367607138280618
Native footprints,0.3273563385009765,-0.1306555460002486
Native footprints,0.2005438804626464,0.0620616019570574
Native footprints,-0.0323162078857421,0.2406964884163881
Native footprints,0.427211046218872,-0.1707116995384968
Native footprints,0.0042352676391601,0.2297178362340749
Native footprints,0.3507552146911621,-0.1153418105558273
Native footprints,0.3354415893554687,-0.0581381057344958
Native footprints,0.204761266708374,0.0627945405030797
Native footprints,0.2182979583740234,0.0651277036913095
Native footprints,0.2840347290039062,-0.0156236278261218
Native footprints,0.3715047836303711,-0.1169259603955349
Native footprints,0.1320643424987793,0.1621241035049537
Native footprints,0.1590528488159179,0.0836958137941352
Native footprints,0.4400718212127685,-0.1869815340143751
Native footprints,0.0313193798065185,0.2196539451642683
Native footprints,0.2391932010650634,-0.0429095188951523
Native footprints,0.0998280048370361,0.1530985731515051
Native footprints,0.3963398933410644,-0.1753555680456019
Native footprints,0.3568882942199707,-0.1038737420860564
Native footprints,0.185685396194458,0.0350311570291655
Native footprints,0.2759194374084472,-0.0327085271053329
Native footprints,0.2793929576873779,0.0027210675382927
Native footprints,0.3812508583068847,-0.1617299160495366
Native footprints,0.2815275192260742,-0.0287109395936375
Native footprints,0.3349230289459228,-0.097010996507736
Native footprints,0.5130109786987305,-0.2471044413179157
Native footprints,0.2753498554229736,-0.0514633188990409
Native footprints,0.511772632598877,-0.2402943073212713
Native footprints,0.2671358585357666,-0.0036654197174471
Native footprints,0.2383193969726562,0.0008586901643196
Native footprints,0.2422757148742675,0.0094770156264299
Native footprints,0.2151656150817871,0.0533528464547162
Native footprints,0.2257936000823974,0.0579120577984743
Native footprints,0.1491641998291015,0.0905161650775434
Native footprints,0.0883896201848983,0.1555731040359358
Native footprints,0.2733626365661621,0.0226068871143284
Native footprints,0.3254287242889404,-0.0771367396143509
Native footprints,0.4348402023315429,-0.1186630051891085
Native footprints,0.1901147365570068,0.0622589662585205
Native footprints,0.1948072910308838,0.0672665735668326
Native footprints,0.2379634380340576,0.074095599794251
Native footprints,0.1843161582946777,0.0749432084876417
Native footprints,0.0519938468933105,0.2497248546709626
Native footprints,0.4405744075775146,-0.1718903963678668
Native footprints,0.2348475456237793,0.0510657173018458
Native footprints,0.1359012126922607,0.1462625357166909
Native footprints,0.1510934829711914,0.1233327430361163
Native footprints,0.3377468585968017,-0.0845604071913845
Native footprints,0.2787182331085205,-0.0279609785282523
Native footprints,0.3471100330352783,-0.1281837137932915
Native footprints,0.491710901260376,-0.2546954658522385
Native footprints,0.3999149799346924,-0.1643327746410633
Native footprints,0.201326847076416,0.0276756712727695
Native footprints,0.386343240737915,-0.1261729673234484
Native footprints,0.2264690399169922,-0.0105348231981115
Native footprints,0.1438677310943603,0.1340101611201466
Native footprints,0.2532329559326172,-0.0174084229721656
Native footprints,0.2012660503387451,-0.0162406815114979
Native footprints,0.2383360862731933,-0.0860020080246122
Native footprints,0.3715851306915283,-0.1457383627265245
Native footprints,0.2728619575500488,-0.1097544666875545
Native footprints,0.438758373260498,-0.2268216734869315
Native footprints,0.3245270252227783,-0.1328743167890106
Native footprints,0.1894431114196777,0.0245136962007367
Native footprints,0.5423288345336914,-0.3565338606435652
Native footprints,0.2525956630706787,-0.0316535150589986
Native footprints,0.0983107239007949,0.0901452378289543
Native footprints,0.0896952152252197,0.0732062050973108
Native footprints,0.3787379264831543,-0.2112894728878043
Native footprints,0.0707545280456543,0.1271361699851428
Native footprints,0.375901460647583,-0.211769782637299
Native footprints,0.2770102024078369,-0.0937089642556439
Native footprints,0.2899036407470703,-0.0869238623294763
Native footprints,0.4263272285461426,-0.2186471982866432
Native footprints,0.1893811225891113,-0.0215727357225593
Native footprints,0.1554913520812988,0.005599849895679
Native footprints,0.114288330078125,0.0679191667510226
Native footprints,0.3172938823699951,-0.1633318223161896
Native footprints,0.2107155323028564,-0.0730802374524435
Native footprints,0.0946037620306015,0.1039007918569618
Native footprints,0.24605393409729,-0.0769564714036008
Native footprints,0.2548387050628662,-0.0756518379378557
Native footprints,0.2596864700317383,-0.0760577674482587
Native footprints,0.2092945575714111,-0.0693256319523029
Native footprints,0.1318345069885254,0.0096661442056186
Native footprints,0.2707381248474121,-0.1019447680383911
Native footprints,0.3844006061553955,-0.1937692781628966
Native footprints,0.0698857307434082,0.093107053244392
Native footprints,0.1761841773986816,0.0211674949453763
Native footprints,0.316580057144165,-0.145784506331008
Native footprints,0.3199942111968994,-0.1181458269138728
Native footprints,0.1902980804443359,-0.0207334468182787
Native footprints,0.2839162349700928,-0.1326931063763402
Native footprints,0.1585414409637451,0.0603498174525228
Native footprints,0.1078567504882812,0.102866593185433
Native footprints,0.0935876369476318,0.0853322863140212
Native footprints,0.5191769599914551,-0.3265546188093211
Native footprints,0.2718663215637207,-0.0916696842533771
Native footprints,0.279935359954834,-0.0820866704986841
Native footprints,0.2136962413787841,-0.0283981158916147
Native footprints,0.2665812969207763,-0.0934334499737011
Native footprints,0.0864715427160263,0.1062546005957947
Native footprints,0.2513296604156494,-0.0622333861693067
Native footprints,0.0362944602966308,0.1136135805887863
Native footprints,0.2989125251770019,-0.1057386584949351
Native footprints,0.3022019863128662,-0.0906551886877783
Native footprints,0.3465933799743652,-0.1825630194683236
Native footprints,0.3915491104125976,-0.2322780346085627
Native footprints,0.1629793643951416,0.0037467533695538
Native footprints,0.373497724533081,-0.1557625531338858
Native footprints,-0.0746965408325195,0.2583329733618268
Native footprints,0.5905122756958008,-0.4346294468013504
Native footprints,0.3411619663238525,-0.1496670162686252
Native footprints,0.5246427059173584,-0.2927378689793438
Native footprints,0.1777374744415283,0.0255105821753099
Native footprints,0.1084790378808975,0.0583946697026481
Native footprints,0.4035828113555908,-0.2613220488217173
Native footprints,0.2333455085754394,-0.0025701332855353
Native footprints,0.1192717552185058,0.0495611715513
Native footprints,0.3683466911315918,-0.1857818070054632
Native footprints,0.2675058841705322,-0.0934312105838312
Native footprints,-0.0985469818115234,0.2806648327411408
Native footprints,0.4295952320098877,-0.2110186928166069
Native footprints,0.0960886478424072,0.063676975785469
Native footprints,0.1445934772491455,0.003944185343196
Native footprints,0.1775257587432861,-0.0170993934562717
Native footprints,0.3645913600921631,-0.1741045084681116
Native footprints,0.3642582893371582,-0.1786435121405445
Native footprints,0.3615505695343017,-0.1383455412303222
Native footprints,0.3230326175689697,-0.0978378030508832
Native footprints,0.2834057807922363,-0.0695451680532338
Native footprints,0.1774888038635254,0.0335974331598527
Native footprints,0.3738954067230224,-0.1923141888778641
Native footprints,0.1927285194396972,0.0031661961505754
Native footprints,0.6072397232055664,-0.4120206263527114
Native footprints,0.1003031581640243,0.0758860697108089
Native footprints,0.305295467376709,-0.1172905571883257
Native footprints,0.4959921836853027,-0.3234683764918779
Native footprints,0.4189066886901855,-0.250960972587638
Native footprints,0.2837879657745361,-0.1031601539263835
Native footprints,0.2538042068481445,-0.0608618244366696
Native footprints,0.3097832202911377,-0.1591785180379939
Native footprints,0.2624692916870117,-0.051136539942821
Native footprints,0.2457144260406494,-0.0782165866802887
Native footprints,0.2135016918182373,-0.0348369641292588
Native footprints,0.1963837146759033,-0.0137590308299683
Native footprints,0.2167577743530273,-0.0383387331763799
Native footprints,0.2000699043273925,-0.0409110354354129
Native footprints,0.3225352764129638,-0.1704100140620909
Native footprints,0.028454303741455,0.1198145285126545
Native footprints,0.2691152095794678,-0.1014200112053936
Native footprints,0.2896978855133056,-0.1016001392890188
Native footprints,0.182152509689331,-0.0211897720501572
Native footprints,0.1389071941375732,0.0635865179245182
Native footprints,0.2912545204162597,-0.1198904965036864
Native footprints,-0.0998697280883789,0.2442305819363459
Native footprints,0.1389999389648437,0.0609933196682974
Native footprints,0.1646549701690673,0.0007753234030856
Native footprints,0.2382891178131103,-0.0428097334391385
Native footprints,0.2403516769409179,-0.051916834527448
Native footprints,0.2342410087585449,-0.0566915711503261
Native footprints,0.0794685035943985,0.1133698926410601
Native footprints,0.2652873992919922,-0.0743006931749398
Native footprints,0.3181400299072265,-0.1145559967163747
Native footprints,0.3473789691925049,-0.1538534206496633
Native footprints,0.2636151313781738,-0.0522485151094043
Native footprints,0.3294179439544678,-0.1412751830654895
Native footprints,0.200993537902832,-0.0726248683689073
Native footprints,0.2584290504455566,-0.0620536518549114
Native footprints,0.3148307800292969,-0.0955769810188294
Native footprints,0.2974402904510498,-0.137750309864488
Native footprints,0.064183235168457,0.1137901531591484
Native footprints,0.1534790992736816,0.0139861332120166
Native footprints,0.0865263938903808,0.0935574843689197
Native footprints,0.1165540218353271,0.0613533245344721
Native footprints,0.0231504440307617,0.1347218489967194
Native footprints,0.1586697101593017,-0.0195575048655759
Native footprints,0.1919081211090088,-0.0470304498313633
Native footprints,0.2295873165130615,-0.0643506090048726
Native footprints,0.2694475650787353,-0.1304123371622109
Native footprints,0.0915842056274414,0.0634040354093871
Native footprints,0.249147891998291,-0.1069250430082393
Native footprints,0.1338310241699218,0.009498250002698
Native footprints,0.0756661891937255,0.0528518492735652
Native footprints,0.1308197975158691,-0.0326233304408255
Native footprints,0.1174402236938476,0.0191164829812933
Native footprints,0.0619068145751953,0.0446291751072169
Native footprints,0.0919742584228515,0.0089021072521437
Native footprints,0.1532151699066162,-0.0646766413183969
Native footprints,0.2946860790252685,-0.176391108635904
Native footprints,0.0576584339141845,0.0515144335387213
Native footprints,0.109915018081665,-0.0497247314808582
Native footprints,0.4057540893554687,-0.310731746623142
Native footprints,0.0681850910186767,0.0534444154265247
Native footprints,0.2098078727722168,-0.0751279018534517
Native footprints,0.0564792156219482,0.0850412512269765
Native footprints,0.1219980716705322,-0.0003223849338875
Native footprints,0.1196010112762451,0.0044844093862323
Native footprints,0.2365307807922363,-0.1523089821701905
Native footprints,0.1401357650756836,-0.0217076831787017
Native footprints,0.0980162620544433,0.0412577966486481
Native footprints,0.0872101932764053,0.029511947857728
Native footprints,0.1994810104370117,-0.1005340024313587
Native footprints,0.1917698383331298,-0.0943468412938791
Native footprints,0.4048407077789306,-0.2938342634338537
Native footprints,0.1769983768463134,-0.0501615555849775
Native footprints,0.2046725749969482,-0.0731248578809997
Native footprints,0.2414360046386718,-0.1226861177350274
Native footprints,-0.0145723819732666,0.1217169821920619
Native footprints,0.023843765258789,0.0694513640224687
Native footprints,-0.0037930011749267,0.1092897425849405
Native footprints,0.0829730033874511,0.0018673596099503
Native footprints,0.2617671489715576,-0.1622487077880265
Native footprints,0.0218706130981445,0.0603951871484025
Native footprints,0.0952575206756591,0.0021289278300447
Native footprints,0.1483018398284912,-0.0655851107381308
Native footprints,0.0432727336883544,0.0548295016661221
Native footprints,0.0578222274780273,0.0440330499477664
Native footprints,0.1139335632324218,0.0165266241240928
Native footprints,0.0759885311126709,0.036223171293772
Native footprints,0.1143467426300048,-0.0311574899265346
Native footprints,0.0816891193389892,0.0383335859660435
Native footprints,0.1063306182622909,0.0228992653948881
Native footprints,0.084501028060913,0.0020036045429598
Native footprints,0.0894260555505752,-0.0042807277856357
Native footprints,0.156839370727539,-0.042239099723125
Native footprints,0.2528517246246338,-0.1155656116723568
Native footprints,0.2295131683349609,-0.0709101346944569
Native footprints,0.0562572479248046,0.0845525700353717
Native footprints,-0.0551145076751709,0.1917441580454643
Native footprints,0.0352818965911865,0.1195833094745501
Native footprints,0.0160088539123535,0.1083555042992696
Native footprints,0.1566567420959472,0.017227259493669
Native footprints,0.0885496288537979,0.0235586241784224
Native footprints,0.259345531463623,-0.1152093675092604
Native footprints,0.0972947925329208,0.0576834333161586
Native footprints,0.1234560012817382,0.0045127509159586
Native footprints,0.2911145687103271,-0.1334216441678769
Native footprints,0.113379955291748,0.0434795154487736
Native footprints,0.0434355735778808,0.1257824241242613
Native footprints,0.2779014110565185,-0.1074411619808345
Native footprints,0.2649874687194824,-0.0724580249220284
Native footprints,0.2248077392578125,-0.0520835056118536
Native footprints,0.1587371826171875,0.0126405987584959
Native footprints,0.3281393051147461,-0.1620823951403334
Native footprints,0.1462159156799316,0.0082902159974728
Native footprints,0.1618342399597168,0.0031108001282211
Native footprints,0.2109186649322509,-0.0359294191240123
Native footprints,0.2538583278656006,-0.1057113802930251
Native footprints,0.2466728687286377,-0.0773491364103514
Native footprints,-0.0079259872436523,0.1367750023596792
Native footprints,0.1380906105041504,0.0057165706367094
Native footprints,0.1671202182769775,0.0142642387050372
Native footprints,0.1286897659301757,0.0031253858393413
Native footprints,0.143975019454956,0.0056768442773638
Native footprints,0.1610200405120849,-0.0074956272919997
Native footprints,0.0434904098510742,0.0411137143455635
Native footprints,0.1288206577301025,-0.0298578677517179
Native footprints,0.2696781158447265,-0.1348092060318104
Native footprints,-0.0147161483764648,0.1557691375491395
Native footprints,0.1720542907714843,-0.1091413454735675
Native footprints,0.0288589000701904,0.0760631566767954
Native footprints,0.0960855484008789,0.0141443431323905
Native footprints,-0.001540184020996,0.1060562038913073
Native footprints,0.0027408599853515,0.096941198384867
Native footprints,0.1479389667510986,-0.0658337469268067
Native footprints,0.4252402782440185,-0.247225663538665
Native footprints,0.0911686420440673,0.071996961446882
Native footprints,0.1350965499877929,0.0527924570247561
Native footprints,0.1766073703765869,0.0318231241275512
Native footprints,-0.0725264549255371,0.278611662393462
Native footprints,0.2579607963562011,-0.0787647575891172
Native footprints,0.3695988655090332,-0.187052708096904
Native footprints,0.4001076221466064,-0.1868331202802384
Native footprints,0.4522590637207031,-0.2594132289461047
Native footprints,0.0839982032775878,0.1052856295154365
Native footprints,0.0433158874511718,0.0745077863006109
Native footprints,0.0631699562072753,0.0481318364846371
Native footprints,0.1972029209136963,-0.0738150051646211
Native footprints,0.1087765544652938,-0.0069966746857089
Native footprints,0.0452926158905029,0.0202148918593782
Native footprints,0.1606605052947998,-0.0540379831632601
Native footprints,0.1787946224212646,-0.0486343845698162
Native footprints,0.1957199573516845,-0.0867516420565262
Native footprints,0.0580763816833496,0.0666914674307271
Native footprints,0.1192548274993896,-0.0002097609580447
Native footprints,0.2463307380676269,-0.0686043399138512
Native footprints,0.2803888320922851,-0.1211877859165231
Native footprints,0.2653653621673584,-0.1282226826543298
Native footprints,0.2597029209136963,-0.0886580179988176
Native footprints,0.0904059261083602,0.0650274923244929
Native footprints,0.0914080291986465,0.0626960225981617
Native footprints,0.0712027549743652,0.0628487590788478
Native footprints,0.2753589153289795,-0.1292192076973998
Native footprints,0.1176502704620361,0.0298191105494705
Native footprints,0.1092023849487304,0.0351264448379501
Native footprints,0.2461974620819091,-0.0834118835864362
Native footprints,0.0955743640661239,0.0835080414298531
Native footprints,0.0905597209930419,0.0584975043867224
Native footprints,0.1501996517181396,-0.0069568486458707
Native footprints,0.0054426193237304,0.1685246325554752
Native footprints,-0.0130939483642578,0.1845871727999522
Native footprints,0.04180908203125,0.0859974640016168
Native footprints,0.1159806251525878,0.0479841688486646
Native footprints,0.4087114334106445,-0.2607643448144212
Native footprints,0.0746130943298339,0.1018206390933844
Native footprints,-0.0068988800048828,0.2811139741981729
Native footprints,0.2474393844604492,-0.0217047620587243
Native footprints,0.5097997188568115,-0.2668419489423621
Native footprints,0.1320593357086181,0.1369391493289112
Native footprints,0.335310697555542,-0.0811924195852215
Native footprints,0.341963529586792,-0.0734975212541199
Native footprints,0.1709291934967041,0.1016784707314591
Native footprints,0.2477355003356933,0.0318459247021878
Native footprints,0.3771696090698242,-0.1094180379128437
Native footprints,0.3990826606750488,-0.1133590574916975
Native footprints,0.3596100807189941,-0.0760121206151114
Native footprints,0.0638535022735595,0.1822919654003875
Native footprints,0.3528554439544678,-0.111284340433231
Native footprints,0.2404038906097412,0.0205578126948125
Native footprints,0.0861752033233642,0.1246952700533771
Native footprints,0.2860488891601562,-0.0352694876716038
Native footprints,0.3319423198699951,-0.1123397223912442
Native footprints,0.2068099975585937,0.069264915465977
Native footprints,0.2105600833892822,0.0299683670024652
Native footprints,0.1247527599334716,0.1512791169244469
Native footprints,0.2632591724395752,-0.0059474452619684
Native footprints,0.3320655822753906,-0.0664418320794413
Native footprints,0.3843452930450439,-0.1106474917344494
Native footprints,0.2413191795349121,0.023909668587281
Native footprints,0.3191890716552734,-0.0525517169754654
Native footprints,0.3384885787963867,-0.0536228462279754
Native footprints,0.3552923202514648,-0.1115950215117718
Native footprints,0.4920449256896972,-0.1868856006979788
Native footprints,0.2068474292755127,0.0773779447647229
Native footprints,0.3860201835632324,-0.0993221777641489
Native footprints,0.2033216953277588,0.0876079343474223
Native footprints,0.3385953903198242,-0.0128461276403463
Native footprints,0.2151730060577392,0.056006274609252
Native footprints,0.3546292781829834,-0.0308343727992352
Native footprints,0.5511739253997803,-0.2363144386258728
Native footprints,0.1408877372741699,0.1371497844565578
Native footprints,0.3136985301971435,0.0057018396347481
Native footprints,0.4994947910308838,-0.16616033496159
Native footprints,0.4354863166809082,-0.1440686574893794
Native footprints,0.2594964504241943,0.0152029310100823
Native footprints,0.3254785537719726,-0.0241262577748128
Native footprints,0.4417872428894043,-0.1157343957898577
Native footprints,0.2587792873382568,0.051873667209105
Native footprints,-0.0177376270294189,0.3485297591298621
Native footprints,0.3078911304473877,-0.0175961231897878
Native footprints,0.1190471649169921,0.1627383069366106
Native footprints,0.426321268081665,-0.1478280783141462
Native footprints,0.2856254577636719,0.0010330700977912
Native footprints,0.1459710597991943,0.1308757128557885
Native footprints,0.1954648494720459,0.0296365001851788
Native footprints,0.4230220317840576,-0.1277240931589358
Native footprints,0.3485398292541504,-0.067100763266551
Native footprints,0.24843430519104,-0.0303224829790709
Native footprints,0.0011429786682128,0.1886781927201994
Native footprints,0.3992140293121338,-0.11490709207366
Native footprints,0.2630758285522461,0.0170991152230211
Native footprints,0.0349726676940918,0.2482866471640034
Native footprints,0.1356017589569091,0.0721710459897173
Native footprints,0.1129450798034668,0.1472551318138882
Native footprints,0.393749475479126,-0.1363673812549761
Native footprints,0.2653014659881592,0.0252716659472989
Native footprints,0.2921891212463379,-0.0153567962281996
Native footprints,0.4138543605804443,-0.1313487767893318
Native footprints,0.3253598213195801,-0.069804264215508
Native footprints,0.4438540935516357,-0.1274919911970992
Native footprints,0.3335974216461181,-0.0988293759642364
Native footprints,0.4685826301574707,-0.1427541355332583
Native footprints,0.2744255065917969,0.0189310193294178
Native footprints,0.2991275787353515,-0.0444269475049518
Native footprints,0.2700824737548828,0.0548572611454666
Native footprints,0.2362852096557617,-0.0340870453240291
Native footprints,0.0279688835144042,0.1269475334424413
Native footprints,0.3652215003967285,-0.1747147564319258
Native footprints,0.2958452701568603,-0.1090799273330508
Native footprints,0.2453644275665283,-0.0689024276945786
Native footprints,0.1568753719329834,0.0533629329772332
Native footprints,0.1653885841369629,0.0326406087565815
Native footprints,0.4272286891937256,-0.2157884850676514
Native footprints,0.4623520374298095,-0.2751561335559552
Native footprints,0.1022238731384277,0.0641931541535161
Native footprints,0.4109275341033935,-0.1445059430702222
Native footprints,0.3187391757965088,-0.1027925052760168
Native footprints,0.3130390644073486,-0.0314830676519102
Native footprints,0.4313983917236328,-0.1615950107395941
Native footprints,0.2458457946777343,0.0204543564525318
Native footprints,0.0929772704839706,0.1811881312004267
Native footprints,0.3040218353271484,-0.0488713641937167
Native footprints,0.3689196109771728,-0.1169917297198225
Native footprints,0.2122669219970703,0.0686124591033336
Native footprints,0.2974529266357422,-0.023121177744107
Native footprints,0.3087344169616699,-0.0774888646493536
Native footprints,0.5257892608642578,-0.2490835290462432
Native footprints,0.2442238330841064,0.0429702695954227
Native footprints,0.301128625869751,-0.0404443724065149
Native footprints,0.2980434894561767,-0.0549319488336537
Native footprints,0.2764804363250732,-0.0108469316736746
Native footprints,0.2005934715270996,0.0197427192827771
Native footprints,0.3717467784881592,-0.0600710171404768
Native footprints,0.4010474681854248,-0.065106854745425
Native footprints,0.3695616722106933,-0.1011841594879938
Native footprints,0.1502742767333984,0.0156471751426992
Native footprints,0.4532568454742431,-0.1921619233017134
Native footprints,0.3843331336975097,-0.1348663506290421
Native footprints,0.260749340057373,-0.0512642294123455
Native footprints,0.1768639087677002,0.0425094590079918
Native footprints,0.3857073783874511,-0.1892134232863921
Native footprints,0.1226356029510498,0.0899524674560581
Native footprints,0.207425832748413,-0.0057175844079028
Native footprints,0.2852494716644287,-0.0584722881563792
Native footprints,0.4001803398132324,-0.1746791801801387
Native footprints,0.3545651435852051,-0.136758899628538
Native footprints,0.6727011203765869,-0.4558955976607323
Native footprints,0.5174107551574707,-0.3326241711052083
Native footprints,0.4078423976898193,-0.1434293655963366
Native footprints,0.2468440532684326,0.0214346879242456
Native footprints,0.5171310901641846,-0.2754134244161025
Native footprints,0.1855440139770507,0.0647632780026325
Native footprints,0.2189772129058838,0.009903313401409
Native footprints,0.212153673171997,-0.0048359381115915
Native footprints,0.275454044342041,-0.0646332788113863
Native footprints,0.2842416763305664,-0.1133019712300381
Native footprints,0.3257150650024414,-0.1921579914127109
Native footprints,0.3371772766113281,-0.1696913695879793
Native footprints,0.3147590160369873,-0.154525025175603
Native footprints,0.1261115074157714,-0.0166097184981391
Native footprints,0.1279501914978027,0.0010021809692822
Native footprints,0.1101775169372558,0.0389624065931102
Native footprints,0.2083170413970947,-0.0522441693305179
Native footprints,0.1600074768066406,-0.0276180391411422
Native footprints,0.2226512432098388,-0.1273485058949267
Native footprints,0.1393413543701172,0.0461201582458282
Native footprints,0.2366492748260498,-0.0906840891261646
Native footprints,0.3305399417877197,-0.2207726507029757
Native footprints,0.0975873321294784,0.0416433836630788
Native footprints,-0.0629780292510986,0.2051118765037723
Native footprints,0.1668152809143066,-0.0095121204855881
Native footprints,0.2048699855804443,-0.0788586121057153
Native footprints,0.240607738494873,-0.1072691432351354
Native footprints,0.0255427360534667,0.0716687304047195
Native footprints,0.2231206893920898,-0.0794603772219574
Native footprints,0.3165457248687744,-0.1905484309382317
Native footprints,0.3728857040405273,-0.1988238063365139
Native footprints,0.0927491188049316,0.0797109776841906
Native footprints,0.3051950931549072,-0.1200890200122916
Native footprints,0.2550065517425537,-0.1194743236218902
Native footprints,0.345109224319458,-0.1331619725563488
Native footprints,0.2419142723083496,-0.0795029980349529
Native footprints,0.111884593963623,0.0533567453771848
Native footprints,0.6017990112304688,-0.4040371916417165
Native footprints,0.3124549388885498,-0.1775956915079183
Native footprints,0.2972517013549804,0.021620976976614
Native footprints,0.4218232631683349,-0.0852295613290543
Native footprints,-0.004868745803833,0.2996116313743784
Native footprints,0.5053009986877441,-0.1434811707785657
Native footprints,0.5670270919799805,-0.2527532713000784
Native footprints,0.3225324153900146,0.0022511561999812
Native footprints,0.3332068920135498,0.0312283262571843
Native footprints,0.2583746910095215,0.0618560038367018
Native footprints,0.2717194557189941,0.0376879346208999
Native footprints,0.2577223777770996,0.0894064426913206
Native footprints,0.5109233856201172,-0.2280421019222651
Native footprints,0.3471574783325195,-0.0028451188403413
Native footprints,0.3935461044311523,-0.0806806982857005
Native footprints,0.3052136898040771,0.041301581551459
Native footprints,0.517852783203125,-0.1974765690592553
Native footprints,0.3117010593414306,0.0295266529984257
Native footprints,-0.0017507076263427,0.3367679299581957
Native footprints,0.2314755916595459,0.060027526377523
Native footprints,0.3986718654632568,-0.0837829312766721
Native footprints,0.575547456741333,-0.2711813407542177
Native footprints,0.2982795238494873,0.0221564133282182
Native footprints,0.2735123634338379,0.0123973412627554
Native footprints,0.1697123050689697,0.0721616160126305
Native footprints,0.4024610519409179,-0.1090849250856399
Native footprints,0.4441592693328857,-0.1839213588924262
Native footprints,0.1570131778717041,0.0958177267000245
Native footprints,0.2220151424407959,0.0305985567880504
Native footprints,0.3597869873046875,-0.1200816534460433
Native footprints,0.3272292613983154,-0.0825122999830931
Native footprints,-0.1666183769702911,0.4099033812581155
Native footprints,0.042724609375,0.2375692590033395
Native footprints,0.0837693214416503,0.2516470053551429
Native footprints,0.6171491146087646,-0.3229013443382424
Native footprints,0.1943216323852539,0.1086938596147901
Native footprints,0.2788949012756347,0.0030727457695198
Native footprints,0.3362433910369873,-0.0745653794190613
Native footprints,0.2309160232543945,0.068583846439042
Native footprints,-0.0651812553405761,0.4075961585271456
Native footprints,0.3570787906646728,-0.0728621894994639
Native footprints,0.3060488700866699,0.0054492252045267
Native footprints,0.5419018268585205,-0.1440776903981651
Native footprints,0.2223052978515625,0.025690372232963
Native footprints,0.3274416923522949,0.0030350150142323
Native footprints,0.237156867980957,0.0905321509854647
Native footprints,0.2752983570098877,0.039543093223755
Native footprints,0.6066694259643555,-0.228828334421116
Native footprints,0.3958034515380859,-0.0976615370105017
Native footprints,0.2925338745117187,0.0357412399901433
Native footprints,0.2876317501068115,0.013222577872222
Native footprints,0.4901413917541504,-0.2184420268351368
Native footprints,0.3596322536468506,-0.0643517380742293
Native footprints,0.4653160572052002,-0.1439348580805575
Native footprints,0.2504642009735107,0.003849472849678
Native footprints,0.3165698051452636,-0.0180729265973668
Native footprints,0.2856264114379883,0.020316245405331
Native footprints,0.3275952339172363,-0.0268628059569309
Native footprints,-0.0367176532745361,0.3352533042491246
Native footprints,0.22715425491333,0.0832229368840654
Native footprints,0.2320151329040527,0.0185553453264328
Native footprints,0.439795970916748,-0.1436158368868393
Native footprints,0.1608002185821533,0.0966784999648435
Native footprints,0.2525033950805664,-0.0115485860299581
Native footprints,0.066239595413208,0.182988448891857
Native footprints,0.4495656490325928,-0.1810228320318543
Native footprints,0.3129441738128662,0.0002078231415885
Native footprints,0.4974555969238281,-0.2243716207956116
Native footprints,0.2374839782714843,0.0104756187325115
Native footprints,0.2744462490081787,-0.0217665691703026
Native footprints,0.3360958099365234,-0.0166799188641997
Native footprints,0.269589900970459,-0.0129357099784229
Native footprints,0.3699491024017334,-0.0303794941163191
Native footprints,0.2995467185974121,-0.0466978695085833
Native footprints,0.2999019622802734,0.0298762279180407
Native footprints,0.3934545516967773,-0.0925592734094895
Native footprints,0.1268839836120605,0.116887179054431
Native footprints,0.3683750629425049,-0.0587240259370954
Native footprints,0.6102652549743652,-0.2751282491565702
Native footprints,0.2270057201385498,-0.0081244615728367
Native footprints,0.6039395332336426,-0.2577101471761806
Native footprints,0.4734928607940674,-0.1781281747002106
Native footprints,0.4066071510314941,-0.075516189041154
Native footprints,0.340965986251831,-0.0032959508048116
Native footprints,0.5082588195800781,-0.1718480597920544
Native footprints,0.1529808044433593,0.1844165050181259
Native footprints,0.5340633392333984,-0.2161165979841717
Native footprints,0.2580738067626953,0.0127568288079535
Native footprints,0.6259522438049316,-0.2700852103684432
Native footprints,0.344005823135376,-0.0112941184954279
Native footprints,-0.0671966075897216,0.3774131882904738
Native footprints,0.6002264022827148,-0.2887223561602062
Native footprints,0.1975085735321045,0.1394865640256199
Native footprints,0.7128591537475586,-0.4309836832389612
Native footprints,0.6249165534973145,-0.3076955989474154
Native footprints,0.3713607788085937,-0.0515914881097558
Native footprints,0.2271664142608642,0.0886902968736003
Native footprints,0.5852799415588379,-0.3006727634086099
Native footprints,0.4255988597869873,-0.129913288918114
Native footprints,0.4945375919342041,-0.2056040367227121
Native footprints,0.1654884815216064,0.1387081891450623
Native footprints,0.359201431274414,0.0236097700409676
Native footprints,0.4398353099822998,-0.0547605228636898
Native footprints,0.5634276866912842,-0.2505987217190204
Native footprints,0.5140831470489502,-0.1145732075616032
Native footprints,0.3410005569458008,0.0530238510243888
Native footprints,0.2663161754608154,0.0092806772235744
Native footprints,0.3828051090240478,-0.0841830482978848
Native footprints,0.3353118896484375,0.0011456179072111
Native footprints,0.3226699829101562,-0.0345014162661183
Native footprints,0.4520578384399414,-0.156720084458929
Native footprints,0.409111738204956,-0.172571311035373
Native footprints,0.1803064346313476,0.0650680476322512
Native footprints,0.1571669578552246,0.1116534623587724
Native footprints,0.2237787246704101,0.0259069201579028
Native footprints,0.320847749710083,-0.0709581202002042
Native footprints,0.3293619155883789,-0.0346469437111004
Native footprints,0.2485015392303466,0.0545970496873457
Native footprints,0.5484499931335449,-0.2456659087181223
Native footprints,0.2279834747314453,0.0449414546939262
Native footprints,0.3559670448303222,-0.0354099131448172
Native footprints,0.1712987422943115,0.0976852030832085
Native footprints,0.4248981475830078,-0.115337722720357
Native footprints,0.4138531684875488,-0.0994476933334692
Native footprints,0.5270733833312988,-0.1842132720743164
Native footprints,0.317258358001709,-0.036890502999018
Native footprints,0.3430004119873047,-0.0952194319458287
Native footprints,0.2433750629425048,0.0091529627200837
Native footprints,0.2575013637542724,-0.0185762636340205
Native footprints,0.2465405464172363,0.0135558017216552
Native footprints,0.3396663665771484,-0.0451326496597755
Native footprints,0.1017594188451767,0.148392906125293
Native footprints,0.4537403583526611,-0.1374808311522834
Native footprints,0.2580151557922363,0.005113110225652
Native footprints,0.3393137454986572,-0.0707839344385179
Native footprints,0.5197892189025879,-0.2133058646183722
Native footprints,0.5532374382019043,-0.271485953570433
Native footprints,0.2324378490447998,0.0721529568359199
Native footprints,0.5127060413360596,-0.239476883328467
Native footprints,0.588270902633667,-0.3197444044074539
Native footprints,0.2950341701507568,-0.0317907218051572
Native footprints,0.390949010848999,-0.0615176559581231
Native footprints,0.3777461051940918,-0.0837874717067935
Native footprints,0.3412854671478271,-0.0657134607178836
Native footprints,0.5866520404815674,-0.2845496636696213
Native footprints,0.4806959629058838,-0.1558852138079379
Native footprints,0.2181406021118164,0.0892736585056563
Native footprints,0.5070104598999023,-0.1781393113608214
Native footprints,0.1977438926696777,0.0998189507573651
Native footprints,0.6772961616516113,-0.378870754428233
Native footprints,0.2598869800567627,0.0080575330020296
Native footprints,0.8115394115447998,-0.4894858605050832
Native footprints,0.2168614864349365,-0.0207666204616236
Native footprints,0.0555500984191894,0.1676325375814001
Native footprints,0.3359224796295166,-0.0661291905191974
Native footprints,0.17049241065979,0.044776815997186
Native footprints,0.3837285041809082,-0.1095234098381731
Native footprints,0.2967655658721924,-0.0498810755004069
Native footprints,-0.0062217712402343,0.2315028574751485
Native footprints,0.3205094337463379,-0.0635963815922365
Native footprints,0.3036210536956787,-0.0836964058151595
Native footprints,0.1578795909881591,0.047790177903106
Native footprints,0.2319085597991943,-0.0350282761158825
Native footprints,0.1937465667724609,0.0018346565703527
Native footprints,0.3440649509429931,-0.1371239433813321
Native footprints,0.1285700798034668,0.0764633028928954
Native footprints,0.054938793182373,0.1427147151416259
Native footprints,0.24473237991333,-0.0645627974133836
Native footprints,0.0190811157226562,0.2049745133662586
Native footprints,0.3994052410125732,-0.1665100354397654
Native footprints,0.0828108787536621,0.1338323150998095
Native footprints,0.0757727622985839,0.1453299201237689
Native footprints,0.1137568950653076,0.0512895852244255
Native footprints,0.3102006912231445,-0.0976577428410867
Native footprints,0.2647101879119873,-0.036180868012452
Native footprints,0.1275265216827392,0.0507067553989363
Native footprints,0.1674373149871826,0.0529079094300206
Native footprints,0.1880056858062744,-0.0041222017543609
Native footprints,0.1770694255828857,0.0011312906357098
Native footprints,0.2576868534088135,-0.0510420684140518
Native footprints,0.1563413143157959,0.019185040029919
Native footprints,0.2749137878417969,-0.0740883023822553
Native footprints,0.2781779766082763,-0.0864102085443503
Native footprints,0.3224639892578125,-0.1289876424336523
Native footprints,0.244248628616333,-0.0532597139433299
Native footprints,0.12953782081604,0.0409138547681405
Native footprints,0.4002883434295654,-0.2285932201707031
Native footprints,0.1606988906860351,0.0187113780082751
Native footprints,0.2847340106964111,-0.1116065162059102
Native footprints,0.3617603778839111,-0.1671032358229787
Native footprints,0.3592538833618164,-0.1870455162395016
Native footprints,0.3604216575622558,-0.1200854128870033
Native footprints,0.2872371673583984,-0.0628728465637786
Native footprints,0.2051577568054199,-0.011657253900548
Native footprints,0.3021779060363769,-0.090001301872656
Native footprints,0.3226475715637207,-0.0478213515342147
Native footprints,0.3421273231506347,-0.0886194655056015
Native footprints,0.1687028408050537,0.0490151989483287
Native footprints,0.4300568103790283,-0.1719792970998741
Native footprints,0.3942849636077881,-0.1503568094224613
Native footprints,0.3956532478332519,-0.130358265730088
Native footprints,0.3555855751037597,-0.0751259423315583
Native footprints,0.2134323120117187,0.0783069374657552
Native footprints,0.1423077583312988,0.1576498959317149
Native footprints,0.290626049041748,-0.0061425500247641
Native footprints,0.3325967788696289,-0.0683147264137831
Native footprints,0.2800488471984863,0.0239211090649564
Native footprints,0.4590239524841308,-0.1578699664067188
Native footprints,0.3265600204467773,-0.0478447174342633
Native footprints,0.172788381576538,0.1030095723969263
Native footprints,0.3686110973358154,-0.0619383900532078
Native footprints,0.4154908657073974,-0.1189074861701407
Native footprints,0.1848933696746826,0.0751269980046242
Native footprints,0.2803874015808105,-0.0094826566882574
Native footprints,0.4781563282012939,-0.1305184049118288
Native footprints,0.2808160781860351,0.0327737036368868
Native footprints,0.2790837287902832,0.0162329212116439
Native footprints,0.3493661880493164,-0.0774053853196283
Native footprints,0.2596781253814697,0.0983610535070066
Native footprints,0.552001953125,-0.1989214424618651
Native footprints,0.3680000305175781,-0.0944510613385561
Native footprints,0.356414794921875,-0.0658167860575823
Native footprints,0.2409243583679199,0.0545580253534808
Native footprints,0.4573538303375244,-0.1440466209787504
Native footprints,0.44722580909729,-0.1441604098676358
Native footprints,0.3053750991821289,-0.0495605275440506
Native footprints,0.4336791038513183,-0.1548920534447919
Native footprints,0.1940152645111084,0.0881065826835547
Native footprints,0.5202736854553223,-0.2310170675872511
Native footprints,0.245659589767456,0.0284105065927871
Native footprints,0.3566508293151855,-0.1058040361957459
Native footprints,0.3649969100952148,-0.1008897936753044
Native footprints,0.183274507522583,0.1122953595539795
Native footprints,0.3102798461914062,-0.0199218030660443
Native footprints,0.1494865417480468,0.1122481254648943
Native footprints,0.2980480194091797,0.005896385088888
Native footprints,0.42095947265625,-0.1262150533662943
Native footprints,0.5773286819458008,-0.2669134539070306
Native footprints,0.1900560855865478,0.1077745759239162
Native footprints,0.4113154411315918,-0.1617193655168385
Native footprints,0.1534972190856933,0.1200080390901359
Native footprints,0.4577920436859131,-0.1782665380577302
Native footprints,0.1227099895477294,0.1181840688770379
Native footprints,0.3772552013397217,-0.1311399326009627
Native footprints,0.4543707370758056,-0.2196849601030908
Native footprints,0.1993002891540527,0.0586924707904899
Native footprints,0.3886604309082031,-0.1322449480051813
Native footprints,0.4061596393585205,-0.1913606664099271
Native footprints,0.168271780014038,0.0418147326861442
Native footprints,0.1635386943817138,0.0699755663566608
Native footprints,0.3404364585876465,-0.0636993161961095
Native footprints,0.2335038185119629,-0.0355139041725154
Native footprints,0.3097085952758789,-0.0923106274262255
Native footprints,0.2408456802368164,-0.0403837629634792
Native footprints,0.1166963577270507,0.1041866040525869
Native footprints,0.2901742458343506,-0.0395935837069808
Native footprints,0.3673238754272461,-0.1528556337322831
Native footprints,0.2214899063110351,-0.0251401515089296
Native footprints,0.0264770984649658,0.1659081450335346
Native footprints,0.1874735355377197,0.0738421808811123
Native footprints,0.2083649635314941,0.0059116552603497
Native footprints,0.1585564613342285,0.0926184863902323
Native footprints,0.1228969097137451,0.0215956446199817
Native footprints,0.3195741176605224,-0.0980241259721644
Native footprints,0.2556896209716797,-0.0549247174288437
Native footprints,0.4124932289123535,-0.2235936081687956
Native footprints,0.339972972869873,-0.1808131837462472
Native footprints,0.1088356971740722,0.0751483221851843
Native footprints,0.056351900100708,0.1351895523270387
Native footprints,0.4166493415832519,-0.2377734207314794
Native footprints,0.2167944908142089,-0.0040318984754065
Native footprints,0.2021665573120117,-0.0133042672988997
Native footprints,0.3874731063842773,-0.1558137412378763
Native footprints,0.1313686370849609,0.064615126254272
Native footprints,0.254225492477417,-0.0054964284452889
Native footprints,0.4095299243927002,-0.1526634052855064
Native footprints,0.254805326461792,-0.0141669390627164
Native footprints,0.2264437675476074,-0.023816989989481
Native footprints,0.5653829574584961,-0.2410022326088015
Native footprints,0.4157769680023193,-0.0977632952380284
Native footprints,0.333437442779541,-0.0707463481423558
Native footprints,0.3834316730499267,-0.1358388190313144
Native footprints,0.4567620754241943,-0.1532904859459244
Native footprints,0.3343021869659424,-0.0821047391850431
Native footprints,0.3628005981445312,-0.1179606784441876
Native footprints,0.3953793048858642,-0.142966338853434
Native footprints,0.2220501899719238,0.0032621074529892
Native footprints,0.1428678035736084,0.0787095496690287
Native footprints,0.3968093395233154,-0.1077044678536963
Native footprints,0.0978753566741943,0.1071189621887883
Native footprints,0.2283060550689697,-0.0085295491462884
Native footprints,0.3326706886291504,-0.0793317241655759
Native footprints,0.2526357173919678,-0.0229875031710587
Native footprints,0.3301732540130615,-0.0409082927113985
Native footprints,0.0218238830566406,0.2208826022696302
Native footprints,0.3904571533203125,-0.1216472237470815
Native footprints,0.1560797691345214,0.1255552448449339
Native footprints,0.1308369636535644,0.1312973601633048
Native footprints,0.6803181171417236,-0.4013312537704274
Native footprints,0.4090580940246582,-0.1006670995379496
Native footprints,0.4249107837677002,-0.0921300310799018
Native footprints,0.365023136138916,-0.0524124194387335
Native footprints,0.3390066623687744,-0.012282966399176
Native footprints,0.4994819164276123,-0.1782021268303766
Native footprints,0.1997942924499511,0.119488165033679
Native footprints,0.4415731430053711,-0.1043441132375805
Native footprints,0.1712751388549804,0.116175585756275
Native footprints,0.4874782562255859,-0.1477282211887475
Native footprints,0.3940222263336181,0.0204442074244045
Native footprints,0.4313161373138428,-0.0327905389440066
Native footprints,0.3850271701812744,0.0375692341010918
Native footprints,0.5487735271453857,-0.1298548899856806
Native footprints,0.5754308700561523,-0.1726538628298262
Native footprints,0.5932657718658447,-0.2126375440614875
Native footprints,0.4247064590454101,-0.0620124110723782
Native footprints,0.811420202255249,-0.4433780746986082
Native footprints,0.2034139633178711,0.1461417227221946
Native footprints,0.4673068523406982,-0.1335427401158116
Native footprints,0.4927272796630859,-0.1165364702052962
Native footprints,0.4802706241607666,-0.1438753242643984
Native footprints,0.2256014347076416,0.0589104381184322
Native footprints,0.2275822162628173,0.1180848775844516
Native footprints,0.3813092708587646,-0.0507304177795134
Native footprints,0.6552221775054932,-0.3063981983216787
Native footprints,0.6421177387237549,-0.365796541036283
Native footprints,0.8231146335601807,-0.4582815378000344
Native footprints,0.3751108646392822,-0.0359008828811878
Native footprints,0.6002285480499268,-0.2626452597727522
Native footprints,0.3220179080963135,0.0328582505779764
Native footprints,0.5527009963989258,-0.2106563637523835
Native footprints,0.5541696548461914,-0.1666665911340785
Native footprints,0.3409583568572998,-0.0077217827607694
Native footprints,0.3556728363037109,0.0280327994973516
Native footprints,0.2307252883911132,0.094522079948548
Native footprints,0.3361794948577881,0.0181685428747696
Native footprints,0.3223004341125488,0.0015660346188824
Native footprints,0.2919332981109619,0.0636091696239253
Native footprints,0.4246971607208252,-0.0593118032754291
Native footprints,0.2922413349151611,0.0431947155132482
Native footprints,0.2902982234954834,0.0059747005587466
Native footprints,0.4127275943756103,-0.1120757787075087
Native footprints,0.3530852794647217,0.0102517957082596
Native footprints,0.1612627506256103,0.161125764733309
Native footprints,0.2737751007080078,0.0640212518696413
Native footprints,0.446969985961914,-0.1025064630846597
Native footprints,0.2786390781402588,0.0795069703167252
Native footprints,0.3867905139923095,-0.036680480408596
Native footprints,0.1791887283325195,0.1553585930464152
Native footprints,0.6159205436706543,-0.3092501369671622
Native footprints,0.2669212818145752,0.046744112375273
Native footprints,0.3896157741546631,-0.0645260721703774
Native footprints,0.4172472953796386,-0.0989277069417755
Native footprints,0.2904510498046875,-0.0062773621085779
Native footprints,0.233473539352417,0.0689508878612974
Native footprints,0.2123308181762695,0.1054061716064087
Native footprints,0.2948706150054931,0.0467431958587044
Native footprints,0.2287266254425048,0.0632159645543826
Native footprints,0.1706576347351074,0.1490483133520863
Native footprints,0.1925039291381836,0.1497887979601638
Native footprints,0.1832482814788818,0.1114018754161186
Native footprints,0.2171952724456787,0.1285643353564177
Native footprints,0.0685281753540039,0.2586443175894274
Native footprints,0.2392067909240722,0.1235817648390203
Native footprints,0.2863919734954834,0.0464158646771002
Native footprints,0.0990195274353027,0.2763227364215614
Native footprints,0.4761152267456054,-0.1098965995446101
Native footprints,0.2204294204711914,0.1109102187843297
Native footprints,0.566007137298584,-0.2346530197318299
Native footprints,0.1484460830688476,0.1794421047001917
Native footprints,0.3611416816711426,-0.059305527874431
Native footprints,0.182229995727539,0.1278886723260615
Native footprints,0.1456611156463623,0.1587772998737531
Native footprints,0.1630587577819824,0.1027071068545223
Native footprints,0.3665118217468261,-0.1004137228116688
Native footprints,0.0916757732629776,0.169186146256744
Native footprints,0.1152575016021728,0.1239870876084323
Native footprints,0.1432626247406005,0.1360728223782616
Native footprints,0.02520751953125,0.2211033291067065
Native footprints,0.2656264305114746,-0.0136501450695362
Native footprints,0.2068080902099609,0.0814614565200491
Native footprints,0.2829515933990478,-0.0129835829735108
Native footprints,0.2613966464996338,0.0512120456909271
Native footprints,0.2878141403198242,-0.0088329210359577
Native footprints,0.1358966827392578,0.2276577818229351
Native footprints,0.2025024890899658,0.0919503087913212
Native footprints,0.326639175415039,0.0171616886538142
Native footprints,0.3220705986022949,0.0426490325958796
Native footprints,0.3712737560272217,-0.0560932617807448
Native footprints,0.3308315277099609,0.088051833903308
Native footprints,0.0225820541381835,0.3441804299656932
Native footprints,0.3757226467132568,0.0083445481015825
Native footprints,0.2446804046630859,0.1744718793115796
Native footprints,0.298567533493042,0.0727904340798246
Native footprints,0.1133489608764648,0.2617499323843777
Native footprints,0.1778805255889892,0.181846879603147
Native footprints,0.1967198848724365,0.1815770587539232
Native footprints,0.3014683723449707,0.0763625659757727
Native footprints,0.5229637622833252,-0.1925356431477153
Native footprints,0.3519258499145508,0.0259441062279899
Native footprints,0.1954843997955322,0.1372000659876894
Native footprints,0.288569688796997,0.1095007630006475
Native footprints,0.3470075130462646,0.0278938985033116
Native footprints,0.5435643196105957,-0.1485454479747874
Native footprints,0.4864952564239502,-0.0868253500021121
Native footprints,0.3109815120697021,0.0908287304635548
Native footprints,0.1995000839233398,0.1890642522719029
Native footprints,0.4562771320343017,-0.0287339305148294
Native footprints,0.2614412307739258,0.0986825795369886
Native footprints,0.3719184398651123,0.014482799822663
Native footprints,0.504502534866333,-0.0815265963787015
Native footprints,0.2736294269561767,0.0806828444397335
Native footprints,0.3299720287322998,0.0704802586351047
Native footprints,0.2833244800567627,0.1348909160789457
Native footprints,0.2455635070800781,0.1406405269659248
Native footprints,0.4731829166412353,-0.0427077037251512
Native footprints,0.5266118049621582,-0.1106992578465808
Native footprints,0.5711143016815186,-0.1619599357753517
Native footprints,0.2943975925445556,0.1153073172811214
Native footprints,0.3732481002807617,0.0301463823801388
Native footprints,0.4106945991516113,-0.0026359837409172
Native footprints,0.3499746322631836,0.0735128323221608
Native footprints,0.3040986061096191,0.0830765790669663
Native footprints,0.2163512706756591,0.1714659907948414
Native footprints,0.3935973644256592,0.0283250621990583
Native footprints,0.4198846817016601,-0.0265957842118592
Native footprints,0.292593240737915,0.0856108821897351
Native footprints,0.5971932411193848,-0.232191006782674
Native footprints,0.2006239891052246,0.1606300497135054
Native footprints,0.4550366401672363,-0.0944085122398371
Native footprints,0.2956855297088623,0.0790008850537825
Native footprints,0.3314709663391113,0.0403612579497987
Native footprints,0.2615833282470703,0.118404203610841
Native footprints,0.3662409782409668,0.0108352167579832
Native footprints,0.5158178806304932,-0.1201071788431006
Native footprints,0.342076301574707,0.0238144164163727
Native footprints,0.5354065895080566,-0.1428381720484238
Native footprints,0.4912021160125732,-0.1128976571611032
Native footprints,0.5372536182403564,-0.1847406144334094
Native footprints,0.096095323562622,0.1919269262496761
Native footprints,0.3204631805419922,-0.0108337996546557
Native footprints,0.2729716300964355,0.0042746764649225
Native footprints,0.1638541221618652,0.1481473705141701
Native footprints,0.3074235916137695,-0.0399202989549234
Native footprints,0.3437449932098388,-0.0260218989250176
Native footprints,0.410670518875122,-0.1204194680158205
Native footprints,0.104809284210205,0.1611721600266072
Native footprints,0.2344071865081787,0.0836415164074427
Native footprints,0.3764898777008056,-0.0583903473239278
Native footprints,0.3410677909851074,0.0523538345824581
Native footprints,0.2038743495941162,0.1236221262375403
Native footprints,0.3361909389495849,0.0245016358674337
Native footprints,0.3111124038696289,0.0537902920773553
Native footprints,0.4628536701202392,-0.1200868396777894
Native footprints,0.1805551052093505,0.1262767101248783
Native footprints,0.4870045185089111,-0.1328464472625093
Native footprints,0.2085061073303222,0.1374789265506956
Native footprints,0.2081742286682129,0.1589430660840355
Native footprints,-0.0449962615966796,0.3286304174786447
Native footprints,0.3342506885528564,0.0427749857287192
Native footprints,0.2179794311523437,0.1507892499633298
Native footprints,0.0793275833129882,0.3113592058253497
Native footprints,0.1638262271881103,0.158296893364056
Native footprints,0.2623727321624756,0.0477697698907605
Native footprints,0.391512393951416,0.0002287045839293
Native footprints,0.4424946308135986,-0.1257134242930119
Native footprints,0.206561803817749,0.1142181159492917
Native footprints,0.1602497100830078,0.1580428235444582
Native footprints,0.2016756534576416,0.1110694784116568
Native footprints,0.2144873142242431,0.0993547030928916
Native footprints,0.1821975708007812,0.0996308145219209
Native footprints,0.3711681365966797,-0.0391820959585064
Native footprints,0.2273542881011963,0.0657428858677419
Native footprints,0.306689977645874,-0.0016350069228303
Native footprints,-0.028066873550415,0.3160499214945867
Native footprints,0.4510772228240967,-0.1349444728701718
Native footprints,0.3175106048583984,0.0409273717511362
Native footprints,0.3009397983551025,0.0220254261764663
Native footprints,0.1235933303833007,0.1782472405253123
Native footprints,0.3667666912078857,-0.0738067851261666
Native footprints,0.3371901512145996,-0.0097901770082371
Native footprints,0.2165682315826416,0.058966904232679
Native footprints,0.1777641773223877,0.1281151062348993
Native footprints,0.2922346591949463,-0.0320951828662379
Native footprints,0.568669319152832,-0.2390515253304438
Native footprints,0.2079765796661377,0.0526318160350664
Native footprints,0.4062540531158447,-0.1648801552363804
Native footprints,0.3869552612304687,-0.1272469441023752
Native footprints,0.2160110473632812,0.0779588436244884
Native footprints,0.1758725643157959,0.093581067293925
Native footprints,0.4201195240020752,-0.1393024425841164
Native footprints,0.4118375778198242,-0.1414634998432243
Native footprints,0.0932030826807022,0.20342891576186
Native footprints,0.1161029338836669,0.1802475350239462
Native footprints,0.3322694301605224,-0.0602712353516119
Native footprints,0.3660111427307129,-0.1053718579205859
Native footprints,0.4464781284332275,-0.1049892236778022
Native footprints,0.2149891853332519,0.0472751365408317
Native footprints,0.123659610748291,0.1263906298582311
Native footprints,0.1735799312591552,0.0848137122648436
Native footprints,0.2181329727172851,0.0137097485846135
Native footprints,0.3029212951660156,-0.0433922084882061
Native footprints,0.176424503326416,0.0704778702136931
Native footprints,0.2486965656280517,-0.0230456996433216
Native footprints,0.1275813579559326,0.148130462335451
Native footprints,0.0543286800384521,0.1618613610780613
Native footprints,0.102581039071083,0.1544186375553102
Native footprints,0.199329137802124,0.0342839864894367
Native footprints,0.2159268856048584,0.0348538042079986
Native footprints,0.2213838100433349,0.0402030679672327
Native footprints,0.035140037536621,0.1980771570891786
Native footprints,0.218747854232788,0.0211769702106597
Native footprints,0.3664224147796631,-0.1183656413138324
Native footprints,0.036409854888916,0.2236282732611618
Native footprints,0.1403887271881103,0.1090847122225978
Native footprints,0.0723729133605957,0.1701305995389201
Native footprints,0.132364273071289,0.1354907321227199
Native footprints,0.0078480243682861,0.2386768701505675
Native footprints,0.1912617683410644,0.0518061839758186
Native footprints,0.0798761844635009,0.131712299655158
Native footprints,0.2338817119598388,0.0079413509861168
Native footprints,0.2684628963470459,-0.0287053853540643
Native footprints,0.412895917892456,-0.165265487748292
Native footprints,0.2508213520050049,-0.0367675979806672
Native footprints,0.2690446376800537,-0.0324149633779871
Native footprints,-0.001878023147583,0.2038899632685206
Native footprints,0.5049676895141602,-0.2216205538826329
Native footprints,0.2349529266357422,-0.0049945023269121
Native footprints,0.114330768585205,0.1122270010240113
Native footprints,0.2065780162811279,0.0168856124526171
Native footprints,0.3342344760894775,-0.0493174252695987
Native footprints,-0.0201218128204345,0.2578534338443914
Native footprints,0.2971889972686767,-0.0234077922965518
Native footprints,0.2435641288757324,0.0976433690422966
Native footprints,0.2505745887756347,0.0298009654984957
Native footprints,0.1405720710754394,0.0997981914963328
Native footprints,0.4512925148010254,-0.1890397571712951
Native footprints,0.0345478057861328,0.2314056020598597
Native footprints,0.2547543048858642,0.0083477038557202
Native footprints,0.2137353420257568,0.0347386951428316
Native footprints,0.1244151592254638,0.0806436678759147
Native footprints,0.1207990646362304,0.1136557035189096
Native footprints,0.1606900691986084,0.0563437016398824
Native footprints,0.0210440158843994,0.195830186786647
Native footprints,0.1343967914581298,0.0762640071380336
Native footprints,0.1090192794799804,0.0994110769894107
Native footprints,0.2680187225341797,-0.0513192565155452
Native footprints,-0.013564109802246,0.1987205349531008
Native footprints,0.2223238945007324,0.038748144578196
Native footprints,0.2677745819091797,-0.0502096533645243
Native footprints,0.2378261089324951,-0.0062443346510596
Native footprints,0.3317239284515381,-0.1019811297545977
Native footprints,0.3802070617675781,-0.1229398124528692
Native footprints,0.3223183155059814,-0.1033638371756221
Native footprints,-0.0310170650482177,0.2587831754948148
Native footprints,0.3277065753936767,-0.1323685232633612
Native footprints,0.2424795627593994,-0.0185453275618073
Native footprints,0.2499251365661621,-0.0358371652617813
Native footprints,-0.0053145885467529,0.2129471962020867
Native footprints,0.0655713081359863,0.1531575907435105
Native footprints,0.1545367240905761,0.1080488506511824
Native footprints,0.3788521289825439,-0.1591229076292812
Native footprints,-0.0506751537322998,0.3010698370439802
Native footprints,0.1081323772668838,0.1541099510708565
Native footprints,0.0951340347528457,0.1211951453885673
Native footprints,0.0241665840148925,0.2010233839498574
Native footprints,0.1799368858337402,0.0209386142157701
Native footprints,0.3010313510894775,-0.0806594092801473
Native footprints,0.1305150985717773,0.0904212519805318
Native footprints,0.1347243785858154,0.0735699829834672
Native footprints,0.0855712741613388,0.1745555336450407
Native footprints,0.301283597946167,-0.0537253446374503
Native footprints,0.1222524642944336,0.1508505913032466
Native footprints,0.1525478363037109,0.1063061991128626
Native footprints,0.2061328887939453,0.0501938837783864
Native footprints,0.2608463764190674,0.0068002576558624
Native footprints,0.1860840320587158,0.0920148691228109
Native footprints,0.2269864082336425,0.0787936743521882
Native footprints,0.2794661521911621,0.0151949554604277
Native footprints,0.1875979900360107,0.0481965280355818
Native footprints,0.3165149688720703,0.0334709868113524
Native footprints,0.2794492244720459,0.0462547628104407
Native footprints,0.3154716491699219,0.0217679939361877
Native footprints,0.0025806427001953,0.3496255252015331
Native footprints,0.1930062770843505,0.1751885169023884
Native footprints,0.3502264022827148,-0.014986085125444
Native footprints,0.2016057968139648,0.0886765725956943
Native footprints,0.4400820732116699,-0.1486843523724746
Native footprints,0.4550189971923828,-0.103677080178341
Native footprints,0.5237383842468262,-0.1812272248300682
Native footprints,0.3248629570007324,0.0069324423147443
Native footprints,0.5715353488922119,-0.2446821456556104
Native footprints,0.5774374008178711,-0.2397527336876777
Native footprints,0.3011245727539062,0.0408648766682545
Native footprints,0.2690608501434326,0.0173620063934485
Native footprints,0.3728728294372558,-0.0324562092703262
Native footprints,0.4107069969177246,-0.1079567156781043
Native footprints,0.4326872825622558,-0.0872544796920995
Native footprints,0.3807651996612549,0.002768291473199
Native footprints,0.3166961669921875,-0.0008683818058006
Native footprints,0.4649021625518799,-0.0986743330344229
Native footprints,0.5390369892120361,-0.1990018664112169
Native footprints,0.4053812026977539,-0.048744058070981
Native footprints,0.3782639503479004,-0.0096951742201612
Native footprints,0.1807577610015869,0.1551880670844077
Native footprints,0.4046013355255127,-0.0532805531649444
Native footprints,0.4565038681030273,-0.1272063762422797
Native footprints,0.2443225383758545,0.1329007096401521
Native footprints,0.3734860420227051,-0.0445616427456995
Native footprints,0.0958881378173828,0.2717018185827224
Native footprints,0.2078635692596435,0.0411443556356596
Native footprints,0.3008582592010498,-0.0248139592159079
Native footprints,0.3374149799346924,-0.0522644970205705
Native footprints,-0.0592906475067138,0.3200676296454948
Native footprints,0.0926218032836914,0.2174744111177428
Native footprints,0.3360514640808105,-0.051279625814696
Native footprints,0.1000692993402481,0.2071699025437364
Native footprints,0.4842212200164795,-0.1773448654705764
Native footprints,0.4071071147918701,-0.1299125865978027
Native footprints,0.3267395496368408,0.0445735106316931
Native footprints,0.5030133724212646,-0.1396999778759778
Native footprints,0.3350470066070556,0.0022634636614201
Native footprints,0.0822033882141113,0.2950808711600358
Native footprints,0.3959357738494873,-0.037161820665939
Native footprints,0.3339717388153076,0.041791469670899
Native footprints,0.2456345558166504,0.0874863758363456
Native footprints,0.3506839275360107,0.0181138635740698
Native footprints,0.2435181140899658,0.1242275455046699
Native footprints,0.4164810180664062,-0.0486830586398802
Native footprints,0.3891031742095947,-0.0485497462712691
Native footprints,0.5022602081298828,-0.1193882715258544
Native footprints,0.1148467063903808,0.2012047257604114
Native footprints,0.5516307353973389,-0.2305460962578658
Native footprints,0.5302424430847168,-0.1668346327725338
Native footprints,0.4425644874572754,-0.0932234914602591
Native footprints,0.4111311435699463,-0.0590215999910647
Native footprints,0.3625204563140869,-0.0170105993807586
Native footprints,0.3150858879089355,0.0448414529455233
Native footprints,0.2533245086669922,0.0429195507879365
Native footprints,0.3263344764709472,-0.0612741227631662
Native footprints,0.3025410175323486,-0.0171196797703732
Native footprints,0.0910823345184326,0.1431590472551567
Native footprints,0.0675792694091796,0.1888582377045735
Native footprints,0.1507790088653564,0.0556328348253734
Native footprints,0.1424276828765869,0.1050056643233574
Native footprints,0.2773013114929199,2.7631870263444824e-05
Native footprints,-0.0039503574371337,0.2948925942858673
Native footprints,0.2101523876190185,0.0548468627074572
Native footprints,0.1227023601531982,0.1542034913734682
Native footprints,0.0772724151611328,0.2441141213070576
Native footprints,0.544506311416626,-0.223877953801708
Native footprints,0.2474939823150634,0.0738824929537956
Native footprints,0.351520299911499,-0.0322617071018925
Native footprints,0.5023305416107178,-0.1536145976221626
Native footprints,0.3824167251586914,-0.0730628923006039
Native footprints,0.0922040939331054,0.2522427727513533
Native footprints,0.4287805557250976,-0.0885784415548883
Native footprints,0.2700152397155761,0.0648464634680755
Native footprints,0.3493390083312988,0.0495397442699458
Native footprints,0.2888228893280029,0.0669396978166461
Native footprints,0.3750612735748291,-0.005219142243908
Native footprints,0.3786766529083252,-0.0055266875764999
Native footprints,0.2006504535675048,0.1913572667501216
Native footprints,0.2756164073944092,0.0787230721838392
Native footprints,0.2924230098724365,0.0609611465595434
Native footprints,0.0386104583740234,0.3164030602106502
Native footprints,0.3232119083404541,0.041203432926723
Native footprints,0.1166858673095703,0.1835226727745753
Native footprints,0.1773674488067627,0.1500193967614478
Native footprints,0.3208138942718506,0.0135183689713761
Native footprints,0.2987074851989746,0.0224576128607611
Native footprints,0.2457513809204101,0.0690899159412915
Native footprints,0.2188999652862548,0.1269018504740122
Native footprints,0.5122702121734619,-0.1346850677254081
Native footprints,0.4291207790374756,-0.1167258259839297
Native footprints,0.0476033687591552,0.299053802316219
Native footprints,0.3395059108734131,-0.0522882502637421
Native footprints,0.2058870792388916,0.0631753312236578
Native footprints,0.2994892597198486,0.01541430614991
Native footprints,0.2710626125335693,-0.0163162151159672
Native footprints,0.2905077934265136,-0.0015013865430338
Native footprints,0.0223824977874755,0.2622193430192047
Native footprints,0.3960659503936767,-0.1506166226228567
Native footprints,0.0470452308654785,0.2155589632299208
Native footprints,0.4107887744903564,-0.0649879096361237
Native footprints,0.2170355319976806,0.0443708272382983
Native footprints,0.0597872734069824,0.2236968233678818
Native footprints,0.0662531852722168,0.2404017615396197
Native footprints,0.1005840450525283,0.1795733836470736
Native footprints,0.2287178039550781,0.0301727953322362
Native footprints,0.5216457843780518,-0.2304677535071834
Native footprints,0.1674942970275879,0.1023782853762421
Native footprints,0.3865396976470947,-0.1000953076896933
Native footprints,0.0227251052856445,0.2322294792047075
Native footprints,0.2802472114562988,0.0173875327366974
Native footprints,0.2037060260772705,0.0733489643248505
Native footprints,0.4064183235168457,-0.1293506339180076
Native footprints,0.3597440719604492,-0.0647208224817066
Native footprints,0.4588119983673095,-0.1943575558497495
Native footprints,0.3886604309082031,-0.1548286289031262
Native footprints,0.3368074893951416,-0.0574806311049768
Native footprints,0.0131239891052246,0.2592119920666035
Native footprints,0.3706533908843994,-0.1294995050543382
Native footprints,0.2062101364135742,0.0308869082043836
Native footprints,0.1991126537322998,0.1585562546161494
Native footprints,0.4070799350738525,-0.0499294238860743
Native footprints,0.0675306320190429,0.2170771596189492
Native footprints,0.3563334941864013,-0.060359215975739
Native footprints,0.2392640113830566,0.0268153761752954
Native footprints,0.3931586742401123,-0.1144003350609461
Native footprints,0.164473295211792,0.1110089579582625
Native footprints,0.2529747486114502,0.0128416367424288
Native footprints,0.389406681060791,-0.127834250687068
Native footprints,0.0500540733337402,0.2301695813699971
Native footprints,0.1856336593627929,0.0774575519941432
Native footprints,0.6811213493347168,-0.356881726670767
Native footprints,0.2709798812866211,0.0658537862915902
Native footprints,0.2098896503448486,0.1003934324295327
Native footprints,0.363140344619751,-0.0519416313574388
Native footprints,0.8770081996917725,-0.5216412508061964
Native footprints,0.5697214603424072,-0.1890355646882238
Native footprints,0.8367288112640381,-0.4698792425720462
Native footprints,0.2850034236907959,0.0249739581307306
Native footprints,0.0934705585241317,0.1519731865080348
Native footprints,0.5837912559509277,-0.2692106607145836
Native footprints,0.4260120391845703,-0.11411643449662
Native footprints,0.3297381401062011,-0.0300341630336459
Native footprints,0.3066534996032715,-0.0204618359302942
Native footprints,0.5855622291564941,-0.2993681728812369
Native footprints,0.3902618885040283,-0.1223367309841935
Native footprints,0.041914939880371,0.2269360013498904
Native footprints,0.2224428653717041,0.0474814340506402
Native footprints,0.7668604850769043,-0.3756494706441362
Native footprints,0.4495630264282226,-0.0723811888362933
Native footprints,0.7598292827606201,-0.3560526892458451
Native footprints,0.3181076049804687,0.0532920797603572
Native footprints,0.6235935688018799,-0.2721420521987803
Native footprints,0.3548769950866699,-0.0121524952999435
Native footprints,0.3199501037597656,0.0071063479730846
Native footprints,0.1047563552856445,0.2572744203912223
Native footprints,0.2656958103179931,0.0393842520546025
Native footprints,0.3912084102630615,-0.0154444962659261
Native footprints,0.1509325504302978,0.1528751689939266
Native footprints,0.3987150192260742,-0.0637359865075369
Native footprints,-0.0485515594482421,0.3604823169850759
Native footprints,0.4929046630859375,-0.1649190534599578
Native footprints,0.2280499935150146,0.1319468861775058
Native footprints,0.265089750289917,0.0857987685920609
Native footprints,0.0338444709777832,0.3093693466495955
Native footprints,0.5395646095275879,-0.203484182226148
Native footprints,0.472231388092041,-0.0834782203630059
Native footprints,0.1750617027282714,0.1627644346803251
Native footprints,0.4007840156555176,-0.0487328454373908
Native footprints,0.5332756042480469,-0.1899481686867554
Native footprints,0.254448652267456,0.0552843467032381
Native footprints,0.3950614929199219,-0.0445575081684866
Native footprints,0.4296193122863769,-0.1025363885565053
Native footprints,0.3497757911682129,-0.0675452952905263
Native footprints,0.2105846405029297,0.1259163940095824
Native footprints,0.9035632610321044,-0.5064677026404034
Native footprints,0.5934047698974609,-0.2182521657828706
Native footprints,0.3575758934020996,0.032681607673304
Native footprints,0.3913118839263916,0.0039866767810733
Native footprints,0.3791484832763672,-0.0033995077062878
Native footprints,0.5121555328369141,-0.1124810252568452
Native footprints,0.4825396537780761,-0.079417651707604
Native footprints,0.5979621410369873,-0.2280278945182854
Native footprints,0.5835776329040527,-0.2041013203999723
Native footprints,0.4704396724700928,-0.1530679533021642
Native footprints,0.657966136932373,-0.2428221672876698
Native footprints,0.242861270904541,0.1762936510675102
Native footprints,0.680626392364502,-0.3244485967011047
Native footprints,0.4848189353942871,-0.1234511252697032
Native footprints,0.217015266418457,0.195587636907312
Native footprints,0.4627089500427246,-0.0748370268124419
Native footprints,0.374098539352417,-0.0571079494579403
Native footprints,0.1637396812438964,0.153848138988939
Native footprints,0.4058551788330078,-0.0027494648626728
Native footprints,0.5149822235107422,-0.1143607362179967
Native footprints,0.4243888854980469,-0.074620809994047
Native footprints,0.3652083873748779,-0.0470098093984849
Native footprints,0.3685896396636963,-0.0235052364947767
Native footprints,0.3974416255950928,-0.0814829834686217
Native footprints,0.3842952251434326,-0.0404787784853709
Native footprints,0.2901613712310791,0.0736395006915677
Native footprints,0.3298780918121338,-0.0438369780364685
Native footprints,0.393240213394165,-0.035794921335733
Native footprints,0.4196972846984863,-0.1220031855643126
Native footprints,0.2316718101501464,0.0821488884671856
Native footprints,0.5008752346038818,-0.2262873238963434
Native footprints,0.4546129703521728,-0.1361686905262548
Native footprints,0.3654828071594238,-0.0435365858040379
Native footprints,0.4026186466217041,-0.0497149738065733
Native footprints,0.2672183513641357,-0.0066898624442066
Native footprints,0.2807767391204834,0.0148791082662188
Native footprints,0.632476806640625,-0.2742018337300138
Native footprints,0.2660553455352783,0.061186011409674
Native footprints,0.4074299335479736,-0.0682442459053379
Native footprints,0.4317378997802734,-0.0752720102628512
Native footprints,0.2572958469390869,0.0769425526762313
Native footprints,0.6949660778045654,-0.3040243845002406
Native footprints,0.589547872543335,-0.1536921265409205
Native footprints,0.5357365608215332,-0.0706996558315714
Native footprints,0.5216302871704102,-0.0775309527097394
Native footprints,0.4939005374908447,-0.072419116545356
Native footprints,0.3981940746307373,0.0615821727820009
Native footprints,0.4140739440917969,0.0512669440852803
Native footprints,0.2493078708648681,0.1761935206781009
Native footprints,0.6508502960205078,-0.2428021099018036
Native footprints,0.3513746261596679,0.0713263471120904
Native footprints,0.2443675994873047,0.1817220347982791
Native footprints,0.2828726768493652,0.1349940128412244
Native footprints,0.4042046070098877,-0.0024504372582701
Native footprints,0.3970227241516113,-0.0119104836050026
Native footprints,0.1434245109558105,0.2616330450104214
Native footprints,0.4645538330078125,-0.1296542162803389
Native footprints,0.5084617137908936,-0.1778515421612846
Native footprints,0.5448822975158691,-0.1914298905701322
Native footprints,0.430535078048706,-0.0150180158202607
Native footprints,0.2374322414398193,0.1028300865544371
Native footprints,0.2343978881835937,0.054894219951631
Native footprints,0.541867733001709,-0.2050943712707094
Native footprints,0.0311143398284912,0.2734880916453584
Native footprints,0.3905680179595947,-0.1155296845356484
Native footprints,0.1720499992370605,0.1039952823285038
Native footprints,0.2433021068572998,0.1038699338241018
Native footprints,0.2678754329681396,0.0364387206053558
Native footprints,0.551030158996582,-0.3002969531366669
Native footprints,0.2778828144073486,0.0047437184964576
Native footprints,0.1633219718933105,0.1685398988214073
Native footprints,0.3525798320770263,-0.1148020460988204
Native footprints,0.0246176719665527,0.2330096946656873
Native footprints,0.4024467468261719,-0.0897146515718607
Native footprints,0.2720582485198974,-0.0012944524411481
Native footprints,0.2311108112335205,-0.0018109967138482
Native footprints,0.1373624801635742,0.1254536432799361
Native footprints,0.2609250545501709,0.023519610691345
Native footprints,0.4062728881835937,-0.1036993527688129
Native footprints,0.4980268478393554,-0.2318253762159459
Native footprints,0.1767752170562744,0.075463487776761
Native footprints,0.6239116191864014,-0.2290762417408378
Native footprints,0.3739056587219238,-0.0572982532849088
Native footprints,0.4351792335510254,-0.1177953059765911
Native footprints,0.4902725219726562,-0.1762633599141902
Native footprints,0.6518499851226807,-0.2429920565041307
Native footprints,0.4238131046295166,-0.0770253220091637
Native footprints,0.2490787506103515,0.0856198875256002
Native footprints,0.4019079208374023,-0.0580070889373875
Native footprints,0.384394884109497,-0.0506558328597742
Native footprints,0.5717065334320068,-0.1636647889348257
Native footprints,0.0804963111877441,0.1975858417778224
Native footprints,0.4035792350769043,-0.0938322792595766
Native footprints,0.246657133102417,0.0285046033852794
Native footprints,0.5056300163269043,-0.1781290927089579
Native footprints,-0.07765793800354,0.3151938410935524
Native footprints,0.4048013687133789,-0.1415189332203703
Native footprints,0.3183522224426269,-0.0480276529285905
Native footprints,0.1985135078430175,0.0713763135669839
Native footprints,0.3741230964660644,-0.0670729715109778
Native footprints,0.5561566352844238,-0.2737637185211897
Native footprints,0.4030005931854248,-0.174870853203847
Native footprints,0.2975273132324219,-0.0941043819284247
Native footprints,-0.0426337718963623,0.2917570938400942
Native footprints,0.3824670314788818,-0.1690151702999102
Native footprints,0.0796492099761962,0.2094076869502695
Native footprints,0.2249624729156494,0.0345460312476741
Native footprints,0.5109913349151611,-0.2125778293544065
Native footprints,0.204500675201416,0.0842798454873193
Native footprints,0.2444732189178466,0.0423376379554444
Native footprints,0.3216907978057861,-0.0605865812936301
Native footprints,0.4847002029418945,-0.1965883532416483
Native footprints,0.4156403541564941,-0.1357116643697397
Native footprints,0.2422304153442382,0.0002401992739272
Native footprints,0.3735167980194092,-0.1272355194916827
Native footprints,0.1402363777160644,0.0747137432804109
Native footprints,0.2052876949310302,0.0642408435346881
Native footprints,0.3497741222381592,-0.1345328399488382
Native footprints,0.1936845779418945,-0.0381568050909215
Native footprints,0.26595139503479,-0.06616980501746
Native footprints,0.3076303005218506,-0.1249600345350424
Native footprints,0.0182967185974121,0.1458935935059264
Native footprints,0.175818920135498,0.025347173730676
Native footprints,0.304318904876709,-0.0826100658690294
Native footprints,0.1234853267669677,0.0831188146634217
Native footprints,0.518928050994873,-0.3382498718012872
Native footprints,0.3715133666992187,-0.1510277302700053
Native footprints,0.536351203918457,-0.2217261001448269
Native footprints,0.5236780643463135,-0.2128311556423289
Native footprints,0.3513832092285156,-0.0369471517093952
Native footprints,0.5452115535736084,-0.1771522176851843
Native footprints,0.6898112297058105,-0.3297258237289293
Native footprints,0.1902437210083007,0.1207962522950485
Native footprints,0.2959439754486084,0.0471167769816254
Native footprints,0.4206948280334472,-0.1240574922473372
Native footprints,0.610520601272583,-0.2465644555968405
Native footprints,0.379373550415039,-0.1033401705120983
Native footprints,0.3844373226165771,-0.0277580620547983
Native footprints,0.449418306350708,-0.1849436187369325
Native footprints,0.3695652484893799,-0.0100305091295616
Native footprints,0.2891092300415039,0.0416032713471581
Native footprints,0.5857093334197998,-0.2378573949238258
Native footprints,0.3149886131286621,0.0013563729172557
Native footprints,0.3423609733581543,0.0203737181792497
Native footprints,0.3422122001647949,-6.401078367129776e-05
Native footprints,0.5545938014984131,-0.2191633951574335
Native footprints,0.2051169872283935,0.0810299838609684
Native footprints,0.3978543281555176,-0.0683031897786996
Native footprints,0.3397607803344726,-0.0164455917078685
Native footprints,0.3093819618225097,-0.0214263674557818
Native footprints,0.3945887088775635,-0.0830282218807569
Native footprints,0.6542544364929199,-0.3455467902967671
Native footprints,0.2723977565765381,0.0095809639227586
Native footprints,0.2184481620788574,0.0303712073521472
Native footprints,0.2902164459228515,-0.026506286760707
Native footprints,0.0766541957855224,0.1911233259038797
Native footprints,0.1511223316192627,0.051970773325556
Native footprints,0.2821218967437744,-0.0614251898493197
Native footprints,0.1797430515289306,0.0740211826527232
Native footprints,0.2116904258728027,0.0373182352078174
Native footprints,-0.0779199600219726,0.3040362638361371
Native footprints,0.1572227478027343,0.0431224687606754
Native footprints,-0.0785603523254394,0.3071845634448881
Native footprints,0.1593461036682129,0.0818868760718358
Native footprints,0.2388880252838134,-0.0073847314246014
Native footprints,-0.1261878311634063,0.3373143743328863
Native footprints,0.4489974975585937,-0.0952534692041882
Native footprints,0.2168972492218017,0.0863106018666782
Native footprints,0.1631615161895752,0.1034331397418509
Native footprints,0.2099792957305908,0.0094412032425787
Native footprints,0.378293514251709,-0.009181586732017
Native footprints,0.5485811233520508,-0.2155854045517091
Native footprints,0.4678974151611328,-0.1409410232826084
Native footprints,0.2357387542724609,0.1283512237590216
Native footprints,0.4962453842163086,-0.1726982665404836
Native footprints,0.3509078025817871,0.0126722444201691
Native footprints,0.410607099533081,-0.0301900955659061
Native footprints,0.5762667655944824,-0.2440896235177896
Native footprints,0.2414140701293945,0.1218851835229296
Native footprints,0.4807801246643066,-0.1573069629384448
Native footprints,-0.0174963474273681,0.3218315436311725
Native footprints,0.1213762760162353,0.2048661388024204
Native footprints,0.3459312915802002,-0.0875427706790316
Native footprints,0.3486878871917724,-0.0619922433205807
Native footprints,0.1480560302734375,0.1486167037566615
Native footprints,-0.0240814685821533,0.2883499016096358
Native footprints,0.379251480102539,-0.1159413149625928
Native footprints,0.3515987396240234,-0.031361909900159
Native footprints,0.4556422233581543,-0.1636005857617515
Native footprints,0.1870942115783691,0.0884810770111123
Native footprints,0.3682787418365478,-0.0396277740560051
Native footprints,0.3387632369995117,-0.0706647998607047
Native footprints,0.1061835289001464,0.1718512321356428
Native footprints,0.5034289360046387,-0.1982463905010488
Native footprints,0.5925159454345703,-0.3177564728737992
Native footprints,0.4843177795410156,-0.1453530088422351
Native footprints,0.2806410789489746,0.0328683666512374
Native footprints,-0.0232093334197998,0.5409125065414456
Native footprints,0.1669657230377197,0.3929678619067028
Native footprints,0.0943801403045654,0.4112828446562552
Native footprints,0.5150439739227295,-0.0215657761887341
Native footprints,0.6290538311004639,-0.1020445393875154
Native footprints,0.3293371200561523,0.1780561457945576
Native footprints,0.4742887020111084,0.0048907830328874
Native footprints,0.5142974853515625,-0.0516600230301905
Native footprints,0.7553009986877441,-0.2797500176989516
Native footprints,0.0723943710327148,0.364881169702174
Native footprints,0.1370425224304199,0.316450383302327
Native footprints,0.1729063987731933,0.2629123539170453
Native footprints,0.2108850479125976,0.2233462131648477
Native footprints,0.1160709857940673,0.3465995741921781
Native footprints,0.4271049499511719,0.0309686235210617
Native footprints,0.4725124835968017,-0.0630499934611118
Native footprints,0.4562218189239502,0.0095888168341042
Native footprints,0.0445280075073242,0.4152209396999111
Native footprints,0.0874874740839004,0.3793358152519784
Native footprints,0.2867946624755859,0.1448770969756139
Native footprints,0.6412537097930908,-0.1858034100001817
Native footprints,0.6904475688934326,-0.2320919444216505
Native footprints,-0.0185613632202148,0.4613374045737052
Native footprints,0.3636825084686279,0.0883127509343793
Native footprints,0.5003697872161865,-0.1344985781360054
Native footprints,0.4634325504302978,-0.0674211169409397
Native footprints,0.4463975429534912,-0.0065276851617436
Native footprints,0.288764476776123,0.1275371136050632
Native footprints,0.3238940238952636,-0.0045189911080295
Native footprints,0.3508968353271484,-0.0255502353416426
Native footprints,0.1104958057403564,0.3167720317961962
Native footprints,0.2825901508331299,0.1105658038581888
Native footprints,0.3059408664703369,0.0585950251424873
Native footprints,0.6034491062164307,-0.1793104243694858
Native footprints,0.618563175201416,-0.1691754841909721
Native footprints,0.7621369361877441,-0.3184458471596988
Native footprints,0.1253833770751953,0.288965328380895
Native footprints,0.3585257530212402,0.1151352255382774
Native footprints,0.4890182018280029,-0.0104349348675551
Native footprints,0.3739283084869385,0.0283891350552945
Native footprints,0.3467168807983398,0.0918221993355052
Native footprints,0.2486722469329834,0.1779665815990295
Native footprints,0.6295616626739502,-0.1947313001204654
Native footprints,0.7284111976623535,-0.2511253959742172
Native footprints,0.2866959571838379,0.1225237144948181
Native footprints,0.3210511207580566,0.1542315206827152
Native footprints,0.3923275470733642,0.1351700808998139
Native footprints,0.7173523902893066,-0.2809515604084825
Native footprints,0.237419843673706,0.2817634913764023
Native footprints,0.0819864273071289,0.3900868142444899
Native footprints,0.3423333168029785,0.1693063273045558
Native footprints,0.3550081253051758,0.0408706107808057
Native footprints,0.2999145984649658,0.1448240515946816
Native footprints,0.5434613227844238,-0.1694455114967251
Native footprints,0.2088220119476318,0.1109168497581063
Native footprints,0.5512702465057373,-0.1006216540937228
Native footprints,0.4287822246551513,0.0361245902544313
Native footprints,0.1524093151092529,0.2162673428418045
Native footprints,-0.063323974609375,0.4763899384994925
Native footprints,0.3015000820159912,0.1583778203192596
Native footprints,0.4927337169647217,-0.1194938756754546
Native footprints,-0.1016936302185058,0.4783879290842988
Native footprints,0.2698838710784912,0.1718567256267382
Native footprints,0.5973026752471924,-0.203767585117655
Native footprints,0.2354965209960937,0.1169086623363113
Native footprints,0.1579213142395019,0.2792263756453469
Native footprints,0.2954716682434082,0.1186317034558155
Native footprints,-0.2224218845367431,0.61458018542607
Native footprints,0.544804573059082,-0.1749598650795517
Native footprints,0.2133815288543701,0.1316293171316329
Native footprints,0.4893736839294433,-0.0711513860563886
Native footprints,0.3295741081237793,0.0825611028050222
Native footprints,0.2238397598266601,0.1422052810114809
Native footprints,0.3790619373321533,0.0043475065763979
Native footprints,0.1941733360290527,0.1653653603268439
Native footprints,0.5764477252960205,-0.2621279543825868
Native footprints,0.6418230533599854,-0.2479698698247582
Native footprints,0.2144701480865478,0.1249293707162675
Native footprints,0.8353915214538574,-0.4860074279414126
Native footprints,0.626152515411377,-0.2929801121349722
Native footprints,0.4930222034454345,-0.0810461005682543
Native footprints,0.261868953704834,0.1586217151760089
Native footprints,0.2559144496917724,0.0902615629302121
Native footprints,0.4058489799499511,-0.0957818755429238
Native footprints,0.1260895729064941,0.277563832265248
Native footprints,0.0992038249969482,0.3152616885294282
Native footprints,-0.0354397296905517,0.3640456674692089
Native footprints,0.0243251323699951,0.3386424391226642
Native footprints,0.7123620510101318,-0.364517014251504
Native footprints,-0.010615587234497,0.3905174455261507
Native footprints,0.3784708976745605,-0.0461148012170775
Native footprints,0.4159743785858154,-0.0875446038186217
Native footprints,-0.1059112548828125,0.465189157590187
Native footprints,0.1990232467651367,0.15603226505699
Native footprints,0.2975416183471679,0.0377777160341198
Native footprints,0.2433698177337646,0.1165999151251941
Native footprints,0.3833472728729248,-0.0213733981861789
Native footprints,0.3617558479309082,-0.0180896751006646
Native footprints,0.5131468772888184,-0.1592877586298662
Native footprints,0.3579068183898926,0.0745278744447516
Native footprints,0.7320239543914795,-0.3334183572172037
Native footprints,0.4841244220733642,-0.1057909145762637
Native footprints,0.262397289276123,0.160735855451061
Native footprints,0.1169023513793945,0.2628603678873595
Native footprints,0.2295982837677002,0.2515116018748369
Native footprints,0.2225270271301269,0.2239589281048638
Native footprints,0.5364799499511719,-0.0909706672366406
Native footprints,0.413996934890747,-0.0111399288599813
Native footprints,-0.170467346906662,0.6597267733332177
Native footprints,0.742224931716919,-0.2740276751845444
Native footprints,0.2679016590118408,0.1555998544433017
Native footprints,0.4858007431030273,-0.0466205682556896
Native footprints,0.7580640316009521,-0.2734994429867834
Native footprints,0.4717535972595215,-0.0138255124105459
Native footprints,-0.0513803958892822,0.4944725981620055
Native footprints,0.1807537078857422,0.264736740754431
Native footprints,0.4624578952789306,-0.0197438161896151
Native footprints,0.2301745414733886,0.2306837756576826
Native footprints,0.6009232997894287,-0.1356868579041908
Native footprints,0.5025129318237305,-0.057993818360469
Native footprints,0.3032104969024658,0.187172808433547
Native footprints,0.4962544441223144,-0.0605995233394807
Native footprints,0.5295350551605225,-0.0833257215583678
Native footprints,0.4373431205749511,-0.0052003252184694
Native footprints,0.6779134273529053,-0.2491944458591322
Native footprints,0.6280326843261719,-0.1862412601596861
Native footprints,0.7234938144683838,-0.2675351480397469
Native footprints,0.5252096652984619,-0.0812077220203432
Native footprints,0.307046890258789,0.1043092832327603
Native footprints,0.5190935134887695,-0.0712527318755232
Native footprints,0.7641024589538574,-0.3834707342692448
Native footprints,0.4774625301361084,-0.0731006386199863
Native footprints,0.5095183849334717,-0.0489966885385662
Native footprints,0.5163838863372803,-0.0708170584704756
Native footprints,0.5313272476196289,-0.0390470074426067
Native footprints,0.8293404579162598,-0.3763077293553699
Native footprints,0.7746982574462891,-0.336206538567833
Native footprints,0.889728307723999,-0.4357564214194249
Native footprints,0.2994146347045898,0.2046327915782295
Native footprints,0.1759722232818603,0.2804035534775934
Native footprints,0.6559624671936035,-0.1608479748951801
Native footprints,0.458111047744751,0.0243481122117764
Native footprints,0.5104885101318359,-0.0525657319520199
Native footprints,0.5800051689147949,-0.1308037941383106
Native footprints,0.2744483947753906,0.2085443768383577
Native footprints,0.0319364070892334,0.4371847313414991
Native footprints,0.6266374588012695,-0.1326792068918599
Native footprints,0.4468269348144531,0.0487954026550985
Native footprints,0.2178587913513183,-0.006117027314797
Native footprints,0.5200810432434082,-0.2802579043968612
Native footprints,-0.1313738822937011,0.3298180689852763
Native footprints,-0.1798961162567138,0.4069979574895291
Native footprints,0.5478763580322266,-0.3159036233359193
Native footprints,0.0998191833496093,0.0985435935156686
Native footprints,0.3196539878845215,-0.1045272130863712
Native footprints,0.4086277484893799,-0.2227729902166413
Native footprints,0.8254399299621582,-0.4639051284681842
Native footprints,0.5581414699554443,-0.2375046155349935
Native footprints,0.4082167148590088,-0.0341066105019667
Native footprints,0.157508373260498,0.2242149915515678
Native footprints,0.4997117519378662,-0.1220671911998586
Native footprints,0.5257508754730225,-0.1415200941458837
Native footprints,0.2716398239135742,0.1239332725683289
Native footprints,0.4427487850189209,-0.0352093949773794
Native footprints,0.292320966720581,0.1262985031309569
Native footprints,0.6600692272186279,-0.2162958081326393
Native footprints,0.2121353149414062,0.1872891963747887
Native footprints,0.4661719799041748,-0.0018063532256996
Native footprints,0.5314624309539795,-0.041840433258836
Native footprints,0.5630218982696533,-0.0227313326490898
Native footprints,0.3465216159820556,0.1918542543267276
Native footprints,0.4677152633666992,0.0727460358986153
Native footprints,0.4185342788696289,0.0980526532652228
Native footprints,0.1360809803009033,0.3729955732769654
Native footprints,0.3605201244354248,0.1338570782680939
Native footprints,0.29628586769104,0.2128573720067872
Native footprints,0.1675283908843994,0.3433918774709422
Native footprints,0.3166413307189941,0.1622973297032012
Native footprints,0.4110317230224609,0.0682204296471934
Native footprints,0.2048063278198242,0.237452481999747
Native footprints,0.4348800182342529,0.0290056769663607
Native footprints,0.5236213207244873,-0.0353459900203366
Native footprints,0.4217507839202881,0.0451359093760113
Native footprints,0.2011170387268066,0.2512090439529957
Native footprints,0.402919054031372,0.0351008620820968
Native footprints,0.2584261894226074,0.1784335599801574
Native footprints,0.1820547580718994,0.3405397529929771
Native footprints,0.4008409976959228,0.080280053423921
Native footprints,0.5749335289001465,-0.0474271894007179
Native footprints,0.7402815818786621,-0.2510555905352502
Native footprints,0.120962381362915,0.3300489050152398
Native footprints,0.4338166713714599,0.0285584942563676
Native footprints,0.3915743827819824,0.0926889219912329
Native footprints,0.1924765110015869,0.2517574533489173
Native footprints,0.5226340293884277,-0.134830939485278
Native footprints,0.0709655284881591,0.3712058899994149
Native footprints,0.3697707653045654,0.0274765699599758
Native footprints,0.4383659362792969,-0.0317792007122501
Native footprints,0.5342390537261963,-0.1456953000454393
Native footprints,0.917978048324585,-0.5075668913848671
Native footprints,0.4272153377532959,-0.0003441200562389
Native footprints,0.3791477680206299,0.0284294435415688
Native footprints,0.4910979270935058,-0.071565065984376
Native footprints,0.3780913352966308,0.0512291709498497
Native footprints,0.4021124839782715,-0.0050585507313651
Native footprints,0.4385747909545898,-0.0339571363896113
Native footprints,0.5794239044189453,-0.2036578738890237
Native footprints,0.422076940536499,-0.0501829380297432
Native footprints,0.3058526515960693,0.0520031864741035
Native footprints,0.6305546760559082,-0.2907347954371261
Native footprints,0.5090603828430176,-0.1343499193600197
Native footprints,0.2412402629852295,0.1270312783207994
Native footprints,0.2649257183074951,0.0796125580538157
Native footprints,0.4151203632354736,-0.0603432521606989
Native footprints,0.446540355682373,-0.0924165477275966
Native footprints,0.4208230972290039,-0.0592236647990812
Native footprints,0.2773067951202392,0.0426317261783277
Native footprints,0.303194522857666,0.0060794952423109
Native footprints,0.1618092060089111,0.2139770696172259
Native footprints,0.5817921161651611,-0.2326840921465647
Native footprints,0.4626092910766601,-0.1398447383927309
Native footprints,0.6920368671417236,-0.4151773646156355
Native footprints,0.3571808338165283,-0.0222835483425583
Native footprints,0.2656261920928955,0.0728771437841113
Native footprints,0.4442799091339111,-0.1673889653599124
Native footprints,0.1600587368011474,0.1717068470089936
Native footprints,0.4113061428070068,-0.0592415985556226
Native footprints,0.6055402755737305,-0.2902775432924749
Native footprints,0.6186964511871338,-0.2978050913677428
Native footprints,0.5260684490203857,-0.243932767676642
Native footprints,0.2390918731689453,0.1510224091879273
Native footprints,0.6783521175384521,-0.3187225943190793
Native footprints,0.1904072761535644,0.1621418314083002
Native footprints,0.4416816234588623,-0.0588189505200719
Native footprints,0.6781258583068848,-0.3335462942190494
Native footprints,0.290508508682251,0.0686153165731678
Native footprints,0.2336680889129638,0.1530045577616527
Native footprints,0.0069026947021484,0.3660484699197177
Native footprints,0.662283182144165,-0.3566611033319802
Native footprints,0.3965890407562256,-0.0141049817910543
Native footprints,0.2315762042999267,0.1449934645265876
Native footprints,0.355809211730957,-0.0278106575131547
Native footprints,0.3783712387084961,0.0029971927576452
Native footprints,0.5458252429962158,-0.1075325395484363
Native footprints,0.0171968936920166,0.4227469507240823
Native footprints,0.2746343612670898,0.1404946086017809
Native footprints,0.3520009517669678,0.0446057795742922
Native footprints,0.0693807601928711,0.3456444382207008
Native footprints,0.677778959274292,-0.2512345771835634
Native footprints,0.342587947845459,0.0704029251423318
Native footprints,0.0396430492401123,0.2786339631469218
Native footprints,0.66231369972229,-0.3097018937109335
Native footprints,0.1957623958587646,0.1821824978141618
Native footprints,0.1093766540288925,0.3178614906998773
Native footprints,0.6257789134979248,-0.2323653859688454
Native footprints,0.1422991752624511,0.2625136911090663
Native footprints,0.2725691795349121,0.1165457926030055
Native footprints,0.0334224700927734,0.3277815694731818
Native footprints,0.4457426071166992,0.0081262439178929
Native footprints,0.6250221729278564,-0.1567052556070927
Native footprints,0.6267850399017334,-0.1730556959846992
Native footprints,0.7263188362121582,-0.2280946971350256
Native footprints,0.7146577835083008,-0.2417269474112358
Native footprints,0.1583476066589355,0.2651706856865554
Native footprints,0.2257225513458252,0.2502153870501783
Native footprints,0.616487979888916,-0.1238614565434432
Native footprints,0.7726938724517822,-0.3545236290155121
Native footprints,0.3715105056762695,0.059256604717977
Native footprints,0.3028943538665771,0.0701616251397868
Native footprints,0.4439456462860107,0.0561797220464798
Native footprints,0.1718053817749023,0.2504375001833968
Native footprints,0.0240628719329834,0.4126668794125671
Native footprints,0.2102811336517334,0.2032258665920012
Native footprints,0.4768900871276855,-0.0552477483416714
Native footprints,-0.0098292827606201,0.4648014301901836
Native footprints,0.1885709762573242,0.2085616367953289
Native footprints,0.4733548164367676,-0.0306691725053184
Native footprints,0.2507472038269043,0.1923236183972398
Native footprints,0.5509769916534424,-0.1001354880140042
Native footprints,0.5241961479187012,-0.0929541673206469
Native footprints,0.1287715435028076,0.2164074901537255
Native footprints,0.3820405006408691,-0.0829939984051081
Native footprints,0.7409107685089111,-0.3609669169798042
Native footprints,0.2519288063049316,0.112316660200364
Native footprints,0.5444011688232422,-0.1976247970753017
Native footprints,0.361304759979248,-0.0564086825871082
Native footprints,0.5814998149871826,-0.1718214385073032
Native footprints,0.4664256572723388,-0.0744881813037026
Native footprints,0.6118025779724121,-0.2671608368996845
Native footprints,0.788083553314209,-0.3589055602753306
Native footprints,0.588390588760376,-0.1236336795859529
Native footprints,0.2182025909423828,0.2230716016901837
Native footprints,0.1003167629241943,0.338566759914809
Native footprints,0.3648300170898437,0.060139051120209
Native footprints,0.571038007736206,-0.1071750115828643
Native footprints,0.2643418312072754,0.18685831737906
Native footprints,0.458824872970581,-0.0630878218837201
Native footprints,0.5641443729400635,-0.1322472487587186
Native footprints,-0.1855049133300781,0.6311137651087242
Native footprints,0.4907863140106201,-0.0657110817429884
Native footprints,0.2509050369262695,0.2235603774639344
Native footprints,0.5601353645324707,-0.153508782935145
Native footprints,0.6421990394592285,-0.1988400927066711
Native footprints,0.5302574634552002,-0.1045415659155108
Native footprints,0.8036396503448486,-0.3633335720784322
Native footprints,0.6170597076416016,-0.2057735331039368
Native footprints,0.5211801528930664,-0.1186091241835394
Native footprints,0.1540298461914062,0.3014867102800264
Native footprints,0.4672484397888183,-0.0219573133232037
Native footprints,0.3361203670501709,0.1322863035304817
Native footprints,-0.2513453960418701,0.6807777411077476
Native footprints,0.6390848159790039,-0.1668097676273818
Native footprints,0.6352078914642334,-0.1641597572920504
Native footprints,0.4961519241333008,-0.0236038123778744
Native footprints,0.1328582763671875,0.2933800980268041
Native footprints,0.443324327468872,0.0225076576633733
Native footprints,0.4936521053314209,-0.0669529709521961
Native footprints,0.3698573112487793,0.0612436898610829
Native footprints,0.3508379459381103,0.0977481006109739
Native footprints,0.4187870025634765,0.0566419557090349
Native footprints,0.2870726585388183,0.1617353478833201
Native footprints,0.3577802181243896,0.0756686006587127
Native footprints,0.446516752243042,-0.0123597538594418
Native footprints,0.0993471294641494,0.35942029866929
Native footprints,0.4950745105743408,-0.0339674855037002
Native footprints,0.4156177043914795,0.0319844304815288
Native footprints,0.5301578044891357,-0.080602569970314
Native footprints,0.4756090641021728,-0.0444857320376971
Native footprints,0.5467798709869385,-0.148299762734811
Native footprints,0.2768337726593017,0.1547610861006672
Native footprints,0.3322293758392334,0.0647378715866044
Native footprints,0.3696181774139404,0.0899742077158946
Native footprints,0.158696174621582,0.2423385580290664
Native footprints,0.5680854320526123,-0.1601472442900126
Native footprints,0.7495105266571045,-0.3204805068669288
Native footprints,0.1908037662506103,0.1847253353048128
Native footprints,-0.2258777618408203,0.5952689796651223
Native footprints,0.1995034217834472,0.1554953730948877
Native footprints,0.5906453132629395,-0.1809779795628139
Native footprints,0.1505351066589355,0.2264668869949456
Native footprints,0.0018994808197021,0.3528606059696185
Native footprints,0.2674648761749267,0.1151389049274101
Native footprints,0.5602166652679443,-0.1855449128628616
Native footprints,-0.2329382896423339,0.6147482482523037
Native footprints,0.3993496894836426,-0.0212316388892966
Native footprints,0.5962576866149902,-0.1751677628861668
Native footprints,0.7141897678375244,-0.3156686786027545
Native footprints,0.027611494064331,0.3539359224569887
Native footprints,0.3381791114807129,0.0201992954669268
Native footprints,0.3683652877807617,-0.0356243811232421
Native footprints,0.6475396156311035,-0.2621150484637876
Native footprints,0.4197778701782226,-0.0065204981057034
Native footprints,0.3893582820892334,0.0183956139490283
Native footprints,0.2881402969360351,0.1078142662375901
Native footprints,0.3308987617492676,0.0784705395950543
Native footprints,0.5729057788848877,-0.1103495730178718
Native footprints,0.2980303764343261,0.0608528389200096
Native footprints,-0.1039698123931884,0.5184496508588569
Native footprints,0.6757051944732666,-0.2488985770377701
Native footprints,0.2269313335418701,0.2201768516578668
Native footprints,0.3657765388488769,0.0357982777549036
Native footprints,0.796288251876831,-0.3824538945621685
Native footprints,-0.1262855529785156,0.5621891817009186
Native footprints,0.4626188278198242,-0.098307564751828
Native footprints,0.3445043563842773,0.0789308390435651
Native footprints,0.4917488098144531,-0.0456273276601187
Native footprints,0.4974446296691894,-0.0630050588214413
Native footprints,0.3885219097137451,0.0064409504892
Native footprints,0.8198940753936768,-0.3909655878284609
Native footprints,0.4447827339172363,-0.0092072904742427
Native footprints,0.3481032848358154,0.0398925322484287
Native footprints,0.2658629417419433,0.1410076239391678
Native footprints,0.7908613681793213,-0.3730679289277661
Native footprints,0.6176083087921143,-0.2231759928075694
Native footprints,0.3815417289733886,-0.006700469899083
Native footprints,0.459468126296997,-0.0802253685847125
Native footprints,0.244415283203125,0.1242552398702914
Native footprints,0.4852485656738281,-0.096364264935215
Native footprints,0.3141059875488281,0.1096442951946601
Native footprints,0.3645482063293457,0.017436197526348
Native footprints,0.2946531772613525,0.0815588588730753
Native footprints,0.5570230484008789,-0.124478633279624
Native footprints,0.3621444702148437,0.0658779879459495
Native footprints,0.4763281345367431,0.0005226429778644
Native footprints,0.4729645252227783,-0.0282648316361517
Native footprints,0.376819372177124,0.0911248820013324
Native footprints,0.3188655376434326,0.1344920940373286
Native footprints,0.606586217880249,-0.138606780178521
Native footprints,0.315964937210083,0.1328892034919163
Native footprints,0.5661392211914062,-0.1445580471354736
Native footprints,0.340372085571289,0.0659778130444239
Native footprints,0.3689017295837402,0.0268952899320621
Native footprints,0.4703800678253174,-0.0225528749660461
Native footprints,0.4191854000091553,0.0659324318706857
Native footprints,0.6101980209350586,-0.1176487663734751
Native footprints,0.4648168087005615,-0.0181839844948433
Native footprints,0.5303454399108887,-0.0564161524777384
Native footprints,0.4487266540527344,0.055991805146466
Native footprints,0.4110105037689209,0.1356905181963569
Native footprints,0.5719938278198242,-0.1252085212303371
Native footprints,0.6317088603973389,-0.1385552283649447
Native footprints,0.193528413772583,0.353836954092447
Native footprints,0.9628009796142578,-0.4524708864879877
Native footprints,0.5633771419525146,-0.0922076599005911
Native footprints,0.5059573650360107,0.0082727925042448
Native footprints,0.4436001777648926,0.0757860376888063
Native footprints,0.6458086967468262,-0.1445844184568776
Native footprints,0.8006632328033447,-0.2992911653110226
Native footprints,0.6251869201660156,-0.0952883464792254
Native footprints,0.5128903388977051,0.012119105401805
Native footprints,0.3984754085540771,0.1224997402086607
Native footprints,0.2556686401367187,0.2698141099728005
Native footprints,0.6995763778686523,-0.1581650928006168
Native footprints,0.6546540260314941,-0.1383958619894276
Native footprints,0.648003101348877,-0.1696562725727163
Native footprints,0.9676558971405028,-0.4704894723174684
Native footprints,0.6291077136993408,-0.0716096751784257
Native footprints,0.4726347923278808,-0.019040814485997
Native footprints,0.4306912422180176,0.0468725307760359
Native footprints,0.4160058498382568,0.0268254360883914
Native footprints,0.5571703910827637,-0.0859453577138001
Native footprints,0.6535449028015137,-0.2136762413109061
Native footprints,-0.0079948902130126,0.4493359836862551
Native footprints,0.4978377819061279,0.0172273938298547
Native footprints,0.4684820175170898,0.0060164025148231
Native footprints,0.3404581546783447,0.1531428019572485
Native footprints,0.4818000793457031,-0.0198726984368976
Native footprints,0.8156955242156982,-0.3648605848953361
Native footprints,0.0467422008514404,0.4476440201222106
Native footprints,0.3167779445648193,0.175247084702334
Native footprints,0.3943769931793213,0.1321502198485913
Native footprints,0.0881223678588867,0.4073963515273072
Native footprints,0.3320450782775879,0.14326087569822
Native footprints,0.3358578681945801,0.1480364850373009
Native footprints,0.6192429065704346,-0.1685395297010853
Native footprints,0.5565478801727295,-0.0976308530480123
Native footprints,-0.0934898853302002,0.5516210653034835
Native footprints,0.613405704498291,-0.1260361884778454
Native footprints,0.273249864578247,0.1916517050109525
Native footprints,0.4366693496704101,0.0479187968739002
Native footprints,0.3993711471557617,0.0236263247523899
Native footprints,0.2495894432067871,0.2101466821061784
Native footprints,0.2814099788665771,0.1844047672594968
Native footprints,0.0950698852539062,-0.0135203933207312
Native footprints,0.0633485317230224,0.0184263709518797
Native footprints,0.1505384445190429,-0.0684954170168374
Native footprints,0.0014691352844238,0.0551947929739036
Native footprints,0.299004316329956,-0.2102005616441189
Native footprints,0.0407495498657226,0.0125762687705419
Native footprints,0.1341543197631836,-0.0690873882510964
Native footprints,0.2226788997650146,-0.1524738241821961
Native footprints,0.2599644660949707,-0.1767296925994036
Native footprints,0.1403324604034423,-0.066776591339038
Native footprints,0.1493353843688964,-0.0806001027713272
Native footprints,0.2394230365753173,-0.1615540417853538
Native footprints,0.1655299663543701,-0.0994585406517211
Native footprints,0.0390095710754394,0.0238211361876987
Native footprints,0.0756611824035644,-0.0002801105549691
Native footprints,0.1701726913452148,-0.0827422903681092
Native footprints,0.0951578766107559,-0.0473005958805828
Native footprints,0.0647871494293212,0.0125821749139706
Native footprints,-0.0513241291046142,0.1359771482760514
Native footprints,-0.1267907321453094,0.2057419960371295
Native footprints,0.1302142143249511,-0.0774197681155685
Native footprints,-0.0359652042388916,0.105480719574853
Native footprints,0.0114645957946777,0.0933228924112511
Native footprints,0.1341323852539062,-0.0448391286810876
Native footprints,0.0171730518341064,0.0432643476380829
Native footprints,-0.0060703754425048,0.0719594419072728
Native footprints,0.1812372207641601,-0.0845810374184617
Native footprints,0.0887486934661865,-0.0100713825354287
Native footprints,0.0892930030822753,-0.0072192705174762
Native footprints,0.117523193359375,-0.0278656017406468
Native footprints,0.0633182525634765,0.0001512181596505
Native footprints,0.0314955711364746,0.0396791218575161
Native footprints,0.1155481338500976,-0.0509162571859274
Native footprints,0.1043331623077392,-0.0194569256133315
Native footprints,0.0867700576782226,-0.0103465780952437
Native footprints,0.0242183208465576,0.0426288294594173
Native footprints,0.0890181213617324,-0.0273708013211698
Native footprints,0.1645345687866211,-0.1065456296553738
Native footprints,0.0757918357849121,-0.0214076894067853
Native footprints,0.1807565689086914,-0.1011606827487351
Native footprints,0.0836517810821533,0.0073786121063186
Native footprints,0.0181176662445068,0.0355514294701642
Native footprints,0.0173633098602294,0.0358819578326077
Native footprints,0.1528546810150146,-0.079868834106631
Native footprints,0.1888213157653808,-0.0832639771014673
Native footprints,0.1608691215515136,-0.061519512200665
Native footprints,-0.0325727462768554,0.0992466476382464
Native footprints,0.0881118774414062,-0.0100542811755618
Native footprints,0.1217658519744873,-0.0359418993820859
Native footprints,0.0395073890686035,0.0387631334629685
Native footprints,0.1965606212615966,-0.110276476160144
Native footprints,0.2006115913391113,-0.1216195918597545
Native footprints,0.1342799663543701,-0.0241241688058108
Native footprints,0.0411465167999267,0.0447550419946341
Native footprints,0.0719358921051025,0.0066968949511751
Native footprints,0.0367310047149658,0.0325220298811221
Native footprints,0.0459794998168945,0.0467290738130999
Native footprints,0.1279072761535644,-0.0564415599014751
Native footprints,0.1461303234100341,-0.025809478388839
Native footprints,0.0457656383514404,0.038227743438834
Native footprints,0.0320188999176025,0.0086894385718115
Native footprints,0.069225788116455,-0.0018568357927183
Native footprints,0.1118197590112686,0.0012839085926046
Native footprints,0.1568360328674316,-0.0614643241906397
Native footprints,0.0480706691741943,0.0413563430683938
Native footprints,0.0911428928375244,-0.0366676742008158
Native footprints,0.1120991706848144,-0.0217383073677014
Native footprints,0.0575990676879882,0.0349064875036688
Native footprints,-0.0405294895172119,0.1311766982482221
Native footprints,-0.0568585395812988,0.1477537814153378
Native footprints,0.074207067489624,0.0046278177733448
Native footprints,0.1279296875,-0.0526310377325126
Native footprints,0.0465073585510253,0.0315571547893593
Native footprints,0.1699895858764648,-0.0970730324110372
Native footprints,0.114501953125,-0.0360364335076063
Native footprints,0.0819713920354843,0.0039430500021229
Native footprints,0.0329234600067138,0.04886842094206
Native footprints,0.1222407817840576,-0.0437135759719828
Native footprints,0.1031568050384521,-0.0088115074025947
Native footprints,0.2358243465423584,-0.1858970353985331
Native footprints,0.1320466995239257,-0.056772635278585
Native footprints,0.0840709060430526,-0.02119292954769
Native footprints,0.014582872390747,0.0411716522804553
Native footprints,0.0160098075866699,0.0465079902423851
Native footprints,0.0994536727666854,-0.001269920225553
Native footprints,0.1177320480346679,-0.0355470901382361
Native footprints,0.1749293804168701,-0.083033033912166
Native footprints,0.1572463512420654,-0.0699641842459623
Native footprints,0.1186664104461669,-0.0686091932682919
Native footprints,0.0282175540924072,0.0520341964989624
Native footprints,0.1401736736297607,-0.0309894566532188
Native footprints,0.2252042293548584,-0.1506745558252918
Native footprints,0.0913946479558944,-0.010942363551632
Native footprints,0.0001215934753417,0.0737281975768465
Native footprints,0.0379893779754638,0.0385108029152225
Native footprints,0.0650238990783691,-0.010889564917787
Native footprints,0.0102870464324951,0.0383312045202771
Native footprints,-0.0095155239105224,0.0932552131731442
Native footprints,0.0297644138336181,0.0472008521310383
Native footprints,-0.0798811912536621,0.1471560038799965
Native footprints,-0.0426211357116699,0.1037464390137532
Native footprints,-0.0142529010772705,0.0599788026173805
Native footprints,0.0208063125610351,0.0629311374712476
Native footprints,0.1222307682037353,-0.0492868531840284
Native footprints,0.1608233451843261,-0.0929349220963312
Native footprints,0.2468042373657226,-0.1527560211796343
Native footprints,0.0569517612457275,0.0277075615124858
Native footprints,0.0042052268981933,0.0659038991983186
Native footprints,-0.0075843334197998,0.0925392499199543
Native footprints,-0.005460500717163,0.0733591997252068
Native footprints,0.0679390430450439,0.0172597501785375
Native footprints,0.0117607116699218,0.0807697664621521
Native footprints,0.087675079703331,-0.025746475522925
Native footprints,0.0984363555908203,-0.0331652246764498
Native footprints,0.0453686714172363,0.0583154437077507
Native footprints,0.0184071063995361,0.0598430330010734
Native footprints,0.0177001953125,0.0528286791122145
Native footprints,0.0618219375610351,0.0143767907795628
Native footprints,0.0531427860260009,0.0215490629940074
Native footprints,0.1909170150756836,-0.108583194373291
Native footprints,0.0665450096130371,0.0032825869485259
Native footprints,0.0590057373046875,0.011292833813381
Native footprints,0.0456666946411132,0.0070704824854899
Native footprints,0.0718002319335937,0.0001238363642545
Native footprints,0.0927746295928955,-0.0098026589182781
Native footprints,0.024320363998413,0.0480629152280639
Native footprints,-0.0067453384399414,0.0716961060438947
Native footprints,-0.0015170574188232,0.0640694866321621
Native footprints,0.244678258895874,-0.1533436524623752
Native footprints,0.1685686111450195,-0.0893892525025042
Native footprints,0.0322189331054687,0.038585980138706
Native footprints,0.0156342983245849,0.0375560008645882
Native footprints,-0.0018045902252197,0.0845020864741753
Native footprints,0.0322551727294921,0.0475615076767664
Native footprints,0.1204137802124023,-0.0420297010956939
Native footprints,0.0035035610198974,0.0582792784677565
Native footprints,0.1658008098602295,-0.0967812687071609
Native footprints,-0.0031788349151611,0.0319396525705185
Native footprints,-0.0165128707885742,0.0855648040955876
Native footprints,0.1236398220062255,-0.045513944552236
Native footprints,0.0388562679290771,0.0346705985012789
Native footprints,0.1800706386566162,-0.1371436523426947
Native footprints,0.0957865715026855,-0.016932315363565
Native footprints,0.0621283054351806,0.0072435617408149
Native footprints,0.0829172283411026,-0.0178385485383327
Native footprints,0.0512804985046386,0.028351153991965
Native footprints,0.1406686305999755,-0.0613753166052772
Native footprints,-0.1183419227600097,0.1622718081963062
Native footprints,-0.0178580284118652,0.1060225135103079
Native footprints,-0.0109715461730957,0.0930233465503279
Native footprints,0.1178877353668212,-0.0545571889478763
Native footprints,0.0425574779510498,0.0116347387800758
Native footprints,-0.1043841838836669,0.1643889824589958
Native footprints,-0.0089819431304931,0.091026826433185
Native footprints,-0.0351905822753906,0.1099428138285813
Native footprints,-0.0035510063171386,0.0803178243273004
Native footprints,0.0710535049438476,-0.0199551376815053
Native footprints,0.1087148189544677,-0.0460780658479522
Native footprints,0.0590109825134277,0.0135124940043419
Native footprints,0.1210098266601562,-0.0404610099562114
Native footprints,0.0119752883911132,0.0348472532017274
Native footprints,-0.0253603458404541,0.075754919939812
Native footprints,0.1139636039733886,-0.0381294100622234
Native footprints,0.1619148254394531,-0.0857841175547005
Native footprints,0.0331418514251709,0.0466358264964845
Native footprints,0.0882816165685653,0.0031848743970225
Native footprints,-0.0039350986480712,0.0624910231709069
Native footprints,-0.0183148384094238,0.0711397442862944
Native footprints,0.0874543190002441,-0.0115805551282939
Native footprints,0.0180788040161132,0.0582566860842984
Native footprints,0.0413932800292968,0.0307808458812017
Native footprints,0.1468303203582763,-0.0717895655096257
Native footprints,0.0935945361852645,-0.0034173357675313
Native footprints,0.1888680458068847,-0.1204526980782977
Native footprints,0.0354645252227783,0.0426058469257536
Native footprints,0.0677196979522705,0.0213884080133404
Native footprints,0.0673739910125732,0.0027539384839087
Native footprints,0.0794990062713623,-0.0112891769437513
Native footprints,0.0646753311157226,0.0234750284269515
Native footprints,0.064166784286499,0.0235030302905495
Native footprints,0.0772359371185302,0.0051194936903529
Native footprints,-0.0088186264038085,0.0952658058785728
Native footprints,0.0185456275939941,0.0552388270113166
Native footprints,0.0829744488000869,-0.0361286253465983
Native footprints,-0.0525689125061035,0.1046305475812595
Native footprints,0.0531656742095947,0.0206172620134999
Native footprints,0.0503220558166503,0.0161054075098984
Native footprints,0.0539345741271972,0.0026480670023859
Native footprints,-0.050178050994873,0.1175879229524757
Native footprints,0.0437853336334228,0.0287986327778879
Native footprints,0.0570509433746337,0.0039389631779109
Native footprints,0.0116183757781982,0.0671661268021432
Native footprints,-0.0161969661712646,0.0989963013890621
Native footprints,0.0906765460968017,-0.0385645743506007
Native footprints,0.1314098834991455,-0.0513784056894786
Native footprints,-0.0434262752532959,0.1202945027908646
Native footprints,0.0599076747894287,0.0055235764313738
Native footprints,-0.0518193244934082,0.1384288174933612
Native footprints,0.0903549194335937,-0.0305064682149477
Native footprints,-0.0439734458923339,0.1069673102263366
Native footprints,-0.0811002254486084,0.1800330465497163
Native footprints,0.0379176139831543,0.0470532378616729
Native footprints,-0.0453262329101562,0.1296526311959824
Native footprints,0.0585913658142089,0.011168133605538
Native footprints,-0.0917215347290039,0.176232224739168
Native footprints,0.1336922645568847,-0.0466770567613331
Native footprints,-0.0514860153198242,0.1319269655376447
Native footprints,-0.017188549041748,0.0839939821797636
Native footprints,-0.0482871532440185,0.1220126056636163
Native footprints,0.0601181983947753,0.0225233017585112
Native footprints,0.0630035400390625,0.0046514509546894
Native footprints,0.150115966796875,-0.0660357151392029
Native footprints,0.0466675758361816,0.0284968734829071
Native footprints,0.1309654712677002,-0.0531267367617012
Native footprints,-0.0008552074432373,0.0684762725636341
Native footprints,0.0903742313385009,-0.0119567784874251
Native footprints,-0.0251753330230712,0.085001944077315
Native footprints,0.0358538627624511,0.0432785487289158
Native footprints,0.0693423748016357,0.0047371060694344
Native footprints,-0.0062201023101806,0.0832501219083387
Native footprints,0.1015291213989257,-0.0267455559581832
Native footprints,0.1601254940032959,-0.0916606071377571
Native footprints,-0.1235859394073486,0.2190126625993869
Native footprints,-0.1324088871479034,0.2243829012035435
Native footprints,0.1000595241785049,-0.0321540154562795
Native footprints,0.0720677375793457,0.002658957545664
Native footprints,0.1464605331420898,-0.0619339537988353
Native footprints,-0.0741631984710693,0.1419046298907841
Native footprints,-0.0317931175231933,0.103864499570398
Native footprints,0.0315830707550048,0.060850016194517
Native footprints,-0.0955770015716552,0.1733173633146795
Native footprints,0.0522570610046386,0.007930372878065
Native footprints,-0.0059413909912109,0.0785639764572722
Native footprints,-0.0764768123626709,0.1542680629157279
Native footprints,-0.0319259166717529,0.1183587251956429
Native footprints,-0.1332764625549316,0.2054414935093273
Native footprints,-0.0115253925323486,0.0745824767804425
Native footprints,0.058760643005371,0.0193467224553365
Native footprints,0.0047605037689208,0.0525968497091774
Native footprints,-0.022162914276123,0.0963342956142566
Native footprints,0.22825288772583,-0.157223315262439
Native footprints,-0.0178596973419189,0.0879482102495569
Native footprints,-0.0336546897888183,0.1017414841453375
Native footprints,-0.1618878841400146,0.2293230624678868
Native footprints,-0.1571729183197021,0.2553927592785582
Native footprints,-0.0162460803985595,0.1029883934994419
Native footprints,0.1809079647064209,-0.1033561277533069
Native footprints,0.0277066230773925,0.055737625815229
Native footprints,0.1203258037567138,-0.0420086714922637
Native footprints,-0.1093377768993377,0.1862920000842403
Native footprints,0.0848002433776855,-0.0127710232770691
Native footprints,0.1315526962280273,-0.0557427044091561
Native footprints,-0.0366065502166748,0.0984373030987056
Native footprints,-0.0429885387420654,0.1201409491491629
Native footprints,-0.1362802982330322,0.2180076862806043
Native footprints,-0.0993726253509521,0.1625833576095668
Native footprints,0.1211707592010498,-0.0480711409868124
Native footprints,-0.0177812576293945,0.0732894669633076
Native footprints,0.0437231063842773,0.0361960418157813
Native footprints,0.0910029262304306,-0.0297614896946016
Native footprints,-0.0283148288726806,0.077168475080541
Native footprints,0.0502138137817382,0.0232826083183239
Native footprints,0.04954195022583,0.0227679865384478
Native footprints,0.1322216987609863,-0.0747125377356594
Native footprints,0.0568711757659912,0.0152841160701492
Native footprints,0.0273680686950683,0.0445535303145294
Native footprints,-0.057704210281372,0.1231037441847702
Native footprints,0.0219213962554931,0.0371859310697224
Native footprints,-0.1600351333618164,0.2271080471649829
Native footprints,0.0207076072692871,0.0555094336810695
Native footprints,0.1095609664916992,-0.057046025307644
Native footprints,0.15468430519104,-0.089184588735763
Native footprints,0.0361788272857666,0.0342394659694675
Native footprints,0.056086778640747,0.0216628774419034
Native footprints,0.0721106529235839,0.0007811156361737
Native footprints,0.070044994354248,0.0050845321738689
Native footprints,0.0501384735107421,-0.0063532791636104
Native footprints,-0.0058808326721191,0.0704583543203894
Native footprints,0.1235926151275634,-0.0566907417130301
Native footprints,-0.0110247135162353,0.0831891769944492
Native footprints,0.1388647556304931,-0.0812744301739748
Native footprints,-0.1141200363636016,0.1565996673999357
Native footprints,-0.081723928451538,0.1588658788922576
Native footprints,-0.1710467338562011,0.2411255843315545
Native footprints,-0.1476788222789764,0.2079820826515436
Native footprints,-0.0897479057312011,0.1607128779330316
Native footprints,-0.1135053634643554,0.1805890746521703
Native footprints,-0.0036718845367431,0.0840096614498348
Native footprints,0.1241228580474853,-0.045757459633194
Native footprints,0.1165924072265625,-0.0483352166435624
Native footprints,0.0476915836334228,0.028336871178247
Native footprints,-0.0210835933685302,0.0945649236695954
Native footprints,-0.0142009258270263,0.1014692433368546
Native footprints,0.172051191329956,-0.1114777509460758
Native footprints,0.1030435562133789,-0.0213602319244638
Native footprints,0.127622365951538,-0.049664430772973
Native footprints,0.0407242774963378,0.023403803015947
Native footprints,0.0931265354156494,-0.0084749886148461
Native footprints,0.007828950881958,0.0736773668498178
Native footprints,0.1555032730102539,-0.0756054741843861
Native footprints,0.049156904220581,0.0113767514817968
Native footprints,0.0316107273101806,0.0489777053661313
Native footprints,0.2593657970428467,-0.2019826464042675
Native footprints,-0.0455431938171386,0.1077039110930948
Native footprints,0.2270019054412841,-0.1413428736970691
Native footprints,0.0370738506317138,0.035890079426297
Native footprints,-0.10563924908638,0.1945776489992446
Native footprints,0.0812759399414062,-0.0009267214815139
Native footprints,-0.0756773948669433,0.1641790221661515
Native footprints,0.1042969077825546,-0.0254211028857198
Native footprints,-0.0480082035064697,0.136860669120777
Native footprints,0.0355188846588134,0.0466530059482428
Native footprints,-0.0313084125518798,0.1113511785364063
Native footprints,0.2012999057769775,-0.1146508121418513
Native footprints,0.0325350761413574,0.0351416629936321
Native footprints,-0.040647268295288,0.1108490003697921
Native footprints,0.1279706954956054,-0.0534693190891583
Native footprints,0.1356525421142578,-0.0674404428819196
Native footprints,-0.0017256736755371,0.0703161721607769
Native footprints,-0.0511314868927001,0.1209906473997265
Native footprints,-0.0742733478546142,0.1648031196903802
Native footprints,0.0111875534057617,0.0774203913229663
Native footprints,0.1295771598815918,-0.0325664572942096
Native footprints,-0.0105113983154296,0.0888246195953836
Native footprints,0.092683807015419,-0.0133190677077844
Native footprints,0.0106894969940185,0.0618292710051616
Native footprints,-0.1278736591339111,0.1908370638004258
Native footprints,-0.1056921482086181,0.1848629180224359
Native footprints,-0.0133435726165771,0.1043908060441738
Native footprints,0.1243758201599121,-0.0325845947835879
Native footprints,0.1404690742492675,0.026066356181149
Native footprints,-0.0443682670593261,0.1846858684491649
Native footprints,0.1263859272003173,0.018718596515301
Native footprints,0.2517516613006592,-0.1018782671367199
Native footprints,0.0622389316558837,0.1031050288506651
Native footprints,0.2241671085357666,-0.0783426722661619
Native footprints,-0.0143287181854248,0.1602666650285835
Native footprints,0.1925952434539795,-0.0539186604843524
Native footprints,0.306438684463501,-0.0607761543574594
Native footprints,-0.1209948360919952,0.377253204778629
Native footprints,0.3225595951080322,-0.0771714934160701
Native footprints,0.2573814392089844,-0.0469836274800997
Native footprints,0.1233785152435302,0.0850935583938203
Native footprints,0.3657796382904053,-0.1728763963982804
Native footprints,0.1287081241607666,0.0664151919149171
Native footprints,0.0181827545166015,0.2165353379240876
Native footprints,0.1894347667694091,0.0227245830509461
Native footprints,0.3671517372131347,-0.1977164728193337
Native footprints,0.3323478698730469,-0.1330287115951072
Native footprints,0.3646512031555176,-0.1911985754872336
Native footprints,0.3749139308929443,-0.1524948110891749
Native footprints,0.2201712131500244,0.015347726217931
Native footprints,0.281013011932373,-0.0737601071914396
Native footprints,0.1254193782806396,0.0468248932130695
Native footprints,0.3542509078979492,-0.1725689246875362
Native footprints,0.3871996402740478,-0.1842363033285319
Native footprints,0.5139849185943604,-0.32345523018718
Native footprints,0.1749763488769531,-0.0028402046016679
Native footprints,0.1843502521514892,0.0508090760263403
Native footprints,0.079252004623413,0.1248655175271068
Native footprints,0.1850330829620361,0.0144552445668562
Native footprints,0.4345035552978515,-0.328313879458278
Native footprints,0.3242323398590088,-0.1932909327003279
Native footprints,0.062432050704956,0.0415479495686601
Native footprints,0.4338679313659668,-0.3279807510056807
Native footprints,0.21380615234375,-0.1239791154045753
Native footprints,0.2359263896942138,-0.1380831842109376
Native footprints,0.1527626514434814,-0.0591010399091397
Native footprints,0.227022647857666,-0.12034810196373
Native footprints,0.2886443138122558,-0.1934949791127588
Native footprints,0.344386339187622,-0.2034743601775275
Native footprints,0.1107428073883056,0.0304358700900405
Native footprints,-0.0371098518371582,0.1761054637813153
Native footprints,0.1580781936645507,-0.0190861859610077
Native footprints,0.174567699432373,-0.0118505401597922
Native footprints,0.1678071022033691,-0.0240776652994158
Native footprints,-0.069922924041748,0.2017251772310248
Native footprints,0.1293954849243164,0.0377596908454018
Native footprints,0.2199728488922119,-0.0247025258110539
Native footprints,0.3666577339172363,-0.1028062271742414
Native footprints,0.0680849552154541,0.1113349452367527
Native footprints,0.0135180950164794,0.1918086728658731
Native footprints,0.2447500228881836,-0.0073482588977933
Native footprints,0.0977134704589843,0.0866575829934537
Native footprints,0.1905317306518554,0.0562365344630197
Native footprints,0.2377316951751709,0.0253254062620809
Native footprints,0.5194778442382812,-0.2735530174386954
Native footprints,0.0350914001464843,0.2350094610543701
Native footprints,0.3135595321655273,-0.0649306813596662
Native footprints,0.4696197509765625,-0.1449079574549672
Native footprints,0.2153201103210449,0.0246554495604945
Native footprints,0.3376069068908691,-0.1007148285348996
Native footprints,0.2636454105377197,-0.0401761530537389
Native footprints,0.0912373214960098,0.102335020826039
Native footprints,0.2830548286437988,-0.0622882608302064
Native footprints,0.3451340198516845,-0.1587365089540399
Native footprints,0.1332347393035888,0.0521529400599462
Native footprints,0.1295952796936035,0.1031623972596854
Native footprints,-0.0580732822418212,0.2724300071984635
Native footprints,0.3147263526916504,-0.0837305359109082
Native footprints,0.5774710178375244,-0.3589053373776684
Native footprints,0.3553001880645752,-0.1561443862410233
Native footprints,0.3588833808898926,-0.0937521386709689
Native footprints,0.3542690277099609,-0.1311719119036879
Native footprints,0.3342423439025879,-0.0916863471248526
Native footprints,0.356511116027832,-0.0948336565488938
Native footprints,0.3802814483642578,-0.1282626788946549
Native footprints,0.5170388221740723,-0.1986553696599655
Native footprints,0.1343607902526855,0.1755876962951515
Native footprints,0.5053255558013916,-0.2131436442277256
Native footprints,0.3030788898468017,-0.0405060756505365
Native footprints,0.3016736507415771,-0.0112261917745965
Native footprints,0.3427748680114746,-0.055417025447705
Native footprints,0.0414152145385742,0.2192048374301479
Native footprints,0.3029940128326416,-0.0346787077692225
Native footprints,0.150444746017456,0.0663135381405622
Native footprints,-0.0185258388519287,0.307956319152348
Native footprints,0.2643511295318603,0.0050175033481434
Native footprints,0.3644766807556152,-0.1272571533055532
Native footprints,0.2477476596832275,0.0577896657943458
Native footprints,0.3993961811065674,-0.1000533029319659
Native footprints,-0.0015068054199218,0.2229956783897806
Native footprints,0.3059773445129394,-0.0688309601415531
Native footprints,0.2384264469146728,0.0668380298798136
Native footprints,0.3898167610168457,-0.0749635011437439
Native footprints,0.4556560516357422,-0.1504630461657742
Native footprints,0.0111665725708007,0.1945176746316974
Native footprints,0.5348241329193115,-0.2465141573456468
Native footprints,0.4331419467926025,-0.1945610439824032
Native footprints,0.3040351867675781,-0.1145703750841418
Native footprints,-0.0253756046295166,0.2192890768227975
Native footprints,0.285858154296875,-0.0234691410347364
Native footprints,-0.0117006301879882,0.2393734751572468
Native footprints,-0.0437729358673095,0.2256333366567191
Native footprints,-0.0040230751037597,0.2112186954247196
Native footprints,0.2850203514099121,-0.0259240496752924
Native footprints,0.6011266708374023,-0.321713862911486
Native footprints,0.0760271549224853,0.2180889608738593
Native footprints,0.2874646186828613,-0.0460273475173647
Native footprints,0.2433953285217285,0.0573980801223291
Native footprints,0.412062406539917,-0.1417997686156672
Native footprints,0.3674056529998779,-0.1182995393879292
Native footprints,0.2145648002624511,0.1582397407837932
Native footprints,0.3042037487030029,0.1138016505710514
Native footprints,0.4047551155090332,-0.0361446222133347
Native footprints,0.4678385257720947,-0.0966399729947314
Native footprints,0.2365097999572754,0.1471513886552775
Native footprints,0.4177682399749756,-0.0086717259649641
Native footprints,0.3924682140350342,-0.0322543437203487
Native footprints,0.4395976066589355,-0.0970989010437889
Native footprints,0.488032579421997,-0.1357020575504839
Native footprints,0.4593973159790039,-0.0632484305560975
Native footprints,0.2609796524047851,0.0969783007037234
Native footprints,0.3296792507171631,0.0243791901163476
Native footprints,0.714714765548706,-0.3824456616561735
Native footprints,0.1107804775238037,0.2580249821833281
Native footprints,0.3527414798736572,0.025916225232386
Native footprints,0.3466701507568359,0.03353762320839
Native footprints,0.6266846656799316,-0.3299253378519288
Native footprints,0.0839173793792724,0.2222459490127964
Native footprints,0.2734081745147705,0.115699313072425
Native footprints,0.5515108108520508,-0.1893234730977836
Native footprints,0.3896968364715576,-0.0308007685485637
Native footprints,0.3334615230560303,0.0236914420828043
Native footprints,0.3338487148284912,0.0708152273882892
Native footprints,0.5811583995819092,-0.1976494172836314
Native footprints,0.2628791332244873,0.0688758372473347
Native footprints,0.2884228229522705,0.0628825608654186
Native footprints,0.4479653835296631,-0.0902108322893444
Native footprints,0.4669156074523926,-0.0661910848896652
Native footprints,0.5450789928436279,-0.1362400823457653
Native footprints,0.4922072887420654,-0.0807107492500882
Native footprints,0.4742591381072998,-0.0894009428438081
Native footprints,0.4065098762512207,0.0178176371295164
Native footprints,0.6211934089660645,-0.2065594930484404
Native footprints,0.1177432537078857,0.3055126192465081
Native footprints,0.4038636684417724,-0.0030310800093975
Native footprints,0.3308393955230713,0.0650390338190282
Native footprints,0.1520864963531494,0.257334399312134
Native footprints,0.3421409130096435,0.0586187930763553
Native footprints,0.5634958744049072,-0.1172300999284547
Native footprints,0.6069276332855225,-0.250140000110214
Native footprints,0.3132948875427246,0.1177274644357789
Native footprints,0.4296953678131103,0.0368864527388156
Native footprints,0.4507246017456054,0.0256847099739502
Native footprints,0.5126087665557861,-0.1165282850185777
Native footprints,0.2518362998962402,0.1963088943455562
Native footprints,0.5911262035369873,-0.1285226057401941
Native footprints,0.5444786548614502,-0.0602428343400668
Native footprints,0.6200900077819824,-0.1856950681690731
Native footprints,0.6122801303863525,-0.1995805413889601
Native footprints,0.4632701873779297,-0.0378087645627921
Native footprints,0.451704740524292,-0.0321681678141893
Native footprints,0.6311862468719482,-0.2077794559275839
Native footprints,0.2896590232849121,0.1119126645312715
Native footprints,0.406792402267456,0.0336079997426918
Native footprints,0.4174506664276123,-0.0055389490912751
Native footprints,0.2258498668670654,0.2371613015258127
Native footprints,0.2358555793762207,0.1861440546836097
Native footprints,0.3809046745300293,0.0462607105499173
Native footprints,0.2517964839935303,0.1646217304116128
Native footprints,0.5715270042419434,-0.1148064780334492
Native footprints,0.5112295150756836,-0.0836199341801347
Native footprints,0.2948577404022217,0.1100908601371047
Native footprints,0.3749430179595947,0.0074961950500202
Native footprints,0.3283805847167969,0.0983017400976913
Native footprints,0.2925331592559814,0.1121613039770633
Native footprints,0.73464035987854,-0.2854237399311176
Native footprints,0.5265743732452393,-0.1000060344573222
Native footprints,0.2712986469268799,0.1600334856981099
Native footprints,0.022836685180664,0.0619842762661975
Native footprints,0.1367580890655517,-0.0553596838314824
Native footprints,-0.000666856765747,0.0693778749222458
Native footprints,-0.0531964302062988,0.0908898751021702
Native footprints,0.0996553897857666,-0.0168195060344223
Native footprints,0.1384351253509521,-0.060245399157913
Native footprints,0.1947546005249023,-0.1441333426967066
Native footprints,-0.0568938255310058,0.1275529127336522
Native footprints,0.1510589122772216,-0.094879148562328
Native footprints,0.0437943935394287,0.0126116858116442
Native footprints,0.1463701725006103,-0.0851743181056546
Native footprints,0.0952875614166259,-0.0295558238889634
Native footprints,0.026456594467163,0.0692612440061384
Native footprints,-0.0389392375946044,0.1066399641011706
Native footprints,0.2018752098083496,-0.117348768499842
Native footprints,-0.0805704593658447,0.1569224062755286
Native footprints,0.1437587738037109,-0.0837577175037431
Native footprints,0.1096875518560409,-0.0569789632592451
Native footprints,0.1101219654083252,-0.0250989824407428
Native footprints,-0.0154445171356201,0.0942388201829932
Native footprints,0.2143840789794922,-0.1177716219741806
Native footprints,0.0217132568359375,0.0506038884095687
Native footprints,0.3152141571044922,-0.2410141872365512
Native footprints,-0.0389506816864013,0.1016036001955011
Native footprints,0.0849025249481201,-0.0200978287808007
Native footprints,0.2095520496368408,-0.1250200255896798
Native footprints,0.2376065254211425,-0.1472364904619562
Native footprints,0.1015782505273819,-0.016261115514104
Native footprints,0.1637723445892334,-0.0750554290964057
Native footprints,0.1513483524322509,-0.0716225142266626
Native footprints,-0.1262969970703125,0.1988153969768342
Native footprints,0.1698198318481445,-0.0937270528444079
Native footprints,-0.0004541873931884,0.0931698468068583
Native footprints,0.120676040649414,-0.0433758717143311
Native footprints,-0.117240160703659,0.1974837979193484
Native footprints,0.251401424407959,-0.1727943731633856
Native footprints,0.0779871940612793,0.0204979190067769
Native footprints,0.312664270401001,-0.2253115063004432
Native footprints,0.2510347366333008,-0.1500936940107744
Native footprints,0.1341536045074463,-0.0675037518664083
Native footprints,0.0034229755401611,0.0787628565763345
Native footprints,0.1234641075134277,-0.0429996607142418
Native footprints,-0.0071604251861572,0.1183960378855166
Native footprints,0.0163102149963378,0.0583368954284729
Native footprints,0.247591495513916,-0.1530297747320754
Native footprints,0.2952804565429687,-0.2082736381925913
Native footprints,0.11495041847229,-0.0212361083390114
Native footprints,0.3137779235839844,-0.2332298584025506
Native footprints,0.2417213916778564,-0.1486999852997493
Native footprints,0.2521841526031494,-0.1477189448569004
Native footprints,0.2069234848022461,-0.115138409640757
Native footprints,0.3721089363098144,-0.2679008259483089
Native footprints,0.2118904590606689,-0.1053735641849145
Native footprints,-0.1307919323444366,0.2230180438595427
Native footprints,0.243147611618042,-0.1645166343506684
Native footprints,0.1466121673583984,-0.0359669599460222
Native footprints,0.1669409275054931,-0.0866581190960655
Native footprints,0.0318048000335693,0.0686182441953326
Native footprints,0.2157163619995117,-0.1334693038041581
Native footprints,0.18269944190979,-0.1042074196209869
Native footprints,0.2930455207824707,-0.1801225866739035
Native footprints,0.052793264389038,0.0583611225303534
Native footprints,0.2897295951843261,-0.1844099983661984
Native footprints,0.1298620700836181,-0.0466298425622721
Native footprints,-0.0231440067291259,0.1197225378610824
Native footprints,0.2759106159210205,-0.1676840840186389
Native footprints,0.266019344329834,-0.1662096191559045
Native footprints,0.208991527557373,-0.0963604602525801
Native footprints,0.0833618491888046,0.0192334785268322
Native footprints,0.1869480609893798,-0.0852198368795328
Native footprints,0.1460099220275879,-0.0421227424526811
Native footprints,-0.0532789230346679,0.1157684390777976
Native footprints,0.1411497592926025,-0.0689072141592118
Native footprints,0.0132172107696533,0.0596892048104724
Native footprints,0.0628275871276855,0.0111325090244893
Native footprints,0.0450630187988281,0.0393073665596846
Native footprints,0.043727159500122,0.0289536766291412
Native footprints,0.1783590316772461,-0.1038501400456886
Native footprints,0.1299600601196289,-0.0717834244069528
Native footprints,0.0587685108184814,0.0275656181985518
Native footprints,0.233389139175415,-0.1462963865264802
Native footprints,0.1273860931396484,-0.040743686521151
Native footprints,0.3825428485870361,-0.2883653091802739
Native footprints,0.1547281742095947,-0.0633205934065552
Native footprints,0.2848439216613769,-0.1802070753759247
Native footprints,0.0573911666870117,0.0252625725471689
Native footprints,0.4121766090393066,-0.3159915229476666
Native footprints,0.0413501262664794,0.0464957286244798
Native footprints,0.2407574653625488,-0.1453384874535324
Native footprints,0.2796857357025146,-0.1811074798546727
Native footprints,0.1422502994537353,-0.0403441945666852
Native footprints,0.2790570259094238,-0.1765051024530975
Native footprints,0.1236588954925537,-0.0488636277727108
Native footprints,0.2325224876403808,-0.1197772195882993
Native footprints,0.1531934738159179,-0.0530151345189244
Native footprints,0.1318752765655517,-0.0347255269764346
Native footprints,0.0850513130426406,0.0226305030739896
Native footprints,0.2483766078948974,-0.1582995286802666
Native footprints,0.2102501392364502,-0.1146970529021998
Native footprints,-0.0067751407623291,0.1014926260874765
Native footprints,0.1745543479919433,-0.0704287670719043
Native footprints,0.1313405036926269,-0.0347797483686355
Native footprints,0.1248688697814941,-0.0279133044069112
Native footprints,0.0997116416692733,-0.0141027625497741
Native footprints,0.1262149810791015,-0.0101970318749992
Native footprints,-0.0686652660369873,0.1754419423064531
Native footprints,0.1493654251098632,-0.0571528870115381
Native footprints,0.0744776725769043,0.0562124806679862
Native footprints,0.0481176376342773,0.0826693086425953
Native footprints,0.0242996215820312,0.0917740629854402
Native footprints,0.0633106231689453,0.0424258079105053
Native footprints,0.2516181468963623,-0.1556696216865621
Native footprints,0.039370059967041,0.0601468321598857
Native footprints,0.2175142765045166,-0.1197151654542855
Native footprints,0.0880589485168457,0.0151568147118274
Native footprints,0.0614700317382812,0.0486717629520623
Native footprints,0.0506553649902343,0.0470814463775515
Native footprints,0.2719831466674804,-0.1890455313076531
Native footprints,0.1295750141143798,-0.0439081757383665
Native footprints,0.0904066562652587,-0.0118783001636263
Native footprints,0.2507295608520508,-0.1439962581675073
Native footprints,0.1637921333312988,-0.0620585872150981
Native footprints,0.0734643936157226,0.0230976960441556
Native footprints,0.1813795566558838,-0.0837910866294591
Native footprints,0.191751480102539,-0.0851629451931309
Native footprints,0.1898822784423828,-0.0836502719470859
Native footprints,0.1556382179260254,-0.0717448959900769
Native footprints,0.0923175662755966,-0.0182312910275389
Native footprints,0.184178352355957,-0.1198359805676692
Native footprints,0.1011507660150528,-0.0207353982369955
Native footprints,0.1545722484588623,-0.0744203430011011
Native footprints,0.0863082408905029,0.0164011802120639
Native footprints,0.1926226615905761,-0.1083965685541815
Native footprints,0.2674856185913086,-0.192964917320292
Native footprints,0.1833386421203613,-0.1187895249555692
Native footprints,0.5133039951324463,-0.1283754941711878
Native footprints,0.4575955867767334,-0.0634412420981057
Native footprints,0.2773735523223877,0.0593028169931064
Native footprints,0.8824949264526367,-0.4883432197713948
Native footprints,0.76434326171875,-0.4036343988015942
Native footprints,0.3524973392486572,-0.0590104778519577
Native footprints,0.635439395904541,-0.2618483021959341
Native footprints,0.3810863494873047,-0.011879177992235
Native footprints,0.2974257469177246,0.1001256635570966
Native footprints,0.3223929405212402,-0.0073369842908772
Native footprints,0.3915867805480957,-0.0450774600238714
Native footprints,0.3308744430541992,0.0265415242891083
Native footprints,0.1084024906158447,0.1826318614206695
Native footprints,0.4979965686798095,-0.1926168788832236
Native footprints,0.3177649974822998,-0.0257814878515462
Native footprints,0.5730040073394775,-0.2376678633934531
Native footprints,0.5950956344604492,-0.298444372502094
Native footprints,0.1709940433502197,0.1059209491441319
Native footprints,0.3343138694763183,0.0081569531199495
Native footprints,0.4030156135559082,-0.0636229044672743
Native footprints,0.5983190536499023,-0.2951199754364491
Native footprints,0.4653973579406738,-0.1171253030238388
Native footprints,0.5650920867919922,-0.2500140450021213
Native footprints,0.5543062686920166,-0.2182292155732793
Native footprints,0.0376040935516357,0.2374355895453915
Native footprints,0.3507442474365234,-0.0069874931379094
Native footprints,0.3236818313598633,0.0243285096768033
Native footprints,0.4720053672790527,-0.1581602211743209
Native footprints,0.8033852577209473,-0.4482869244528857
Native footprints,0.6037259101867676,-0.2621199519659505
Native footprints,0.4874062538146972,-0.1703753884485069
Native footprints,0.4409692287445068,-0.1278911263912389
Native footprints,0.1031305789947509,0.2397593170931788
Native footprints,0.5132439136505127,-0.1670407848693545
Native footprints,0.2808947563171386,0.0804311832675448
Native footprints,0.2082185745239257,0.1535322973605669
Native footprints,0.3918986320495605,-0.0169262092912887
Native footprints,0.2465887069702148,0.1068718900371729
Native footprints,0.0784268379211425,0.2543051424894092
Native footprints,0.2215158939361572,0.1450994451274983
Native footprints,0.400846004486084,-0.0953973586648123
Native footprints,0.0721759796142578,0.2252477861366618
Native footprints,0.2171556949615478,0.1024916036953972
Native footprints,0.4303524494171142,-0.1464623771143517
Native footprints,-0.0291385650634765,0.2946361821751252
Native footprints,0.1117327213287353,0.1900677888288815
Native footprints,0.2149326801300048,0.0568307942603579
Native footprints,0.2073888778686523,0.1315693591854403
Native footprints,0.4146902561187744,-0.1191637626271342
Native footprints,0.4037075042724609,-0.0590461929400583
Native footprints,-0.0729801654815673,0.3376373350307767
Native footprints,0.3105268478393554,-0.0518591286567414
Native footprints,0.5458080768585205,-0.2903782233973142
Native footprints,0.2186031341552734,0.0928969242967684
Native footprints,0.074650764465332,0.1901568629580247
Native footprints,0.4320545196533203,-0.189062271726528
Native footprints,0.393277645111084,-0.1069283764315074
Native footprints,0.3661389350891113,-0.1066942336532549
Native footprints,0.448390245437622,-0.2294937110265827
Native footprints,0.1270492076873779,0.0235495130600658
Native footprints,0.5321812629699707,-0.3661217456725606
Native footprints,0.2162392139434814,-0.0384859910372201
Native footprints,0.5550580024719238,-0.3642529040702414
Native footprints,0.4254543781280517,-0.2667237850441957
Native footprints,0.2187170982360839,-0.0756699670861772
Native footprints,0.3279430866241455,-0.1566553039034566
Native footprints,0.0528390407562255,0.0846590935673269
Native footprints,-0.0908019542694091,0.2265368480729456
Native footprints,0.4416463375091553,-0.2672397363676838
Native footprints,0.093005433678627,0.135309395561382
Native footprints,0.211564302444458,-0.0036633705782976
Native footprints,0.1573140621185302,0.0753819286400776
Native footprints,0.2672271728515625,-0.0552048301861265
Native footprints,0.2009379863739013,-0.0120154825367422
Native footprints,0.1051201820373535,0.1004254015932622
Native footprints,0.3065204620361328,-0.089797208029445
Native footprints,0.3800616264343261,-0.1404362913801216
Native footprints,0.162381887435913,0.0707018122524167
Native footprints,0.4177749156951904,-0.2231454112580311
Native footprints,0.4692220687866211,-0.2275535740828322
Native footprints,0.4849472045898437,-0.219647621328449
Native footprints,0.0401110649108886,0.1993555301843529
Native footprints,0.3726136684417724,-0.1409699932449385
Native footprints,0.5096697807312012,-0.2629002733036036
Native footprints,0.2805981636047363,-0.0068066827125626
Native footprints,0.6103479862213135,-0.3394274440188346
Native footprints,0.4334099292755127,-0.1849539593215772
Native footprints,0.4072022438049316,-0.1152840706210556
Native footprints,0.1924836635589599,0.1140899041009677
Native footprints,0.2685935497283935,-0.0150588826680687
Native footprints,0.3520288467407226,-0.0474485928495455
Native footprints,0.5732564926147461,-0.3251895352520313
Native footprints,0.5426013469696045,-0.2269609209463761
Native footprints,0.2162325382232666,0.0414922502659138
Native footprints,0.3481662273406982,-0.0547462054358983
Native footprints,0.4087679386138916,-0.1232242407173649
Native footprints,0.2362821102142334,0.0358316656894349
Native footprints,0.3435385227203369,-0.0996020557758065
Native footprints,0.2597014904022217,-0.0011836769547673
Native footprints,0.227677583694458,-0.0041479283401008
Native footprints,0.3066296577453613,-0.0593030267419835
Native footprints,0.2812669277191162,-0.0376769586637538
Native footprints,0.4557311534881592,-0.2321805168522695
Native footprints,0.3281314373016357,-0.1138858916650439
Native footprints,0.3002557754516601,-0.0699826932686192
Native footprints,0.7274184226989746,-0.5065484975343242
Native footprints,0.4067280292510986,-0.1768704930050761
Native footprints,0.1200742721557617,0.1393596932442228
Native footprints,0.246098518371582,-0.0203887728986917
Native footprints,0.5107765197753906,-0.2787839540871086
Native footprints,0.3143479824066162,-0.0764787714143641
Native footprints,0.3681700229644775,-0.1946117987147965
Native footprints,0.5066962242126465,-0.3018942644380998
Native footprints,0.2081310749053955,0.0121030468777278
Native footprints,0.8449842929840088,-0.601765836781396
Native footprints,0.492262601852417,-0.2881840055005297
Native footprints,0.3261842727661133,-0.1394078718253557
Native footprints,0.6198105812072754,-0.4393257426825481
Native footprints,0.2421824932098388,-0.0034455804612269
Native footprints,0.4195590019226074,-0.1965425597573145
Native footprints,0.2986273765563965,-0.0869818534128695
Native footprints,0.5465590953826904,-0.3687491862070255
Native footprints,0.1829445362091064,0.017870489284057
Native footprints,0.3676474094390869,-0.1593455939934703
Native footprints,0.4460983276367187,-0.223960676019122
Native footprints,0.1396112442016601,0.0606103085656996
Native footprints,0.3655400276184082,-0.1471548352587526
Native footprints,0.2854225635528564,-0.0741472802749685
Native footprints,0.3830580711364746,-0.1637058380142561
Native footprints,0.4030852317810058,-0.2093158832007078
Native footprints,0.3819622993469238,-0.1801191143726981
Native footprints,0.1416268348693847,0.0884383056360118
Native footprints,0.3919026851654053,-0.1818079210547957
Native footprints,0.3112154006958008,-0.1231413350992085
Native footprints,0.1598653793334961,0.0473720195041995
Native footprints,0.2780196666717529,-0.0803526769541376
Native footprints,0.2758834362030029,-0.1060149574245772
Native footprints,0.3271474838256836,-0.1456301914055453
Native footprints,0.2084517478942871,-0.0095889785012612
Native footprints,0.1792619228363037,0.0346453149727709
Native footprints,0.3535456657409668,-0.1514769319902668
Native footprints,0.2179317474365234,-0.0391558404274945
Native footprints,0.4013450145721435,-0.1892267224204011
Native footprints,0.3382482528686523,-0.1746559226261837
Native footprints,0.3146653175354004,-0.1484185791095787
Native footprints,0.594728946685791,-0.3831368429893237
Native footprints,0.2953462600708008,-0.1094400761862359
Native footprints,0.0954961776733398,0.0779529224403004
Native footprints,0.5075716972351074,-0.3255883381605765
Native footprints,0.1170549392700195,0.1091390627694691
Native footprints,0.162668228149414,0.0357731825100285
Native footprints,0.207212209701538,-0.0091119442505217
Native footprints,0.482295274734497,-0.295730711118686
Native footprints,0.4092142581939697,-0.2247814725352682
Native footprints,0.2090165615081787,0.0118109256403896
Native footprints,0.1612319946289062,0.0240371128870209
Native footprints,0.5201308727264404,-0.3139368785407451
Native footprints,0.4176044464111328,-0.2197134876480359
Native footprints,0.2425868511199951,-0.0475609722384458
Native footprints,0.2109336853027343,0.0163960359600587
Native footprints,0.2402386665344238,-0.042884340855786
Native footprints,0.3255131244659424,-0.1083833427923686
Native footprints,0.5967910289764404,-0.3724119077895115
Native footprints,0.4220378398895263,-0.1834315846974753
Native footprints,0.5540707111358643,-0.3130828350947706
Native footprints,0.295398473739624,-0.0969306217575484
Native footprints,0.1643679141998291,0.0355107602561708
Native footprints,0.3797571659088135,-0.1868253508240753
Native footprints,0.4204716682434082,-0.1832087211968414
Native footprints,0.1806275844573974,0.0235824209735616
Native footprints,0.4026899337768554,-0.2405129351433774
Native footprints,0.1078433990478515,0.0879238951338159
Native footprints,0.2938024997711181,-0.0854090906023203
Native footprints,0.544205904006958,-0.3294227897170668
Native footprints,-0.0343503952026367,0.2047211670879255
Native footprints,0.4819896221160888,-0.260616483612929
Native footprints,0.1536934375762939,0.0529527891147133
Native footprints,0.1655004024505615,0.0339777871930289
Native footprints,-0.0837204456329345,0.2573854934395408
Native footprints,0.0090701580047607,0.220687793839953
Native footprints,0.5895121097564697,-0.36482670480331
Native footprints,0.1794583797454834,0.020194086434696
Native footprints,0.0418379306793212,0.2106092066215697
Native footprints,0.3987581729888916,-0.1470594600858237
Native footprints,0.318730354309082,-0.1128235490829596
Native footprints,0.4278066158294678,-0.2046832120725027
Native footprints,-0.0228710174560546,0.2934477304411393
Native footprints,0.3369584083557129,-0.1416359081402175
Native footprints,0.3782451152801513,-0.1554960004080684
Native footprints,0.0333638191223144,0.2388024406595733
Native footprints,0.4950454235076904,-0.2545493499326937
Native footprints,0.1027462631464004,0.1150111778586318
Native footprints,0.2203881740570068,0.0100707335697823
Native footprints,0.2369048595428466,0.0375230535558123
Native footprints,0.1314611434936523,0.122882192462931
Native footprints,0.0544941425323486,0.2181203314099962
Native footprints,0.2862427234649658,-0.0459478892137905
Native footprints,0.282172679901123,-0.0814431132534997
Native footprints,0.3473854064941406,-0.1434123300376798
Native footprints,0.1681361198425293,0.0441612187131679
Native footprints,0.2642600536346435,-0.055333968377465
Native footprints,0.3425862789154053,-0.1296284901072578
Native footprints,0.3391480445861816,-0.1531849136999135
Native footprints,0.3093488216400146,-0.1305100934839411
Native footprints,0.1633086204528808,0.0682192282540895
Native footprints,0.2898018360137939,-0.0650134111278465
Native footprints,0.6126704216003418,-0.359210722744791
Native footprints,0.1131842136383056,0.0626781172814228
Native footprints,0.4198148250579834,-0.1654685136857441
Native footprints,0.4825363159179687,-0.2341120632814376
Native footprints,0.508655309677124,-0.2201091106398895
Native footprints,0.5557091236114502,-0.2972623213726914
Native footprints,0.3381772041320801,-0.0711157146865562
Native footprints,0.1249256134033203,0.1135432051923765
Native footprints,0.579657793045044,-0.3548470525416771
Native footprints,0.324636697769165,-0.1128977864507468
Native footprints,0.0895779132843017,0.1360031838044551
Native footprints,0.5402114391326904,-0.3044813832879114
Native footprints,0.1513721942901611,0.0181380229712197
Native footprints,0.2542653083801269,-0.0379998082686282
Native footprints,0.6589012145996094,-0.388219411160533
Native footprints,0.3000571727752685,-0.0590604011615953
Native footprints,0.3240809440612793,-0.1365940782781027
Native footprints,0.4513683319091797,-0.2501371469912337
Native footprints,0.2405669689178466,-0.0285411600465434
Native footprints,0.087859883904457,0.1039402303018315
Native footprints,0.441209077835083,-0.1979181533903349
Native footprints,0.2283053398132324,0.0043028455091375
Native footprints,0.1383979320526123,0.0600955483808088
Native footprints,-0.1098859310150146,0.2832763050124357
Native footprints,0.149782657623291,0.1048313798092048
Native footprints,0.3769068717956543,-0.1450941500454204
Native footprints,0.53448486328125,-0.3134682992037837
Native footprints,0.4337267875671386,-0.2437201741648307
Native footprints,0.2864837646484375,-0.0249208126606699
Native footprints,0.6998004913330078,-0.454080722818575
Native footprints,0.4775669574737549,-0.240110132956536
Native footprints,0.3031702041625976,-0.055797009437924
Native footprints,0.2340369224548339,0.0516666503530191
Native footprints,0.2348444461822509,0.0365363652152496
Native footprints,0.280543565750122,-0.0419389516378399
Native footprints,0.3976569175720215,-0.1413641322218212
Native footprints,0.6060733795166016,-0.3742429739815673
Native footprints,0.3376893997192383,-0.0612348911406258
Native footprints,0.4584016799926758,-0.1915060776385665
Native footprints,0.159635305404663,0.1221116394173537
Native footprints,0.4575328826904297,-0.155919547649642
Native footprints,0.6239185333251953,-0.3564477248434587
Native footprints,0.4231786727905273,-0.1438942065048624
Native footprints,0.4156715869903564,-0.1529149718599645
Native footprints,0.2769112586975097,-0.0237672606453687
Native footprints,0.4509007930755615,-0.1492690534018506
Native footprints,0.3476924896240234,-0.0581808755668009
Native footprints,0.3299612998962402,-0.0756483622583684
Native footprints,0.5186197757720947,-0.2443577497648504
Native footprints,0.1101036071777343,0.1928312418557177
Native footprints,0.1744759082794189,0.0658819925139065
Native footprints,0.1700356006622314,0.0506323643304747
Native footprints,0.3062376976013183,-0.0651546696080116
Native footprints,0.0978922843933105,0.1492501315716998
Native footprints,0.2476587295532226,-0.0232481824555773
Native footprints,0.3093454837799072,-0.0812772459466812
Native footprints,0.3595395088195801,-0.1570422998772332
Native footprints,-0.0050234794616699,0.2389911383321085
Native footprints,0.2401168346405029,-0.0123579020007459
Native footprints,0.4742250442504883,-0.2383419232085644
Native footprints,0.1612250804901123,0.0807294835580799
Native footprints,0.0443909168243408,0.1390511934556854
Native footprints,0.066981554031372,0.1986279018996735
Native footprints,0.0771806240081787,0.1854675878342953
Native footprints,0.2652750015258789,-0.0272480781666688
Native footprints,0.1694355010986328,0.0616428297863817
Native footprints,0.1177656650543212,0.0916509496818436
Native footprints,0.2183685302734375,0.0503255421355416
Native footprints,0.3757877349853515,-0.0349433298005096
Native footprints,0.4106080532073974,-0.0679087370933876
Native footprints,0.3935916423797607,-0.025071914598762
Native footprints,0.676647424697876,-0.2880558189715186
Native footprints,0.5071713924407959,-0.1689308440475445
Native footprints,0.4351985454559326,-0.0176847032528695
Native footprints,0.5101439952850342,-0.1073380314362421
Native footprints,0.9455397129058838,-0.5393620816543322
Native footprints,0.4475772380828857,-0.0929242049084018
Native footprints,0.5434129238128662,-0.1408480299809803
Native footprints,0.4475336074829101,-0.0494897503798396
Native footprints,0.4276494979858398,-0.0749877847448731
Native footprints,0.4239463806152344,-0.0591842653893954
Native footprints,0.4372472763061523,-0.0752710090171264
Native footprints,0.4188578128814697,-0.0423563945687122
Native footprints,0.3687207698822021,0.046989970433372
Native footprints,0.6795480251312256,-0.2476289380879257
Native footprints,0.4455976486206054,-0.0310627496281084
Native footprints,0.3820312023162842,0.0130685576812216
Native footprints,0.4744467735290527,-0.0573332934408463
Native footprints,0.330740213394165,0.0148049190855993
Native footprints,0.1090435981750488,0.2683944625815601
Native footprints,0.4476168155670166,-0.0890160499792759
Native footprints,0.5681052207946777,-0.165016439086632
Native footprints,0.1477959156036377,0.1861146054761532
Native footprints,0.4178903102874756,-0.0599088605976017
Native footprints,0.2893714904785156,0.0494845701884649
Native footprints,0.4827589988708496,-0.1280411507140877
Native footprints,0.4819855690002441,-0.1011785401870377
Native footprints,0.274240493774414,0.0577780310408686
Native footprints,0.283189058303833,0.0464652687149078
Native footprints,0.1727960109710693,0.1833285953031797
Native footprints,0.2903265953063965,0.0803835598619606
Native footprints,0.4359757900238037,-0.0708965936470856
Native footprints,0.3214232921600342,0.0064756623192652
Native footprints,0.1051637977361679,0.2471293013817346
Native footprints,0.4428455829620361,-0.0419607253721592
Native footprints,0.3732314109802246,0.0092075873086729
Native footprints,0.439037561416626,-0.0764701066437177
Native footprints,0.3675246238708496,0.0356840946950791
Native footprints,0.1613085269927978,0.1540149712514925
Native footprints,0.4361848831176758,0.0128579664205631
Native footprints,0.3180267810821533,0.0877254270793777
Native footprints,0.3574461936950683,0.0339899707471272
Native footprints,0.1626858711242675,0.1796634502203187
Native footprints,0.3411734104156494,0.0806234659381434
Native footprints,0.4035496711730957,0.0098547539164801
Native footprints,0.4272329807281494,-0.0327839472020326
Native footprints,0.1765868663787841,0.2337628497613583
Native footprints,0.3663077354431152,0.0286064138313598
Native footprints,0.5689895153045654,-0.1487630142549472
Native footprints,0.4587936401367187,-0.0635949552372505
Native footprints,0.6037478446960449,-0.1956713154426389
Native footprints,0.100121259689331,0.297102302924351
Native footprints,0.4677574634552002,-0.0685087777321985
Native footprints,0.5026814937591553,-0.0880074864161467
Native footprints,0.29152512550354,0.0994882231716325
Native footprints,0.2966346740722656,0.1096862679209815
Native footprints,0.7139167785644531,-0.3053813604634945
Native footprints,0.3743665218353271,0.0444642025277813
Native footprints,0.4309561252593994,-0.0287275454197973
Native footprints,0.4637966156005859,-0.0598619876377767
Native footprints,0.3902678489685058,0.0337636565660493
Native footprints,0.5464522838592529,-0.1494329513222422
Native footprints,0.3619716167449951,0.0244857877475843
Native footprints,0.5713489055633545,-0.1623571445890644
Native footprints,0.3660876750946045,0.0140130452557847
Native footprints,0.3278219699859619,0.0604379535807306
Native footprints,0.3591334819793701,0.0293628184228331
Native footprints,0.2799601554870605,0.0912907584709692
Native footprints,0.5033512115478516,-0.1018542772157243
Native footprints,0.5058183670043945,-0.0750821763934589
Native footprints,0.3812804222106933,0.0386300099428564
Native footprints,0.286313533782959,0.118925645235837
Native footprints,0.2771327495574951,0.1218895898549389
Native footprints,0.3086128234863281,0.0736344905506739
Native footprints,0.2536065578460693,0.1556394631320551
Native footprints,0.3923091888427734,0.0406757718418871
Native footprints,0.7174124717712402,-0.3088747530911663
Native footprints,0.3414211273193359,0.0487179092688185
Native footprints,0.5575845241546631,-0.137321305862363
Native footprints,0.6825995445251465,-0.2604387779040731
Native footprints,0.8191549777984619,-0.385232055671257
Native footprints,0.4463768005371094,-0.041272282082535
Native footprints,0.4942727088928222,-0.0583786812539275
Native footprints,0.7740280628204346,-0.3318744354780196
Native footprints,0.4373519420623779,0.0292481910993067
Native footprints,0.4831769466400146,-0.1275041434296426
Native footprints,0.1536922454833984,0.307287051434755
Native footprints,0.6063578128814697,-0.1139122991007969
Native footprints,0.6398272514343262,-0.1779227536191219
Native footprints,0.3237566947937011,0.1419619791485135
Native footprints,0.5092346668243408,-0.0203814613207889
Native footprints,0.8446469306945801,-0.3236358315488655
Native footprints,0.7041759490966797,-0.2481581731219709
Native footprints,0.4288818836212158,-0.0130900095488384
Native footprints,0.2544925212860107,0.2051526237915376
Native footprints,0.3787994384765625,0.1008619718805281
Native footprints,0.2601563930511474,0.2321171601092459
Native footprints,0.8314876556396484,-0.3840236168623407
Native footprints,0.0492072105407714,0.3522489575294307
Native footprints,0.7043097019195557,-0.2243905960271515
Native footprints,0.5429413318634033,-0.0515386245841608
Native footprints,0.3697109222412109,0.0447375976740997
Native footprints,0.3907461166381836,0.0615426966599492
Native footprints,0.3518080711364746,0.1346596178707326
Native footprints,0.3179447650909424,0.1732687425618492
Native footprints,0.6661989688873291,-0.168458196819537
Native footprints,0.3317105770111084,0.0611182353299998
Native footprints,0.3381638526916504,0.0870195988175698
Native footprints,0.7266132831573486,-0.2784123842265711
Native footprints,0.5908422470092773,-0.1275331076093721
Native footprints,0.5635395050048828,-0.1429921805290245
Native footprints,0.482250452041626,-0.0574860740240676
Native footprints,0.2868595123291015,0.1301832632942914
Native footprints,0.7144708633422852,-0.2586813048158245
Native footprints,0.2423586845397949,0.1247818920731014
Native footprints,0.3485188484191894,0.0200727801277627
Native footprints,0.1766533851623535,0.2541502277538575
Native footprints,0.3595550060272217,0.0539453071998841
Native footprints,0.474977970123291,-0.0554240357094641
Native footprints,0.1812992095947265,0.1977758819116273
Native footprints,0.4584817886352539,-0.0407831332432533
Native footprints,0.4141499996185303,0.012065614379413
Native footprints,0.7087383270263672,-0.2935214136865116
Native footprints,0.4696712493896484,-0.0311540400945937
Native footprints,0.2644095420837402,0.1678750916438032
Native footprints,0.5545058250427246,-0.1510915267270434
Native footprints,0.6025774478912354,-0.1681045646578961
Native footprints,0.6702847480773926,-0.1922485281561996
Native footprints,0.4055147171020508,0.0611268878324875
Native footprints,0.6020247936248779,-0.1914279646133528
Native footprints,0.3656859397888183,0.0816866279628608
Native footprints,0.4409306049346924,0.0348749428018166
Native footprints,0.4775769710540771,-0.04730025210407
Native footprints,0.4386894702911377,-0.0839802109630732
Native footprints,0.3312110900878906,0.0827966388689087
Native footprints,0.6273422241210938,-0.2075942435274796
Native footprints,0.4768722057342529,-0.0512312763993375
Native footprints,0.1695718765258789,0.2142072551093237
Native footprints,0.3628501892089844,0.0565003433366526
Native footprints,0.403355598449707,0.0056159481027556
Native footprints,0.3798890113830566,0.0082400859179398
Native footprints,0.4077425003051758,-0.010311394780896
Native footprints,0.5469045639038086,-0.1098604921023175
Native footprints,0.7250218391418457,-0.3115607584572545
Native footprints,0.6291954517364502,-0.2164789304767683
Native footprints,0.3038215637207031,0.1170542221040584
Native footprints,0.6056146621704102,-0.1932244857268454
Native footprints,0.3499515056610107,0.0554381005575445
Native footprints,0.5803012847900391,-0.1593046418757482
Native footprints,0.3327741622924804,0.0987177532206711
Native footprints,0.3269686698913574,0.0974853446663387
Native footprints,0.3174614906311035,0.0768180975745667
Native footprints,0.6093907356262207,-0.2376345224712835
Native footprints,0.5672473907470703,-0.1292948049157121
Native footprints,0.2946581840515136,0.0712544661271329
Native footprints,0.4174773693084717,-0.0918804049664335
Native footprints,0.3408644199371338,0.040237481769891
Native footprints,0.6981532573699951,-0.2792399882282259
Native footprints,0.6625754833221436,-0.218682434122154
Native footprints,0.7377274036407471,-0.3733640247871899
Native footprints,0.7010626792907715,-0.3138598871648012
Native footprints,0.5111308097839355,-0.0974169414661438
Native footprints,0.4335427284240722,-0.0445274173734339
Native footprints,0.2103681564331054,0.1615016746557444
Native footprints,0.427830696105957,-0.0896293495808321
Native footprints,0.3490476608276367,0.0122327579649499
Native footprints,0.5363233089447021,-0.1302628231817069
Native footprints,0.6772303581237793,-0.2639145206673406
Native footprints,0.4983134269714355,-0.1896377434877927
Native footprints,0.3820595741271972,-0.0285019233555276
Native footprints,0.3024721145629883,0.1093948795153453
Native footprints,0.4569358825683594,-0.0768303770134101
Native footprints,0.3797669410705566,-0.0355363901717222
Native footprints,0.3881433010101318,-0.0633115399562653
Native footprints,0.4322783946990967,-0.0778901121692134
Native footprints,0.4374372959136963,-0.0299575675572142
Native footprints,0.4807519912719726,-0.1204719563019282
Native footprints,0.7076873779296875,-0.3722630451175726
Native footprints,0.4075636863708496,-0.0201857741626147
Native footprints,0.4108119010925293,-0.0181558775801819
Native footprints,0.5174915790557861,-0.2035965257214441
Native footprints,0.5828735828399658,-0.2135622411225507
Native footprints,0.4184551239013672,-0.071859056207298
Native footprints,0.7645344734191895,-0.3957230322063575
Native footprints,0.6279656887054443,-0.2536654338159171
Native footprints,0.3994059562683105,-0.0576601228372769
Native footprints,0.4033823013305664,-0.0552980350183248
Native footprints,0.7307605743408203,-0.3405286863795682
Native footprints,0.2447931766510009,0.1183712017163841
Native footprints,0.5423367023468018,-0.1483432755086995
Native footprints,0.4945416450500488,-0.1415576666865963
Native footprints,0.5095410346984863,-0.0577206806570261
Native footprints,0.5406849384307861,-0.140985891340153
Native footprints,0.2608451843261719,0.1371443177609986
Native footprints,0.2281286716461181,0.1886280346328714
Native footprints,0.4933400154113769,-0.1328216097705884
Native footprints,0.3660898208618164,0.0067902405281896
Native footprints,0.4534714221954345,-0.0890682279859867
Native footprints,0.3926091194152832,0.0246449107196802
Native footprints,0.3189523220062256,0.0921238863441732
Native footprints,0.3880624771118164,0.0183496598375653
Native footprints,0.4365468025207519,-0.0668114180607856
Native footprints,0.1764912605285644,0.2534464450829967
Native footprints,0.3053443431854248,0.1118592889297172
Native footprints,0.3862476348876953,-0.012860495186266
Native footprints,0.4085805416107178,-0.0762241384093527
Native footprints,0.2848286628723144,0.1407352737482054
Native footprints,0.5638427734375,-0.1406321452057091
Native footprints,0.4939963817596435,-0.066359960774415
Native footprints,0.3771474361419678,0.0095822955690991
Native footprints,0.5089025497436523,-0.1181934296507007
Native footprints,0.4766647815704345,-0.1071124005105015
Native footprints,0.4113163948059082,0.0222684342144969
Native footprints,0.4721312522888183,-0.1258576644379524
Native footprints,0.3726656436920166,-0.0245030043179102
Native footprints,0.3877737522125244,-0.0177588013784542
Native footprints,0.3690965175628662,0.0398263180611263
Native footprints,0.5860724449157715,-0.1911738168817284
Native footprints,0.2710728645324707,0.0861927062854658
Native footprints,0.5354945659637451,-0.1507297435379506
Native footprints,0.3809189796447754,0.0221335756107997
Native footprints,0.6514556407928467,-0.2486255055261488
Native footprints,0.1246397495269775,0.2822316443626152
Native footprints,0.3555347919464111,0.0900656550498665
Native footprints,0.471632719039917,-0.006107416440949
Native footprints,0.4712586402893066,-0.0381365957637561
Native footprints,0.5213093757629395,-0.0746209695657931
Native footprints,0.5234041213989258,-0.0946894036451133
Native footprints,0.53891921043396,-0.1083501338899673
Native footprints,0.5547101497650146,-0.1413526871637813
Native footprints,0.3477256298065185,0.057112634958433
Native footprints,0.2114722728729248,0.1929531146267823
Native footprints,0.5207300186157227,-0.1921846014049947
Native footprints,0.5144882202148438,-0.1432581034920171
Native footprints,0.5733425617218018,-0.1908695762107726
Native footprints,0.5569717884063721,-0.2492282075571263
Native footprints,0.0734090805053711,0.3031144540412824
Native footprints,0.6677024364471436,-0.3437015832209845
Native footprints,0.2306334972381591,0.0969827314050512
Native footprints,0.5313611030578613,-0.188249645863924
Native footprints,0.2639548778533935,0.0437604825587032
Native footprints,0.4516181945800781,-0.1712714128820843
Native footprints,0.2557845115661621,0.1017420982954023
Native footprints,0.2697827816009521,0.0854203660516071
Native footprints,0.3577268123626709,-0.0111848849637842
Native footprints,0.5923736095428467,-0.2591330477758496
Native footprints,0.3871362209320068,-0.0474452954412402
Native footprints,0.3755812644958496,-0.0285575651558092
Native footprints,0.4139077663421631,-0.0267038085894409
Native footprints,0.6303637027740479,-0.2494192527016813
Native footprints,0.3974649906158447,-0.0550465292002434
Native footprints,0.6738502979278564,-0.2926287661068306
Native footprints,0.3615617752075195,0.0347388564138389
Native footprints,0.5595743656158447,-0.2025321656928197
Native footprints,0.5129544734954834,-0.1723801256244017
Native footprints,0.5193548202514648,-0.1373287912509764
Native footprints,0.3671014308929443,-0.0139976690435498
Native footprints,0.320014476776123,0.0021678760196679
Native footprints,0.3727047443389892,0.0090420557056655
Native footprints,0.6112792491912842,-0.2346885377344608
Native footprints,0.6499264240264893,-0.3525982089948293
Native footprints,0.7371163368225098,-0.359742968350626
Native footprints,0.403289794921875,-0.019309439300045
Native footprints,0.4435951709747314,-0.0876774941233158
Native footprints,0.5579237937927246,-0.1626302023361489
Native footprints,0.1247892379760742,0.2358245956864212
Native footprints,0.1670100688934326,0.1954968959859346
Native footprints,0.5718212127685547,-0.2269453340906553
Native footprints,0.2073743343353271,0.1573673210735788
Native footprints,0.4258074760437011,-0.0801562715295225
Native footprints,0.4183225631713867,-0.0691255220782183
Native footprints,0.5959792137145996,-0.199606282560241
Native footprints,0.6003530025482178,-0.2779796710114601
Native footprints,0.216752290725708,0.1004237871942466
Native footprints,0.6002345085144043,-0.27050110292287
Native footprints,0.4108455181121826,-0.0560619347414965
Native footprints,0.3469352722167969,0.023905095729492
Native footprints,0.4684112071990967,-0.158314317961122
Native footprints,0.5246412754058838,-0.1586686261239074
Native footprints,0.2587134838104248,0.1183216381827181
Native footprints,0.7974870204925537,-0.4359304095085657
Native footprints,0.485762357711792,-0.1387189347401355
Native footprints,0.4850585460662842,-0.18113647252283
Native footprints,0.1687903404235839,0.2117790539041953
Native footprints,0.2873868942260742,0.0722248991969158
Native footprints,0.2222776412963867,0.0820510826115062
Native footprints,0.4076621532440185,-0.0716331362172109
Native footprints,0.4666817188262939,-0.0854500644571603
Native footprints,0.2119266986846923,0.1786107675318618
Native footprints,0.0693495273590087,0.335857965016771
Native footprints,0.4982438087463379,-0.0922701315019639
Native footprints,0.5311212539672852,-0.1144033201149872
Native footprints,0.5247201919555664,-0.0676101010168639
Native footprints,0.2096192836761474,0.2349796138708362
Native footprints,0.5408203601837158,-0.114751185715065
Native footprints,0.7216882705688477,-0.2835218229029215
Native footprints,0.2214677333831787,0.1551199719836005
Native footprints,0.2156777381896972,0.2421708693194381
Native footprints,0.3258304595947265,0.1549160879195178
Native footprints,0.6935267448425293,-0.2226606631643452
Native footprints,0.4456980228424072,-0.0965838639461698
Native footprints,0.4355175495147705,0.0214176053879966
Native footprints,0.98891282081604,-0.5207120367290219
Native footprints,0.5877766609191895,-0.1178452891983999
Native footprints,0.3529491424560547,-0.0687947182757381
Native footprints,0.3927350044250488,-0.0594651792917038
Native footprints,0.3942914009094238,0.0343561092598306
Native footprints,0.6811368465423584,-0.262953719863042
Native footprints,0.737023115158081,-0.4107609767078092
Native footprints,0.766352653503418,-0.3386814477619645
Native footprints,0.790093183517456,-0.3716762566512382
Native footprints,0.2659306526184082,0.0703766424581986
Native footprints,0.5741310119628906,-0.3068098024724317
Native footprints,0.4682636260986328,-0.0787589051841775
Native footprints,0.3782837390899658,0.00347039213347
Native footprints,0.3526623249053955,-0.075519912496889
Native footprints,0.4761676788330078,-0.1594676060692244
Native footprints,0.1411025524139404,0.2292995091992817
Native footprints,0.488431453704834,-0.1501504457935397
Native footprints,0.6702101230621338,-0.312754248339771
Native footprints,0.2985148429870605,0.1176932518588756
Native footprints,0.3447268009185791,-0.0106502700498206
Native footprints,0.288414716720581,0.1195254955516401
Native footprints,0.7320749759674072,-0.3628296148590219
Native footprints,0.4506990909576416,-0.0821390263561528
Native footprints,0.3485653400421142,0.0332508761430493
Native footprints,0.851780891418457,-0.4626827595196641
Native footprints,0.5380208492279053,-0.1676246770972185
Native footprints,0.4179425239562988,-0.0767004866771505
Native footprints,0.5028951168060303,-0.1930492360867402
Native footprints,0.4785854816436767,-0.0905895111874915
Native footprints,0.4776737689971924,-0.1230165027571361
Native footprints,0.6171345710754395,-0.3132266384249479
Native footprints,0.6679635047912598,-0.2022890939912254
Native footprints,0.6243467330932617,-0.2788490845664392
Native footprints,0.3406739234924316,0.0055524564749862
Native footprints,0.4094789028167724,-0.0669270078124777
Native footprints,0.1871647834777832,0.2083454918570753
Native footprints,0.6290383338928223,-0.2482520409660427
Native footprints,0.293410062789917,0.1135520045912109
Native footprints,0.3700764179229736,0.1097694068560077
Native footprints,0.3697526454925537,0.0984975857082514
Native footprints,0.4438445568084717,0.0071844286916777
Native footprints,0.5071589946746826,0.0022548544758925
Native footprints,0.4977798461914062,0.0172911576783353
Native footprints,0.5663089752197266,-0.0677061301458103
Native footprints,0.4451141357421875,0.0397409700026744
Native footprints,0.3531186580657959,0.0891208268892059
Native footprints,0.335129976272583,0.1009595085679564
Native footprints,0.4987895488739013,0.0259311880838196
Native footprints,0.2949068546295166,0.2228382197064177
Native footprints,0.2512176036834717,0.2765819829672004
Native footprints,0.3641407489776611,0.1715436278124288
Native footprints,0.6568272113800049,-0.0890632526608407
Native footprints,0.4019699096679687,0.1512432849133124
Native footprints,0.444127082824707,0.1055943847983786
Native footprints,0.677621603012085,-0.1255333609438481
Native footprints,0.8261809349060059,-0.3065892010513309
Native footprints,0.5378208160400391,0.0173353556389476
Native footprints,0.3207778930664062,0.248948981102797
Native footprints,0.480640172958374,0.0910782051906756
Native footprints,0.7512845993041992,-0.1836015596211208
Native footprints,0.7402887344360352,-0.1456516190466731
Native footprints,0.6256215572357178,-0.0616495050377269
Native footprints,0.5459952354431152,0.0499497131617715
Native footprints,0.5838749408721924,-0.0031658381913677
Native footprints,0.59405517578125,-0.0421813476865687
Native footprints,0.7841815948486328,-0.2176661450782041
Native footprints,0.6682417392730713,-0.1032598248665827
Native footprints,0.5912411212921143,-0.1375505498017717
Native footprints,0.681957483291626,-0.2290871756162836
Native footprints,0.3503553867340088,0.0646507628844876
Native footprints,0.5176234245300293,-0.0583090720548878
Native footprints,0.6506173610687256,-0.2043783653331763
Native footprints,0.5800900459289551,-0.0805916314169943
Native footprints,0.5487189292907715,-0.1572481641386802
Native footprints,0.5197803974151611,-0.052134451662002
Native footprints,0.7659008502960205,-0.2743824392244673
4 km aggregates,0.2700492441654205,0.046387003924128
4 km aggregates,0.2181967496871948,-0.0031268902890637
4 km aggregates,0.2340095043182373,-0.0105839405882743
4 km aggregates,0.3103711903095245,-0.0942598247457717
4 km aggregates,0.3671990931034088,-0.0157138298739117
4 km aggregates,0.3145344257354736,0.0496344741386143
4 km aggregates,0.4238122105598449,-0.0337328915882714
4 km aggregates,0.3544173538684845,0.017729339348783
4 km aggregates,0.3646362721920013,-0.0143555610205541
4 km aggregates,0.2832707464694977,0.0881795468481496
4 km aggregates,0.3159033358097076,-0.0110632361345939
4 km aggregates,0.3150627315044403,0.0646124120756391
4 km aggregates,0.2626614868640899,0.0318386751371048
4 km aggregates,0.2369948327541351,0.0272978417106614
4 km aggregates,0.132390484213829,0.1495832061173968
4 km aggregates,0.156395673751831,-0.0099826403570283
4 km aggregates,0.2396519780158996,0.0638928896427331
4 km aggregates,0.2435202300548553,0.0377865963014145
4 km aggregates,0.4855169057846069,-0.1053571337173226
4 km aggregates,0.3236025869846344,0.0416410761560189
4 km aggregates,0.3667972683906555,-0.0427772046723975
4 km aggregates,0.2899605929851532,0.0756456732464386
4 km aggregates,0.2941372990608215,0.0593483809793655
4 km aggregates,0.3870792984962463,-0.0355245441238384
4 km aggregates,0.2715179324150085,0.0750886498195373
4 km aggregates,0.2704932689666748,0.0403705833123628
4 km aggregates,0.3860006332397461,-0.0875757247274478
4 km aggregates,0.3317494392395019,0.0132448959452587
4 km aggregates,0.3279755115509033,-0.0361641401935339
4 km aggregates,0.1803175806999206,0.0738502254870555
4 km aggregates,0.2850489914417267,0.0272523147519037
4 km aggregates,0.2688401043415069,0.1092478918876127
4 km aggregates,0.1998592317104339,0.1269645559237128
4 km aggregates,0.1408563256263733,0.0191419635362347
4 km aggregates,0.1466069221496582,0.0001411922244638
4 km aggregates,0.1681082546710968,0.0058691804166979
4 km aggregates,0.1715381145477295,0.0489557605808794
4 km aggregates,0.2062656730413437,-0.0048102988858711
4 km aggregates,0.2173196077346801,0.0042937431472389
4 km aggregates,0.2092338800430297,0.0022345082091604
4 km aggregates,0.1767972111701965,0.058632794272711
4 km aggregates,0.1747997403144836,0.0022410692364097
4 km aggregates,0.2165714502334594,-0.0084410154752394
4 km aggregates,0.153967410326004,0.0064719476720682
4 km aggregates,0.1488536596298217,0.0191272822944012
4 km aggregates,0.3348554074764251,0.0414280955213243
4 km aggregates,0.3208566904067993,-0.0292586081180534
4 km aggregates,0.3696459531784057,-0.0034323909780238
4 km aggregates,0.3862001597881317,-0.0541222171760232
4 km aggregates,0.2653800845146179,-0.0507079677857809
4 km aggregates,0.2211366891860962,-0.0290322661994281
4 km aggregates,0.2350730001926422,0.058420663885653
4 km aggregates,0.2097599506378173,0.0646446044699423
4 km aggregates,0.3447846174240112,-0.0440532217038343
4 km aggregates,0.3200821280479431,0.0111186968330019
4 km aggregates,0.2589856088161468,0.0712502202020496
4 km aggregates,0.2062389850616455,0.0703283468853692
4 km aggregates,0.3788970112800598,-0.0749923131716378
4 km aggregates,0.342475026845932,0.0006994050598076
4 km aggregates,0.3186781108379364,-0.0309454405396984
4 km aggregates,0.3443169295787811,-0.0071839368089285
4 km aggregates,0.2799263596534729,0.0232925329630888
4 km aggregates,0.2770487368106842,0.0076519190551387
4 km aggregates,0.3475035727024078,-0.0545581619292702
4 km aggregates,0.2603220343589782,0.0444771177842143
4 km aggregates,0.3328756392002105,0.0478697146778101
4 km aggregates,0.3928435146808624,-0.0206077175327645
4 km aggregates,0.2830215990543365,0.060211175058324
4 km aggregates,0.3000465035438537,-0.0786219695242033
4 km aggregates,0.3147869706153869,-0.0206459386072698
4 km aggregates,0.3130326569080353,-0.0288785907626803
4 km aggregates,0.1753091812133789,0.0260438387051392
4 km aggregates,0.2471234500408172,-0.0010491584828844
4 km aggregates,0.2037024497985839,-0.0146890255365706
4 km aggregates,0.2202633917331695,0.0008270536208359
4 km aggregates,0.2125089168548584,0.0872160976852042
4 km aggregates,0.3582927584648132,0.0131749587135303
4 km aggregates,0.344984233379364,-0.0458484780477727
4 km aggregates,0.3416017591953277,-0.0077595412413624
4 km aggregates,0.3365660309791565,-0.0120727503809503
4 km aggregates,0.289730429649353,-0.0220934246159427
4 km aggregates,0.3842589855194092,-0.0751371690816412
4 km aggregates,0.2604431211948395,0.0590181951314026
4 km aggregates,0.3419965505599975,-0.0483713465484392
4 km aggregates,0.3294121921062469,-0.0258517684714816
4 km aggregates,0.2278985530138015,0.0229952309469684
4 km aggregates,0.3506844937801361,-0.0458151208516249
4 km aggregates,0.2864544689655304,0.0078234439582742
4 km aggregates,0.3365497291088104,-0.0394775776204173
4 km aggregates,0.3477475941181183,-0.0046774135195931
4 km aggregates,0.4479048252105713,-0.0846703637751968
4 km aggregates,0.3961469233036041,-0.0035712057982716
4 km aggregates,0.3475882709026336,0.0333297455547489
4 km aggregates,0.4199343025684356,-0.0385557358233028
4 km aggregates,0.2196618616580963,-0.0249939130361594
4 km aggregates,0.3509013652801513,-0.0313948694960234
4 km aggregates,0.368568480014801,-0.0712866292984303
4 km aggregates,0.3464874625205993,0.0171743942515187
4 km aggregates,0.2511259019374847,0.0110652272789124
4 km aggregates,0.2855783700942993,0.0439083496567434
4 km aggregates,0.3126631081104278,0.0103663055180261
4 km aggregates,0.3320353031158447,0.0096331760460657
4 km aggregates,0.2928049266338348,0.0109616647596546
4 km aggregates,0.2829653322696686,-0.0122453837637848
4 km aggregates,0.3321461975574493,-0.0339398315391101
4 km aggregates,0.2302233427762985,0.0470493782647995
4 km aggregates,0.3177874386310577,-0.0089231275918208
4 km aggregates,0.2445142865180969,-0.0493098610194629
4 km aggregates,0.3128258883953094,-0.051728376405293
4 km aggregates,0.2616830468177795,-0.08421233196026
4 km aggregates,0.3981764018535614,-0.0595771488868593
4 km aggregates,0.3420588076114654,-0.0536837893231708
4 km aggregates,0.1996904611587524,-0.0418182916008356
4 km aggregates,0.2246074378490448,-0.0637963416370894
4 km aggregates,0.2043825387954712,-0.0062942308660366
4 km aggregates,0.3553436994552612,0.0117811277409651
4 km aggregates,0.3503836393356323,0.0612730443309655
4 km aggregates,0.3029503226280212,0.0094175853245854
4 km aggregates,0.3013995587825775,-0.0274455724544304
4 km aggregates,0.3052248656749725,-0.0117326316957963
4 km aggregates,0.371856540441513,-0.0380740072364989
4 km aggregates,0.3003381192684173,-0.0084733672724994
4 km aggregates,0.3427530825138092,-0.0556406666335223
4 km aggregates,0.0131320059299469,0.2204923388537381
4 km aggregates,0.2371357083320617,0.0811440250791253
4 km aggregates,0.0607141107320785,0.0976320053481941
4 km aggregates,0.2862119078636169,-0.1101345181478715
4 km aggregates,0.2901242673397064,-0.1235291644261543
4 km aggregates,0.1539755314588546,0.0799612024252698
4 km aggregates,0.5578004121780396,-0.0961917088225048
4 km aggregates,0.5468308329582214,-0.0746243946732738
4 km aggregates,0.4495519995689392,-0.0527900900849706
4 km aggregates,0.4263856112957001,0.0108482491879314
4 km aggregates,0.2444349825382232,0.0799854213763002
4 km aggregates,0.3146901428699493,0.0247139932295521
4 km aggregates,0.3019248247146606,0.0299236599530693
4 km aggregates,0.3361826837062835,0.0005380902889058
4 km aggregates,0.2686915695667267,0.0867656334448048
4 km aggregates,0.2635537683963775,0.0312432413219723
4 km aggregates,0.2500536441802978,0.0209130402021791
4 km aggregates,0.1908968240022659,0.0588140636871151
4 km aggregates,0.3134967386722564,-0.0154866756472891
4 km aggregates,0.2960768640041351,0.0375420833730691
4 km aggregates,0.2827731668949127,0.0036914432701077
4 km aggregates,0.3611868917942047,0.0349149247963515
4 km aggregates,0.3024162352085113,0.0072826408166709
4 km aggregates,0.2955629229545593,0.0529283839905092
4 km aggregates,0.2553475797176361,0.0249515812878819
4 km aggregates,0.2695909142494201,0.0338212168624009
4 km aggregates,0.1883269846439361,0.0749973667887326
4 km aggregates,0.3720307648181915,-0.0916154739270614
4 km aggregates,0.2519712150096893,-0.0044814171807878
4 km aggregates,0.2160881757736206,0.0225210275681863
4 km aggregates,0.1904366463422775,0.0072648343682823
4 km aggregates,0.3548234701156616,-0.0503158247071996
4 km aggregates,0.3577491044998169,-0.0331900685278274
4 km aggregates,0.3385332226753235,-0.0166330911941393
4 km aggregates,0.2703734338283539,0.0910091951762378
4 km aggregates,0.3069123923778534,0.0021022541830692
4 km aggregates,0.3556435406208038,0.0100537266118783
4 km aggregates,0.354751706123352,-0.0057130506297113
4 km aggregates,0.3101579248905182,0.0069741685704208
4 km aggregates,0.4322576224803924,-0.0490745041324968
4 km aggregates,0.3292828798294067,0.0179144792698185
4 km aggregates,0.4147750735282898,-0.0083077817795446
4 km aggregates,0.3259148001670837,0.0188907035625601
4 km aggregates,0.2545531690120697,0.0619517238351968
4 km aggregates,0.2153889387845993,0.0227820121414372
4 km aggregates,0.228263646364212,0.0176369027435954
4 km aggregates,0.3099376261234283,-0.0378006828760641
4 km aggregates,0.3248473703861236,-0.0110679254172462
4 km aggregates,0.3696219027042389,0.0092351949940058
4 km aggregates,0.197962999343872,0.0587496536327353
4 km aggregates,0.246656984090805,0.0012377652743787
4 km aggregates,0.3115929067134857,-0.0277750014182136
4 km aggregates,0.2887392044067383,0.03282202276891
4 km aggregates,0.2001424133777618,0.0577963307007712
4 km aggregates,0.1556660234928131,0.1222639010577627
4 km aggregates,0.0654292404651641,0.1455391822164109
4 km aggregates,0.096887931227684,0.1019925494638075
4 km aggregates,0.1285042315721511,0.048307061662971
4 km aggregates,0.2582995295524597,0.0153815413295053
4 km aggregates,0.2258197665214538,0.092803978692123
4 km aggregates,0.2541076838970184,0.031625474347115
4 km aggregates,0.2616418898105621,0.0036879859296506
4 km aggregates,0.2263579815626144,0.0614293535448095
4 km aggregates,0.3386260867118835,-0.0626367191088687
4 km aggregates,0.2582414448261261,0.0027915084036556
4 km aggregates,0.2569564580917358,-0.0421604918606131
4 km aggregates,0.2409488558769226,-1.7463422622959746e-05
4 km aggregates,0.3204076588153839,-0.0741963695989784
4 km aggregates,0.2133138179779052,0.0125398497564544
4 km aggregates,0.1302997320890426,0.0457511424216063
4 km aggregates,0.200376272201538,-0.0240856955671062
4 km aggregates,0.2524571418762207,-0.0471507442785203
4 km aggregates,0.1524058133363723,0.0043006649181294
4 km aggregates,0.1490481793880462,0.011863811776048
4 km aggregates,0.0905562341213226,0.091136892163952
4 km aggregates,0.2517692446708679,0.0098451460007743
4 km aggregates,0.3133509457111358,-0.0318282035735746
4 km aggregates,0.4063029885292053,-0.1616333607560625
4 km aggregates,0.3102584779262543,-0.0673617644610757
4 km aggregates,0.3601849377155304,-0.0772194006809519
4 km aggregates,0.352188229560852,-0.051584579633418
4 km aggregates,0.2801777422428131,-0.0042903786483969
4 km aggregates,0.1902305632829666,0.0982885156023074
4 km aggregates,0.3158575594425201,0.0365245802345411
4 km aggregates,0.3442731201648712,-0.0283398875512018
4 km aggregates,0.298141211271286,0.0083109019680423
4 km aggregates,0.2924567759037018,0.0366680120274176
4 km aggregates,0.3196135461330414,0.0313860962955763
4 km aggregates,0.1755610257387161,0.1072917085796294
4 km aggregates,0.3209501206874847,0.0064138941853348
4 km aggregates,0.2521867454051971,0.0740835354984564
4 km aggregates,0.3374059200286865,0.0077023269287668
4 km aggregates,0.4031401574611664,-0.0643982156252114
4 km aggregates,0.3669435083866119,-0.0174293011573184
4 km aggregates,0.3903316259384155,-0.011109444365046
4 km aggregates,0.317424476146698,0.0552340174410377
4 km aggregates,0.2660748660564422,0.0679478946148882
4 km aggregates,0.320689707994461,0.0183415808346976
4 km aggregates,0.3911434113979339,-0.0475353092307443
4 km aggregates,0.2404298633337021,0.0746325264735102
4 km aggregates,0.361134797334671,-0.0517980282435899
4 km aggregates,0.2638441026210785,0.0277885647177931
4 km aggregates,0.2349121421575546,0.0444908428571105
4 km aggregates,0.2783748209476471,-0.0218842711199483
4 km aggregates,0.3299384415149688,-0.0492061355905343
4 km aggregates,0.2067934870719909,-0.0166088700028084
4 km aggregates,0.2717156708240509,-0.0133546097199319
4 km aggregates,0.2490950971841812,0.0028139112226845
4 km aggregates,0.2902645468711853,0.0069151830938014
4 km aggregates,0.3555154800415039,-0.0747079917633783
4 km aggregates,0.4692153334617615,-0.1593919804418229
4 km aggregates,0.3155083060264587,-0.0569373997658806
4 km aggregates,0.3020250201225281,-0.0140689041333512
4 km aggregates,0.2452206015586853,-0.0143176770272987
4 km aggregates,0.2268497943878173,0.0009624086830294
4 km aggregates,0.293707937002182,-0.059217389937753
4 km aggregates,0.2428145408630371,0.0539456739032093
4 km aggregates,0.3074918091297149,0.0269253670415304
4 km aggregates,0.3273915648460388,-0.0375039686608529
4 km aggregates,0.320480465888977,-0.0084232104878794
4 km aggregates,0.2889989614486694,-0.0389623905741803
4 km aggregates,0.4049874246120453,-0.0604403602232143
4 km aggregates,0.2652077674865722,0.0190742487513996
4 km aggregates,0.324396401643753,-0.012991417369457
4 km aggregates,0.4542866945266723,-0.1104956564150202
4 km aggregates,0.2721055448055267,0.0165057608800826
4 km aggregates,0.4355878531932831,-0.0444590165824511
4 km aggregates,0.440774917602539,-0.0874114672584925
4 km aggregates,0.3518941402435303,-0.0122199197103886
4 km aggregates,0.3409748375415802,0.0269915883934018
4 km aggregates,0.3324355483055115,-0.0007235651394169
4 km aggregates,0.3194281458854675,-0.0266721502813729
4 km aggregates,0.3944582939147949,-0.0392836960006199
4 km aggregates,0.3803731203079223,-0.0490212886342764
4 km aggregates,0.4319124519824981,-0.1032538471785165
4 km aggregates,0.3577192425727844,-0.1055190192881511
4 km aggregates,0.4007434844970703,-0.0865235398138066
4 km aggregates,0.3495524823665619,-0.0483443091114871
4 km aggregates,0.3662535846233368,-0.0386005729856691
4 km aggregates,0.3414167463779449,-0.0771490256834921
4 km aggregates,0.1604040563106537,0.1238947125169994
4 km aggregates,0.2459027767181396,-0.0090383380802072
4 km aggregates,0.1510402560234069,0.0570055985869105
4 km aggregates,0.292983204126358,-0.0346093596872558
4 km aggregates,0.3087742030620575,-0.0346951268395316
4 km aggregates,0.3996692597866058,-0.1248709896356426
4 km aggregates,0.2193536162376403,-0.0085394983324489
4 km aggregates,0.2595323026180267,0.0052903840917346
4 km aggregates,0.3538921475410461,-0.0476658732197539
4 km aggregates,0.3774792850017547,-0.1055155004905896
4 km aggregates,0.3684357106685638,-0.1362543213032257
4 km aggregates,0.2274142950773239,0.0279805069681634
4 km aggregates,0.3200171291828155,-0.0446951217115939
4 km aggregates,0.3746650516986847,-0.0735563724823261
4 km aggregates,0.3280404806137085,-0.0345100133723679
4 km aggregates,0.3687867224216461,-0.0527333031105778
4 km aggregates,0.3118828237056732,-0.0218119121619728
4 km aggregates,0.3526738882064819,-0.0720323789832635
4 km aggregates,0.3292616605758667,-0.0445290463725857
4 km aggregates,0.2973085045814514,-0.0537716174605911
4 km aggregates,0.2061727494001388,0.0007277271513945
4 km aggregates,0.3071573674678802,-0.0402842688496521
4 km aggregates,0.3168123364448547,-0.0278865256958235
4 km aggregates,0.2354734390974044,0.0187440411446889
4 km aggregates,0.2978842854499817,-0.0464040149218897
4 km aggregates,0.3513855040073395,-0.0254835757767971
4 km aggregates,0.2923747897148132,-0.0424194134474547
4 km aggregates,0.2180351763963699,0.0240057978601913
4 km aggregates,0.3429846465587616,-0.0230700179974537
4 km aggregates,0.4204768538475036,-0.091449633699144
4 km aggregates,0.4932107031345367,-0.1483520230662185
4 km aggregates,0.4664657711982727,-0.1132757714473884
4 km aggregates,0.4389443695545196,-0.0749359618244328
4 km aggregates,0.4621752798557281,-0.1121642153324764
4 km aggregates,0.510008692741394,-0.0873785958624984
4 km aggregates,0.4800382256507873,-0.0234325343564785
4 km aggregates,0.345578521490097,-0.0730370644918951
4 km aggregates,0.4089915752410888,-0.0872202110520184
4 km aggregates,0.3223004639148712,-0.0056992290840898
4 km aggregates,0.3260598480701446,0.0143564771630365
4 km aggregates,0.320249080657959,0.0123519280033927
4 km aggregates,0.3596243858337402,-0.0264944156124907
4 km aggregates,0.4411852955818176,-0.0884482578376433
4 km aggregates,0.3922868371009826,-0.0263863790505998
4 km aggregates,0.2887821495532989,0.0120199047376411
4 km aggregates,0.3267883658409118,-0.0436493198417786
4 km aggregates,0.2539856731891632,0.0665796504713455
4 km aggregates,0.1570723205804824,0.0439225324729361
4 km aggregates,0.1522776335477829,0.0515381337966503
4 km aggregates,0.1231905966997146,0.0360135788520318
4 km aggregates,0.1998891085386276,0.0265428883609357
4 km aggregates,0.198513314127922,0.0043693281341315
4 km aggregates,0.1485658884048462,0.0320916272254611
4 km aggregates,0.1655127108097076,-0.0012842322312781
4 km aggregates,0.1984320878982544,-0.0077746479560238
4 km aggregates,0.1881917715072631,0.0291958261846734
4 km aggregates,0.2622174620628357,-0.0365729536210718
4 km aggregates,0.2476336658000946,0.0250469777838031
4 km aggregates,0.3098474144935608,-0.0867952671550186
4 km aggregates,0.3029642105102539,-0.0560191345172567
4 km aggregates,0.2979162633419037,-0.0330936350035349
4 km aggregates,0.300379991531372,-0.0391495095089735
4 km aggregates,0.3233647048473358,-0.0606174713734739
4 km aggregates,0.2798098921775818,-0.0119222987556655
4 km aggregates,0.319029688835144,-0.05233097475236
4 km aggregates,0.1656534671783447,-0.0072057265035254
4 km aggregates,0.2806845009326935,-0.0844470039346709
4 km aggregates,0.3299942314624786,-0.1130660750018324
4 km aggregates,0.2062354683876037,0.0444948464881415
4 km aggregates,0.233441486954689,-0.0239452491663139
4 km aggregates,0.2228521853685379,0.0376213948057925
4 km aggregates,0.1946160793304443,0.0890921461180999
4 km aggregates,0.3124081492424011,-0.024641331679482
4 km aggregates,0.3480404019355774,-0.0689515133845857
4 km aggregates,0.414139837026596,-0.1167183619390849
4 km aggregates,0.4327567517757416,-0.1359364436607956
4 km aggregates,0.3248060643672943,-0.0621052069648668
4 km aggregates,0.2964560091495514,-0.0429674708584624
4 km aggregates,0.3604095578193664,-0.0712009376731046
4 km aggregates,0.3438887894153595,-0.0630543335538448
4 km aggregates,0.3298842012882232,-0.0737767137245754
4 km aggregates,0.2715663909912109,0.0201179934015195
4 km aggregates,0.2837960720062256,-0.0763243000422988
4 km aggregates,0.3129217028617859,-0.0473610266351643
4 km aggregates,0.3092131018638611,-0.0537970818171573
4 km aggregates,0.3853351473808288,-0.081165676635495
4 km aggregates,0.3625431954860687,-0.0400372856923026
4 km aggregates,0.380709171295166,-0.0810338891816133
4 km aggregates,0.2501197755336761,0.0142113656788552
4 km aggregates,0.2368220388889312,0.0286252800932274
4 km aggregates,0.2654091715812683,0.0048446813545666
4 km aggregates,0.2210661172866821,0.0542175985509825
4 km aggregates,0.3678829371929168,-0.0433446522510028
4 km aggregates,0.3206994235515594,0.0031169240064642
4 km aggregates,0.3658841550350189,-0.0670959429750708
4 km aggregates,0.4062051773071289,-0.0997658182170874
4 km aggregates,0.4673620164394378,-0.1205976855163437
4 km aggregates,0.4399353265762329,-0.0777399926722309
4 km aggregates,0.272130012512207,-0.0390841136365109
4 km aggregates,0.3143350780010223,-0.005126988644966
4 km aggregates,0.4423239529132843,-0.1348855090672057
4 km aggregates,0.4484074115753174,-0.1746816865780001
4 km aggregates,0.3656830787658691,-0.1159001899636946
4 km aggregates,0.3954936563968658,-0.1331921468770294
4 km aggregates,0.3347834944725036,0.0023638284742364
4 km aggregates,0.4261228442192077,-0.108260553822323
4 km aggregates,0.3459883034229278,-0.0045399135968807
4 km aggregates,0.4550644159317016,-0.0929682842094528
4 km aggregates,0.4128797650337219,-0.0535082639903654
4 km aggregates,0.3237019181251526,-0.0224709508412608
4 km aggregates,0.2287091463804245,-0.0115600833844183
4 km aggregates,0.4147019982337951,-0.0210673652949928
4 km aggregates,0.4155425727367401,-0.103174343741474
4 km aggregates,0.5178213119506836,-0.1357837029972055
4 km aggregates,0.6526825428009033,-0.2358998585488349
4 km aggregates,0.4297168850898742,-0.0240456915793397
4 km aggregates,0.414610892534256,-0.0166748716734873
4 km aggregates,0.4375712275505066,-0.0146300695203535
4 km aggregates,0.3704075813293457,0.0407300055427068
4 km aggregates,0.5776917338371277,-0.2417935295067007
4 km aggregates,0.4338344633579254,-0.123070776388619
4 km aggregates,0.3429723978042602,-0.0105765354022618
4 km aggregates,0.4182430207729339,-0.0530384372796378
4 km aggregates,0.4564637541770935,-0.0739446687916119
4 km aggregates,0.4726748168468475,-0.0974397808032893
4 km aggregates,0.3545432686805725,0.038599468532644
4 km aggregates,0.401719182729721,-0.0052308891486458
4 km aggregates,0.355122447013855,0.0186022000600351
4 km aggregates,0.4438289105892181,-0.0804672578893306
4 km aggregates,0.3918804824352264,-0.0526397570493569
4 km aggregates,0.4504759609699249,-0.0981017014308669
4 km aggregates,0.4143772721290588,-0.0207121693233103
4 km aggregates,0.5003218650817871,-0.06093859480781
4 km aggregates,0.447588175535202,-0.0253015651161627
4 km aggregates,0.283046156167984,0.1180080061150063
4 km aggregates,0.292423665523529,0.0570583790684323
4 km aggregates,0.3352284729480743,0.0363727979765775
4 km aggregates,0.3147385716438293,0.0157710775771346
4 km aggregates,0.4292758405208587,-0.0775191211299951
4 km aggregates,0.3555785119533539,0.0034048193290977
4 km aggregates,0.3830493688583374,-0.0368521743859126
4 km aggregates,0.3518563508987427,0.0029558774100643
4 km aggregates,0.2920899093151092,0.0504185633722599
4 km aggregates,0.4540961384773254,-0.0263326862174896
4 km aggregates,0.3804037868976593,0.0018544367342157
4 km aggregates,0.3813389837741852,-0.0117480527969682
4 km aggregates,0.4533555507659912,-0.0668532015483074
4 km aggregates,0.3863422274589538,0.0076550085707868
4 km aggregates,0.5076451301574707,-0.1191351552621086
4 km aggregates,0.1917833834886551,0.0374686229453373
4 km aggregates,0.3052559494972229,-0.0333812397311917
4 km aggregates,0.2764644026756286,0.0484439568954788
4 km aggregates,0.4179470837116241,-0.0515587575617461
4 km aggregates,0.38922780752182,0.0125254105591546
4 km aggregates,0.4203569293022156,-0.0143347777935697
4 km aggregates,0.427383691072464,-0.0426226772393384
4 km aggregates,0.3550338745117187,0.0569301929084016
4 km aggregates,0.3639167845249176,0.014976707736624
4 km aggregates,0.4300674498081207,-0.0560223146030655
4 km aggregates,0.4080201685428619,-0.085717595495278
4 km aggregates,0.3368023633956909,0.0457023042558141
4 km aggregates,0.5158984065055847,-0.1138169077125305
4 km aggregates,0.3747171759605407,-0.0201126038809696
4 km aggregates,0.4348336160182953,-0.127800794979514
4 km aggregates,0.3748985528945923,-0.0405257681674323
4 km aggregates,0.4723889231681824,-0.085799717318284
4 km aggregates,0.3997362554073334,-0.0284824401972357
4 km aggregates,0.3015815913677215,0.056309611158861
4 km aggregates,0.3751091659069061,-0.0200001774380328
4 km aggregates,0.3613896071910858,0.0021781840818295
4 km aggregates,0.5177053809165955,-0.1235882208607225
4 km aggregates,0.3889939188957214,0.0024454827095307
4 km aggregates,0.4072087109088897,-0.0489996761495061
4 km aggregates,0.3284177184104919,0.0537786315452087
4 km aggregates,0.3482111096382141,0.0333852991441663
4 km aggregates,0.4219819903373718,-0.0418592841043994
4 km aggregates,0.2621228992938995,0.0745761313575399
4 km aggregates,0.3515579104423523,-0.0023755737657842
4 km aggregates,0.3673123717308044,-0.0345720305552752
4 km aggregates,0.4686033129692077,-0.0881095106076711
4 km aggregates,0.3323301672935486,0.0523581741557684
4 km aggregates,0.2737551629543304,0.0476374584537428
4 km aggregates,0.5047654509544373,-0.1334621076177039
4 km aggregates,0.2671944499015808,0.057178702370619
4 km aggregates,0.3377090692520141,-0.0802787400031774
4 km aggregates,0.2655869126319885,0.0108149364169562
4 km aggregates,0.3717025220394134,-0.0116697023033996
4 km aggregates,0.3894174993038177,-0.0195328434789507
4 km aggregates,0.3469602763652801,0.0136240946595741
4 km aggregates,0.4480405747890472,-0.0622833363981228
4 km aggregates,0.2247034311294555,0.1409915012475219
4 km aggregates,0.1755325347185135,0.1996716228583501
4 km aggregates,0.4030972421169281,-0.0869436574961285
4 km aggregates,0.1634373366832733,0.0782089739949544
4 km aggregates,0.2549127340316772,0.0116308580752264
4 km aggregates,0.3699920773506164,-0.0504237954474032
4 km aggregates,0.2356282919645309,0.0989381398576367
4 km aggregates,0.1564249545335769,0.2095881894902535
4 km aggregates,0.1163715273141861,0.191568822951312
4 km aggregates,0.1779303848743438,0.1541629969711118
4 km aggregates,0.2446910440921783,0.0800537296511192
4 km aggregates,0.1532616168260574,0.1540409384180082
4 km aggregates,0.04407399892807,0.328336766469398
4 km aggregates,0.2514134645462036,-0.0225379827802888
4 km aggregates,0.2663359940052032,0.0292519188974143
4 km aggregates,0.3215277194976806,-0.0369817478222934
4 km aggregates,0.2226139307022094,0.100517662049021
4 km aggregates,0.3468757569789886,-0.0306169871086928
4 km aggregates,0.0868977606296539,0.1510690655364
4 km aggregates,0.3600597381591797,-0.0967630255809151
4 km aggregates,0.3830378949642181,-0.0585710274211713
4 km aggregates,0.1841487884521484,0.1248240641916602
4 km aggregates,0.2791815400123596,-0.0226306341646946
4 km aggregates,0.3005278408527374,-0.0137415751286995
4 km aggregates,0.2915267050266266,0.0059414671749783
4 km aggregates,0.3104201555252075,-0.0095104643862811
4 km aggregates,0.2900709807872772,-0.0392072289080088
4 km aggregates,0.1922988295555114,-0.0380958711446678
4 km aggregates,0.1789463460445404,-0.001241124117181
4 km aggregates,0.193184345960617,-0.0412908516986756
4 km aggregates,0.3007988631725311,-0.0746214531018679
4 km aggregates,0.0839222371578216,0.005183061728835
4 km aggregates,0.1087839603424072,-0.0131228244224238
4 km aggregates,0.1295161098241806,-0.0332890486599247
4 km aggregates,0.1476228982210159,0.0132877212153518
4 km aggregates,0.1504243612289428,-0.0295068138872059
4 km aggregates,0.1162077784538269,0.0071501600704526
4 km aggregates,0.1054971367120742,-0.0097238985325694
4 km aggregates,0.1122978627681732,-0.0242394548081072
4 km aggregates,0.1358453631401062,-0.0228103762144938
4 km aggregates,0.1552631109952926,-0.0400564601858993
4 km aggregates,0.1400190442800521,-0.0391813873342881
4 km aggregates,0.1148710548877716,-0.0078643589418591
4 km aggregates,0.0921405106782913,0.0195880515163058
4 km aggregates,0.1455982029438018,0.0247029872441093
4 km aggregates,0.1988707780838012,-0.0574266386712396
4 km aggregates,0.138522058725357,0.0146735845630903
4 km aggregates,0.1379146873950958,0.0220724966100668
4 km aggregates,0.1079585552215576,0.0159612371423594
4 km aggregates,0.0759099721908569,0.0178307740977146
4 km aggregates,0.0773287713527679,0.0208804509691369
4 km aggregates,0.1139109432697296,-0.0056154215676761
4 km aggregates,0.1480380296707153,-0.0326173747431389
4 km aggregates,0.0635621845722198,0.0170828084470347
4 km aggregates,0.0913153886795044,0.0102604474901457
4 km aggregates,0.1169227063655853,-0.0125277800109398
4 km aggregates,0.1738824397325515,-0.0422155815476228
4 km aggregates,0.097571387887001,0.0034527218796307
4 km aggregates,0.0861164033412933,-0.0033254590367057
4 km aggregates,0.0763722360134124,0.0179366536323511
4 km aggregates,0.1444962322711944,-0.0072857407794668
4 km aggregates,0.1218621432781219,-0.033329029967596
4 km aggregates,0.1108209788799285,0.01990532646291
4 km aggregates,0.113238051533699,0.0167495054641754
4 km aggregates,0.1272027790546417,-0.0116789818763106
4 km aggregates,0.123631939291954,-0.0199365211135857
4 km aggregates,0.1912651807069778,-0.0712759574005777
4 km aggregates,0.0716225206851959,0.0122405601732893
4 km aggregates,0.0722491443157196,0.0333762509952978
4 km aggregates,0.0781247317790985,0.0260639392597338
4 km aggregates,0.1551440060138702,-0.0409212779912817
4 km aggregates,0.1335750520229339,-0.0400683458330612
4 km aggregates,0.0740756094455719,0.0167554396638142
4 km aggregates,0.0959659367799758,-0.0204397646648998
4 km aggregates,0.1089164912700653,-0.0104740022704136
4 km aggregates,0.1095737516880035,-0.0015998271735748
4 km aggregates,0.1161550283432006,0.0092363797928384
4 km aggregates,0.0625850856304168,0.0726600702575836
4 km aggregates,0.2108817100524902,-0.0875454273148716
4 km aggregates,0.1003418117761612,0.0155718479334606
4 km aggregates,0.1288738846778869,-0.0056273041778729
4 km aggregates,0.1444546729326248,-0.0292581641526987
4 km aggregates,0.0952966809272766,0.0210539178417817
4 km aggregates,0.0999466478824615,-0.0252316192320431
4 km aggregates,0.1277142167091369,-0.0475497078082113
4 km aggregates,0.0870651602745056,-0.0022713767464343
4 km aggregates,0.1366740018129348,-0.0401092767352362
4 km aggregates,0.099729299545288,-0.0271638120208486
4 km aggregates,0.1362262815237045,-0.0576601710596657
4 km aggregates,0.1069285422563552,-0.0159231669829176
4 km aggregates,0.1288315504789352,-0.0576347991471299
4 km aggregates,0.0569696724414825,0.0207298125492158
4 km aggregates,0.098016157746315,-0.0267578391881466
4 km aggregates,0.1797920167446136,-0.1063369637895352
4 km aggregates,0.0802940279245376,0.0246260950351816
4 km aggregates,0.1578454077243805,-0.0213756637978141
4 km aggregates,0.1442598551511764,-0.0056729224429892
4 km aggregates,0.1273758113384246,0.0118715498986824
4 km aggregates,0.1805821508169174,-0.0662077885091573
4 km aggregates,0.0778852999210357,0.0500772075384642
4 km aggregates,0.1443549245595932,-0.012579568548637
4 km aggregates,0.1532741039991378,-0.0442827369256939
4 km aggregates,0.1408770084381103,0.0190378388187513
4 km aggregates,0.1573749482631683,-0.0200482831072842
4 km aggregates,0.2977525293827057,-0.1189723544817548
4 km aggregates,0.1978294551372528,-0.039932127509118
4 km aggregates,0.1730654239654541,-0.0278549580013523
4 km aggregates,0.1785527914762497,-0.0175223647565349
4 km aggregates,0.1685326546430587,-0.0036709048261245
4 km aggregates,0.1568072736263275,-0.0251977653346452
4 km aggregates,0.1294886916875839,-0.0011706878541966
4 km aggregates,0.1810300052165985,-0.045745521602822
4 km aggregates,0.0893821567296981,0.0068344851409755
4 km aggregates,0.148502230644226,-0.0036019502604924
4 km aggregates,0.1793884634971618,-3.4556178175965124e-05
4 km aggregates,0.1134555786848068,0.0418308257372539
4 km aggregates,0.1102937757968902,0.0207226645529524
4 km aggregates,0.1144885271787643,-0.0018822343533812
4 km aggregates,0.1233516335487365,0.0238890916005307
4 km aggregates,0.0805898010730743,0.0447248778673693
4 km aggregates,0.0980001986026763,0.0186530704299506
4 km aggregates,0.1003060936927795,0.008258855764747
4 km aggregates,0.0452402830123901,0.0341161031434457
4 km aggregates,0.0725335478782653,0.019315045940073
4 km aggregates,0.0893730521202087,0.0015990952379814
4 km aggregates,0.0731139481067657,0.0289461371360372
4 km aggregates,0.3643995225429535,0.0483112609172233
4 km aggregates,0.4695301949977875,0.0036709793744472
4 km aggregates,0.4376610815525055,0.0001320936151846
4 km aggregates,0.3334880769252777,0.0789110324840192
4 km aggregates,0.3784992098808288,0.0347381710978446
4 km aggregates,0.2663307785987854,0.0582544953141855
4 km aggregates,0.3615158200263977,0.0026563194599805
4 km aggregates,0.4075185656547546,0.0713941327422943
4 km aggregates,0.5133053660392761,-0.0461187507766281
4 km aggregates,0.4121614992618561,0.0482159179378099
4 km aggregates,0.4470741152763366,0.0584573098819121
4 km aggregates,0.4578920304775238,-0.0207694258682207
4 km aggregates,0.520045280456543,-0.0682044751272779
4 km aggregates,0.3415840864181518,0.0400489795987922
4 km aggregates,0.4193894863128662,-0.0178499367145669
4 km aggregates,0.3424578905105591,0.0414323097018057
4 km aggregates,0.3236223459243774,-0.013513615165933
4 km aggregates,0.3272509276866913,0.0558232112711878
4 km aggregates,0.2578192949295044,0.0853535025772419
4 km aggregates,0.1920534968376159,0.1212536651935952
4 km aggregates,0.2541464567184448,0.0700671957234282
4 km aggregates,0.2835370004177093,0.1066055055863723
4 km aggregates,0.2357424944639206,0.1115591743139117
4 km aggregates,0.2549164593219757,0.0653690026966296
4 km aggregates,0.282145082950592,0.0047250624646368
4 km aggregates,0.273780882358551,0.0722633206938238
4 km aggregates,0.2138648778200149,0.1191822633951105
4 km aggregates,0.2355532646179199,0.1072334936837521
4 km aggregates,0.2981749475002289,-0.0012984277341925
4 km aggregates,0.2555404603481293,0.057962275034046
4 km aggregates,0.2124000787734985,0.0343805504136476
4 km aggregates,0.222572773694992,0.100557826742564
4 km aggregates,0.2876976728439331,0.0855651397715692
4 km aggregates,0.2225576192140579,0.1171475381571708
4 km aggregates,0.1384817063808441,0.2276599422638333
4 km aggregates,0.2693225145339966,0.065455163358053
4 km aggregates,0.1968316882848739,0.0839151813020185
4 km aggregates,0.2153442651033401,0.0778329092841843
4 km aggregates,0.0828002393245697,0.1699647855550283
4 km aggregates,0.1309935003519058,0.1422106762523761
4 km aggregates,0.1465970426797866,0.1056126367704506
4 km aggregates,0.3991808295249939,-0.027491709654453
4 km aggregates,0.4188923239707947,-0.0759410458990308
4 km aggregates,0.4959680736064911,-0.0453107774482373
4 km aggregates,0.399644523859024,0.0443735517315492
4 km aggregates,0.4485222101211548,-0.0406099345481692
4 km aggregates,0.4074795842170715,0.01044895965777
4 km aggregates,0.4938942492008209,-0.0648737106295796
4 km aggregates,0.5296971201896667,-0.0664177108346407
4 km aggregates,0.3564511239528656,0.037126042349905
4 km aggregates,0.4704038798809051,-0.0454881927526878
4 km aggregates,0.4907152354717254,-0.0588873831439494
4 km aggregates,0.3923855423927307,-0.0583643869346971
4 km aggregates,0.3170746564865112,-0.0297994427922148
4 km aggregates,0.3982542157173157,0.0991334662285426
4 km aggregates,0.5158604979515076,-0.0744557679798019
4 km aggregates,0.4741798043251037,-0.0938220073083653
4 km aggregates,0.4623041749000549,-0.0934621488901175
4 km aggregates,0.254866361618042,0.1406189946950833
4 km aggregates,0.2688421010971069,0.0283630496093646
4 km aggregates,0.5397782325744629,-0.1671899597720457
4 km aggregates,0.613258957862854,-0.1628109231471332
4 km aggregates,0.4262736141681671,-0.0446025483746291
4 km aggregates,0.4657805263996124,-0.0894751633153277
4 km aggregates,0.4397335350513458,-0.0297112503780313
4 km aggregates,0.4173842072486877,0.0229135092620314
4 km aggregates,0.3829705119132995,0.0083233698101577
4 km aggregates,0.3462662398815155,-0.0443268190054279
4 km aggregates,0.4042492806911468,-0.0788302006203345
4 km aggregates,0.3363288044929504,0.0246398254095033
4 km aggregates,0.4637861251831054,-0.1143085751883756
4 km aggregates,0.3195027709007263,0.0099489552004424
4 km aggregates,0.3442239761352539,0.0326913680018812
4 km aggregates,0.4013248383998871,-0.0312224572805577
4 km aggregates,0.4253952205181122,-0.1215279092866615
4 km aggregates,0.4926795959472656,-0.1124664432414328
4 km aggregates,0.4370701909065246,-0.031129292376402
4 km aggregates,0.5891383290290833,-0.1424138054484178
4 km aggregates,0.5318264365196228,-0.0525024824758888
4 km aggregates,0.4499844014644623,-0.0071979622581133
4 km aggregates,0.4689068794250488,-0.0199568881294575
4 km aggregates,0.3820805251598358,0.0236863098775021
4 km aggregates,0.5169265270233154,-0.1202668842192122
4 km aggregates,0.5477765798568726,-0.09363734257191
4 km aggregates,0.386438250541687,0.0128255443869465
4 km aggregates,0.530426561832428,-0.0543283276875093
4 km aggregates,0.6266838908195496,-0.1501907158321825
4 km aggregates,0.5128453969955444,-0.0353651617590194
4 km aggregates,0.6343193054199219,-0.2032301430657173
4 km aggregates,0.3768053352832794,0.0983275235848385
4 km aggregates,0.5204768776893616,-0.0904063545077209
4 km aggregates,0.4163505434989929,-0.0276665051108461
4 km aggregates,0.5696264505386353,-0.0508983625660823
4 km aggregates,0.415144681930542,0.0675049530218643
4 km aggregates,0.5850661993026733,-0.0549149465377066
4 km aggregates,0.2781719267368316,0.2470122707447613
4 km aggregates,0.3954164087772369,0.0416672037417977
4 km aggregates,0.6307802200317383,-0.121959041556973
4 km aggregates,0.5266192555427551,-0.0201312400022946
4 km aggregates,0.5116462111473083,-0.0229265058909362
4 km aggregates,0.6233640313148499,-0.1748572540034014
4 km aggregates,0.6186578869819641,-0.1540284348727896
4 km aggregates,0.5381512641906738,-0.078020028339371
4 km aggregates,0.5190403461456299,-0.0552532807890114
4 km aggregates,0.3999833464622497,-0.0090845515097224
4 km aggregates,0.4810720086097717,-0.1178365548607227
4 km aggregates,0.3818815946578979,-0.1093045602958958
4 km aggregates,0.3710072636604309,-0.0675671726515461
4 km aggregates,0.4506906569004059,-0.0285780224170623
4 km aggregates,0.6555570363998413,-0.2194381278865921
4 km aggregates,0.4525642395019531,0.0043873898507019
4 km aggregates,0.5024823546409607,-0.0304113963582777
4 km aggregates,0.4958943128585815,-0.0325513954283879
4 km aggregates,0.6205224394798279,-0.1339305174128365
4 km aggregates,0.5084526538848877,0.003998232896997
4 km aggregates,0.4806103110313415,-0.0258544383547701
4 km aggregates,0.4604629278182983,-0.0393670646229549
4 km aggregates,0.5615642666816711,-0.159797389694824
4 km aggregates,0.5418211221694946,-0.0901772327332238
4 km aggregates,0.5565739870071411,-0.053937432694353
4 km aggregates,0.6545632481575012,-0.1292153189196168
4 km aggregates,0.6353338956832886,-0.1256508635965293
4 km aggregates,0.7199997305870056,-0.2249894570910559
4 km aggregates,0.6205914616584778,-0.0900518056470358
4 km aggregates,0.5809136033058167,-0.0793411594804412
4 km aggregates,0.5475407838821411,-0.0890927163226535
4 km aggregates,0.5619993209838867,-0.0504739710033413
4 km aggregates,0.6195760369300842,-0.0948380303736576
4 km aggregates,0.5060531497001648,0.0142381241666784
4 km aggregates,0.4326116442680359,0.0453586771809036
4 km aggregates,0.5780844688415527,-0.0937845870627673
4 km aggregates,0.6049501895904541,-0.1037010649087858
4 km aggregates,0.495715320110321,0.0330637963283915
4 km aggregates,0.6326344013214111,-0.0991855151019247
4 km aggregates,0.6238537430763245,-0.1723046487816641
4 km aggregates,0.6316611766815186,-0.1486847203018481
4 km aggregates,0.5224696397781372,-0.0567189024024813
4 km aggregates,0.5113944411277771,-0.0783547695035702
4 km aggregates,0.5449565649032593,-0.1184501113977399
4 km aggregates,0.3545700907707214,-0.0189663409303522
4 km aggregates,0.3108237981796264,0.1114474313774582
4 km aggregates,0.3097186982631683,0.0976689936043658
4 km aggregates,0.4352122545242309,0.052867992126019
4 km aggregates,0.4025960564613342,0.0528496201474916
4 km aggregates,0.5461682677268982,-0.101457236148869
4 km aggregates,0.3750702738761902,-0.0285950856464257
4 km aggregates,0.3131631016731262,0.0747612330401067
4 km aggregates,0.3697882890701294,0.0370076044333546
4 km aggregates,0.2451050281524658,0.140144729351044
4 km aggregates,0.3596952259540558,0.0312064291967097
4 km aggregates,0.4842667877674103,-0.0279322024061123
4 km aggregates,0.5035641193389893,-0.0359564128500002
4 km aggregates,0.3903206884860992,0.0795553303199966
4 km aggregates,0.4141579270362854,-0.0493237100291458
4 km aggregates,0.434567391872406,0.014337186479729
4 km aggregates,0.4677863419055938,-0.0175541645997717
4 km aggregates,0.5468828082084656,-0.1427652568695284
4 km aggregates,0.5372520089149475,-0.1176082800394401
4 km aggregates,0.4217332899570465,-0.0034507527716775
4 km aggregates,0.4581345617771148,-0.0392461879077712
4 km aggregates,0.529344916343689,-0.0784572866701675
4 km aggregates,0.5438105463981628,-0.0941246669558456
4 km aggregates,0.6706697940826416,-0.1870439851458004
4 km aggregates,0.55112224817276,-0.1122836413632946
4 km aggregates,0.4692414104938507,-0.0620586314000994
4 km aggregates,0.6187269687652588,-0.1352602802446922
4 km aggregates,0.4913659691810608,-0.0694807788290504
4 km aggregates,0.4164686203002929,-0.0421552685461614
4 km aggregates,0.4538875818252563,-0.1373577935790385
4 km aggregates,0.4543964266777038,0.0072364424343743
4 km aggregates,0.4886871576309204,-0.0508532392311834
4 km aggregates,0.304130882024765,0.105928906268306
4 km aggregates,0.4436367154121399,-0.10358629125358
4 km aggregates,0.3150622248649597,0.0403319370425451
4 km aggregates,0.2191620767116546,0.1300351738557271
4 km aggregates,0.4843585193157196,-0.1260297940157743
4 km aggregates,0.4593749940395355,-0.0905128298991451
4 km aggregates,0.4610721468925476,-0.0170823230560011
4 km aggregates,0.5223331451416016,-0.0206927570152197
4 km aggregates,0.3537136316299438,-0.1408392078652371
4 km aggregates,0.5586260557174683,-0.056220418633874
4 km aggregates,0.5508546233177185,-0.0233339357324415
4 km aggregates,0.5286796689033508,-0.0415924947556983
4 km aggregates,0.5166036486625671,-0.0951347630827031
4 km aggregates,0.3671586811542511,0.0805656860105554
4 km aggregates,0.455546885728836,0.0323085143170522
4 km aggregates,0.4097588062286377,-0.0345055291248865
4 km aggregates,0.5420471429824829,-0.1098624079602448
4 km aggregates,0.4103190004825592,0.025109316084635
4 km aggregates,0.6631170511245728,-0.167089072398341
4 km aggregates,0.5000750422477722,-0.088284804834866
4 km aggregates,0.4663046598434448,-0.0006609172304564
4 km aggregates,0.5904104113578796,-0.1092924709334466
4 km aggregates,0.572098433971405,-0.1280313264110332
4 km aggregates,0.5577625036239624,-0.0767221387803177
4 km aggregates,0.5709928274154663,-0.0862872352722946
4 km aggregates,0.4716427028179168,0.018402208165045
4 km aggregates,0.5367444157600403,-0.0579940773915562
4 km aggregates,0.5291934609413147,-0.0190952915102614
4 km aggregates,0.461832046508789,0.0168612630091079
4 km aggregates,0.4732293784618377,-0.0581038580461735
4 km aggregates,0.4758645892143249,-0.082043138633451
4 km aggregates,0.4482895135879516,-0.0255950914343918
4 km aggregates,0.3695334792137146,0.0383020379779792
4 km aggregates,0.4124952256679535,-0.0130460431963674
4 km aggregates,0.4495960175991058,-0.1462297080304892
4 km aggregates,0.4677602648735046,-0.244536155412312
4 km aggregates,0.4639921486377716,-0.0686860508713739
4 km aggregates,0.3911720216274261,-0.0056608478420798
4 km aggregates,0.4436764419078827,-0.0179600160157417
4 km aggregates,0.4869885146617889,-0.0638555482354956
4 km aggregates,0.5136639475822449,-0.1372351581882709
4 km aggregates,0.6712012887001038,-0.1944859521924354
4 km aggregates,0.607591986656189,-0.0932488160684377
4 km aggregates,0.5796621441841125,-0.0982878074176081
4 km aggregates,0.5846843123435974,-0.0735356913310039
4 km aggregates,0.3967447280883789,0.0597012007043364
4 km aggregates,0.5858547687530518,-0.126157203163199
4 km aggregates,0.4174955487251282,0.0465146120940734
4 km aggregates,0.4814622104167938,-0.0590884806942732
4 km aggregates,0.3763082325458526,0.0769362588473761
4 km aggregates,0.4305702745914459,-0.0363374808067982
4 km aggregates,0.5601093173027039,-0.0893165465898574
4 km aggregates,0.5872049331665039,-0.1107507210837089
4 km aggregates,0.4532254040241241,0.0250166946288414
4 km aggregates,0.4983091056346893,0.0256518609432162
4 km aggregates,0.5301499366760254,-0.035226694926468
4 km aggregates,0.436931163072586,0.0716956386647637
4 km aggregates,0.6790217161178589,-0.1994114795790335
4 km aggregates,0.6117485761642456,-0.0704612874871496
4 km aggregates,0.5686048269271851,-0.0264390487911991
4 km aggregates,0.3905282914638519,0.1228462058634157
4 km aggregates,0.6598024964332581,-0.1307276705195464
4 km aggregates,0.6629730463027954,-0.1288699335148546
4 km aggregates,0.5813692212104797,-0.049229546956006
4 km aggregates,0.5360630750656128,-0.0295087496231389
4 km aggregates,0.5313565731048584,0.0028408678535518
4 km aggregates,0.6065770983695984,-0.0919222245452708
4 km aggregates,0.5190481543540955,-0.0543654967205503
4 km aggregates,0.4937610924243927,-0.0423964517304029
4 km aggregates,0.5025338530540466,-0.0317409947841113
4 km aggregates,0.4707083702087402,-0.0965470467466803
4 km aggregates,0.4089097082614898,0.032751505609376
4 km aggregates,0.4589874148368835,0.0054122290995567
4 km aggregates,0.3942417204380035,-0.0113202810432111
4 km aggregates,0.3908011019229889,0.0109837534527844
4 km aggregates,0.4769202768802643,-0.0131772235536792
4 km aggregates,0.4304012358188629,-0.00954580438971
4 km aggregates,0.4713103771209717,-0.0478036878534463
4 km aggregates,0.4149342775344848,-0.0551537681430592
4 km aggregates,0.3164078891277313,0.0798399726871533
4 km aggregates,0.3405176997184753,-0.0660688990951117
4 km aggregates,0.2406573891639709,0.0098193020108523
4 km aggregates,0.3279432356357574,-0.0954389357264606
4 km aggregates,0.3533347845077514,0.0215621644297675
4 km aggregates,0.4026054739952087,-0.0290938533186753
4 km aggregates,0.428983986377716,0.0429306533155378
4 km aggregates,0.4570243954658508,0.0065261490078824
4 km aggregates,0.5523598790168762,-0.1058872863667469
4 km aggregates,0.4422333538532257,0.0153272350529089
4 km aggregates,0.4700492918491363,-0.0165480830711768
4 km aggregates,0.4540048837661743,-0.0276612864460572
4 km aggregates,0.4726006686687469,-0.0238761660628361
4 km aggregates,0.5025468468666077,-0.0977159679241913
4 km aggregates,0.4151841700077057,0.0194025478207328
4 km aggregates,0.383800745010376,0.0145878000716579
4 km aggregates,0.3296726644039154,-0.0121071925384894
4 km aggregates,0.5552958846092224,-0.1412421213334038
4 km aggregates,0.6520251035690308,-0.2138482824233636
4 km aggregates,0.5344136953353882,-0.0868075886120242
4 km aggregates,0.4952732920646667,-0.1092210154697583
4 km aggregates,0.5263030529022217,-0.0776813423187098
4 km aggregates,0.5268121361732483,-0.136813982623109
4 km aggregates,0.5138016939163208,-0.1089889684770084
4 km aggregates,0.3754658102989197,-0.081839818273561
4 km aggregates,0.3096306324005127,0.1194823372709379
4 km aggregates,0.2497509717941284,-0.0210740695058975
4 km aggregates,0.2826307415962219,-0.0452345979429388
4 km aggregates,0.3244962692260742,-0.0991621798502489
4 km aggregates,0.3480568826198578,0.0388167670262644
4 km aggregates,0.21187424659729,0.2585683541312453
4 km aggregates,0.4561381936073303,-0.1597090905657053
4 km aggregates,0.3714079260826111,0.0424503805850285
4 km aggregates,0.4779044687747955,-0.0958642039229533
4 km aggregates,0.341974139213562,-0.0576614488087696
4 km aggregates,0.4143014252185821,-0.0462971746211841
4 km aggregates,0.4375272691249847,-0.0844647816812728
4 km aggregates,0.4763641059398651,-0.0238701830986054
4 km aggregates,0.5053702592849731,0.0205608001651577
4 km aggregates,0.4040152132511139,0.0527559609412648
4 km aggregates,0.307467371225357,0.0725570375824478
4 km aggregates,0.4894208312034607,-0.1034209137477299
4 km aggregates,0.2685115039348602,0.1152637630054412
4 km aggregates,0.474124014377594,0.0375756325813064
4 km aggregates,0.4863782227039337,-0.1143510740987462
4 km aggregates,0.5480530261993408,-0.0200939694555082
4 km aggregates,0.2315487116575241,0.1962901564415732
4 km aggregates,0.4293683171272278,0.0156902869081408
4 km aggregates,0.3429338932037353,0.0842596499642818
4 km aggregates,0.4445225596427917,-0.0499473884547474
4 km aggregates,0.3629818856716156,0.0071354385242238
4 km aggregates,0.3691641688346863,0.0563899845859786
4 km aggregates,0.4794825911521911,-0.0625030785642173
4 km aggregates,0.4103684723377228,-0.0213600057494092
4 km aggregates,0.4026139378547668,-0.0430696283035669
4 km aggregates,0.3902010023593902,-0.0075355507069209
4 km aggregates,0.3441839814186096,-0.0005811618624518
4 km aggregates,0.0647851377725601,0.0055824479271169
4 km aggregates,0.1213029325008392,-0.0474748571612401
4 km aggregates,0.0770827382802963,-0.0039236720643319
4 km aggregates,0.095162808895111,-0.0227944999349327
4 km aggregates,0.0574607551097869,0.0181222853345464
4 km aggregates,0.0963615179061889,-0.0146167932571769
4 km aggregates,0.1449387073516845,-0.0708725205087515
4 km aggregates,0.0285177528858184,0.0426730007853954
4 km aggregates,0.0982454270124435,-0.0433609699472815
4 km aggregates,0.0493338108062744,0.0146316589225335
4 km aggregates,0.1318769454956054,-0.0568652004636653
4 km aggregates,0.0940219759941101,-0.0062434004902512
4 km aggregates,0.095225766301155,-0.0251785082113134
4 km aggregates,0.1040989458560943,-0.0365414611469495
4 km aggregates,0.1196437776088714,-0.0352515454834625
4 km aggregates,0.1193276792764663,-0.0431038084982842
4 km aggregates,0.1269480735063552,-0.0574019776006773
4 km aggregates,0.0758067220449447,0.0255097116559142
4 km aggregates,0.044614166021347,0.0414454741198703
4 km aggregates,0.0901609510183334,-0.0183656302409343
4 km aggregates,0.1055751889944076,-0.0311837275661149
4 km aggregates,0.0682471096515655,0.0109308789355837
4 km aggregates,0.0572101175785064,0.0254102801097016
4 km aggregates,0.0863793939352035,0.0353439412959184
4 km aggregates,0.110693484544754,0.0118909308774096
4 km aggregates,0.0879855453968048,0.0381319882705449
4 km aggregates,0.133828267455101,0.0090035350741508
4 km aggregates,0.0715071260929107,0.0064296969801694
4 km aggregates,0.0913103520870208,0.0016445547355926
4 km aggregates,0.0350945889949798,0.0557289593904549
4 km aggregates,0.0762852579355239,0.0185954524651665
4 km aggregates,0.0761327594518661,0.0027872275799148
4 km aggregates,0.0816888213157653,0.0305524605987337
4 km aggregates,0.1131401658058166,-0.0102725415318501
4 km aggregates,0.1023572087287902,0.0015729645978365
4 km aggregates,0.0766040235757827,-0.0036759621461011
4 km aggregates,0.0951584726572036,-0.005201155738209
4 km aggregates,0.0782156884670257,0.0201382219443291
4 km aggregates,0.0533256828784942,0.0222670326241655
4 km aggregates,0.0305890440940856,0.0620837100094641
4 km aggregates,0.0964504033327102,0.0050072015811936
4 km aggregates,0.1067752540111541,-0.0133720111146955
4 km aggregates,0.0825302302837371,0.0014531977934767
4 km aggregates,0.0852539837360382,-0.0042139769100944
4 km aggregates,0.074132815003395,0.0073111656380046
